"Year","scenario","Zoop_Mean","Zoop_SD","Zoop_Min","Zoop_Max","Zoop_Q25","Zoop_Q75","Fish_Mean","Fish_SD","Fish_Min","Fish_Max","Fish_Q25","Fish_Q75","TCB_Mean","TCB_SD","TCB_Min","TCB_Max","TCB_Q25","TCB_Q75","n_models"
1970,"historical",0.342490070691836,1.41309918689953,-0.992629435948616,1.82241749893348,-0.397473643428985,1.01004982401206,0.778372795800998,2.26555035311917,-1.4887221798647,3.04237536058379,-0.353628486590399,1.91192028363385,0.60514158842994,1.931420181242,-1.29909221685595,2.56264604202708,-0.373610638368632,1.55725849107288,3
1971,"historical",0.667890301112854,0.473630828069032,0.374671225841369,1.21430365528873,0.394683624024915,0.814499838748596,0.809453252534463,0.668032993380658,0.371026408969035,1.57830701797479,0.425026369814298,1.02866667431718,0.753771361965518,0.591505810695457,0.372419629283479,1.43516839768055,0.413072844108004,0.944447228306537,3
1972,"historical",-0.606808999207243,2.94240752876825,-3.70980623091076,2.1431545516269,-1.98179077462431,0.944689616644515,-0.437882031216616,3.00577751200863,-3.56634410655917,2.42797961229269,-1.87081285297127,1.12634900645466,-0.503268136033055,2.98205409852151,-3.62275833963832,2.31910608737141,-1.91445524773529,1.05647696576958,3
1973,"historical",1.25337324237732,2.20866145532816,-1.20626841854287,3.06698136214032,0.346569182495827,2.48319407283742,1.55497966157471,2.41414552121641,-1.21975456247921,3.1741572285151,0.745390878104508,2.94234677360166,1.43677042417751,2.32577489721179,-1.21445063786959,3.13318957513714,0.588560848697691,2.76238095520105,3
1974,"historical",0.774829029755601,1.15120750946729,-0.355017888143776,1.9462697485082,0.189108670379302,1.33975248870529,1.24198602987758,0.9584519422506,0.33054845796602,2.24138789445998,0.742285097586387,1.69770481583337,1.05935268460263,1.03564442663468,0.0609241508376377,2.12857986856893,0.524739092619474,1.55856695148512,3
1975,"historical",0.927454479928886,0.992934290895927,-0.15912945013503,1.78763763801003,0.497362900888311,1.47074644496084,0.992108836219155,0.952238280976277,0.115662637174938,2.00534436073081,0.485491073963325,1.43033193574126,0.965586331954328,0.956077861999009,0.00759049132685064,1.91973460237836,0.488512196742312,1.44458425226807,3
1976,"historical",1.86485289522769,0.766571111700308,1.09240246039503,2.62540619546519,1.48457624510894,2.25107811264402,2.01879104041365,1.08316443633586,0.976410273641855,3.13858559095926,1.45889376514084,2.53998142379955,1.95783132747249,0.958704957324074,1.02074793903418,2.93678583259326,1.4683540749121,2.42637302169164,3
1977,"historical",0.397928390774988,1.34795932724283,-1.09387240722801,1.52839625097044,-0.167305539322736,1.14382878977649,0.68269347371279,1.43903886890261,-0.812139096846681,2.05855192475515,-0.00523575180839125,1.43010975899252,0.570864433810517,1.39890832134794,-0.922941135245435,1.85007651088334,-0.0687416047258925,1.31776721833849,3
1978,"historical",0.520450781597509,0.680505205820139,0.0699355765785179,1.30326050963728,0.129045917577621,0.745708384107004,0.880900820325005,1.04618315351118,-0.141806242596539,1.94907738316863,0.346812538903192,1.39225435178578,0.737939689851826,0.873353826674553,-0.0156790664604208,1.6950860254455,0.259366522054989,1.11474906800795,3
1979,"historical",1.02702214805373,1.16269068065423,-0.259874607906116,2.00178936568093,0.539638539240123,1.67047052603365,1.14741898139028,1.56166292761995,-0.562877246257057,2.49749760525954,0.472379669455657,2.00256709521395,1.10069719497835,1.40481659844151,-0.443710258427177,2.30256810527312,0.49976173983096,1.87290092168111,3
1980,"historical",0.7709573829428,0.983918488728682,-0.327332393107242,1.57192615452555,0.370472997151427,1.32010227096782,1.06605506970954,1.45238413861376,-0.594460287990718,2.09987169881249,0.549146755158062,1.89631274855967,0.950459737927416,1.24718470993037,-0.489402369116329,1.69421378892595,0.578582712428149,1.67039079144929,3
1981,"historical",-0.964494537566527,1.610553650689,-1.90339920237114,0.895183166692364,-1.89433338969597,-0.49504220516422,-1.15257563101955,1.53958725040329,-2.08752025843444,0.624376659379171,-2.04105177621892,-0.68510331731211,-1.07960395311624,1.56553077993568,-2.00797691532776,0.7278916343392,-1.98335174684395,-0.615417472010472,3
1982,"historical",-0.0102425901856334,0.969415228662936,-1.09315199608025,0.776663328958166,-0.403695549757533,0.531212112761676,0.687114273771733,1.77903610195857,-1.28873079675696,2.16185982104612,-0.0502584998654614,1.67503680903608,0.412157482627132,1.46179044274547,-1.21397138696424,1.61715299951905,-0.190340275818827,1.22522191742282,3
1983,"historical",-0.378919042862127,1.38718309667492,-1.76377700368492,1.01057755619176,-1.07366734238907,0.313509937549271,-0.459339070586753,1.62416005077488,-2.30966490168331,0.730619255827522,-1.05431823379389,0.465823844961527,-0.428750741804176,1.50665497798426,-2.09500303708345,0.837632476224556,-1.06194235081854,0.404375405835463,3
1984,"historical",-0.711279025877244,2.76351182981815,-3.7246514971797,1.70463072214166,-1.9192338998867,0.795407209773986,-0.937336150664208,3.23290084827206,-4.43287551217744,1.94513671764499,-2.37857258481881,0.810433530092407,-0.849217720580085,3.0478944959299,-4.15437751254921,1.85054884476328,-2.19910100325177,0.803362175404474,3
1985,"historical",1.5243297368802,0.74582395030745,0.730644104185617,2.21065606259005,1.18116657402527,1.92117255322749,2.24009674905318,0.731394482177866,1.66024340077515,3.06178037841544,1.82925493437205,2.53002342319219,1.95996022227702,0.721583346554325,1.29469303948609,2.72704427995213,1.57641819343946,2.29259381367248,3
1986,"historical",0.410751991143289,2.17809843596155,-1.37723027940814,2.83655654419659,-0.802150285383362,1.304743126419,0.547296523533,2.77613270821649,-1.55354147409357,3.69456377494487,-1.02633710217293,1.59771552234629,0.492941742962576,2.54004904112972,-1.48614704888529,3.35712071576559,-0.93914774343893,1.48248613888651,3
1987,"historical",0.155237137974648,1.68041229616264,-1.75353163198432,1.41167585948418,-0.472982222780119,1.10962152295413,-0.094247967341081,2.02108271171877,-2.35676637713845,1.53252426625058,-0.907634084136911,1.0370112375576,0.00430541048620266,1.88668053122993,-2.11955376322813,1.4863303253276,-0.736707046934494,1.06623499734337,3
1988,"historical",-0.108208206215922,2.44344642429945,-2.85750841207368,1.81547897376208,-1.07005179620492,1.26644189671296,-0.348070356394542,2.4180847201417,-2.94415020642457,1.84014414306294,-1.44217760612328,0.94996956862047,-0.253646451919816,2.42161817321246,-2.9100796780325,1.83071595609692,-1.29582765592818,1.07457016113653,3
1989,"historical",0.563187189770392,1.87061941575643,-1.0757529036896,2.60110851830937,-0.455773474499095,1.38265723650038,0.8294466584785,2.38753424973759,-0.989447467901484,3.53306147063605,-0.522360747600275,1.73889372166849,0.72393894589719,2.17981056809913,-1.0233902707503,3.16658557109818,-0.497384366703305,1.59760355422094,3
1990,"historical",-0.675966886830712,0.928367660204638,-1.74733059230122,-0.108640595971024,-0.959630032260556,-0.140285034095458,-0.679865349644614,1.11063165240163,-1.92121291559655,0.219725683954672,-1.12966086644426,-0.0591915666686449,-0.679179625812291,1.02863045668912,-1.85283641581263,0.0656928165071259,-1.051615846972,-0.0923512308121213,3
1991,"historical",-0.0575832964080041,1.0140666934335,-1.02098484132843,1.00050654271192,-0.586628215967968,0.424117476052208,-0.0371082898517184,1.45828004533516,-1.52977451876111,1.38416284948213,-0.747743859518644,0.709224824602975,-0.0437579180991503,1.28361254430734,-1.32970094825822,1.23751137724611,-0.684392565771779,0.599213596980382,3
1992,"historical",-0.827817280194198,1.8014705699453,-2.84321844419628,0.625881985082174,-1.55466691283238,0.179883301806844,-0.865220542469255,2.1432746933671,-3.29631198144069,0.751538614911663,-1.67360012115971,0.350325177016464,-0.850055860742178,2.00851981901877,-3.11814004559148,0.703506745148214,-1.62683716368737,0.28398623168247,3
1993,"historical",0.630111479792602,1.26871558699484,-0.114057080578665,2.09503568695742,-0.102350623789807,1.00219575997824,1.0357986066666,1.68110952427011,0.00665976277885466,2.9757746943002,0.0658105628498025,1.55036802861048,0.876706835499364,1.51843196194099,-0.0394838884257897,2.62943787636511,0.000341315066489614,1.33480219746194,3
1994,"historical",0.589479099387115,0.955194909675128,-0.501202851354246,1.27697132242922,0.245732987866065,1.1348200747578,0.732586404218217,1.19987144366221,-0.501402232279158,1.89514970533025,0.151304753662203,1.3495807224669,0.676314277764181,1.09079763222356,-0.501326019518774,1.65206073996678,0.188441046662879,1.26513442640566,3
1995,"historical",-0.224400431809919,0.553753229793235,-0.838794837977167,0.236199100979729,-0.454700198204743,0.0827967712737049,-0.277960223594896,0.571167767890486,-0.905283339335206,0.212001931042266,-0.522941300913477,0.0357013342752585,-0.256986067385065,0.564134301071384,-0.879137777712944,0.2212512266557,-0.496104714405448,0.0540897877788743,3
1996,"historical",0.0566505787763827,1.10630967024307,-0.640017274997893,1.33229864478332,-0.581173454227084,0.404984505663521,-0.244437080375395,1.19926493203145,-1.01773700088836,1.13707055910027,-0.935190900113226,0.142212879881085,-0.126747460696594,1.16143597170564,-0.869184756514285,1.21169590913886,-0.795969145614321,0.244471187212252,3
1997,"historical",0.991496109941842,1.59799093580534,-0.335885130148089,2.76519542973155,0.104646450046989,1.65518672998681,0.776317039548418,1.74475778282418,-0.607395942148174,2.73631528467294,-0.203682083013841,1.46817353039671,0.859944499713839,1.68783233985675,-0.503611748834591,2.74767194931218,-0.0839192250853324,1.54172262398805,3
1998,"historical",-0.600412354846615,1.97141355798509,-2.81527684670638,0.962270238289654,-1.38175365141475,0.507019891083265,-0.589539320057967,2.00490012621365,-2.87721611258075,0.861749374310347,-1.31518366724212,0.554299076203422,-0.594045242115789,1.99063630627962,-2.85354001402743,0.901277629419325,-1.34170667788335,0.535702143840033,3
1999,"historical",0.118442982191487,0.487776798892259,-0.198032956478305,0.680176231201231,-0.162423642313386,0.276680951526383,0.149428755560632,0.63428595840543,-0.420641616160951,0.832689386984872,-0.192201560151488,0.434463941421423,0.137806561873662,0.572030788159671,-0.333092532154297,0.774391690749074,-0.180486002564044,0.373256108887641,3
2000,"historical",-1.54408122166626,1.76555540020084,-3.14794031000541,0.347762488730311,-2.49000307686454,-0.742151677496685,-1.70874446333125,2.07938682786171,-3.6670657216331,0.473571586722176,-2.79990248835797,-0.72958383418033,-1.64353068794768,1.95618565470833,-3.46292778556642,0.425481436461081,-2.67803675015206,-0.733832139138312,3
2001,"historical",-1.22195415336726,0.426060862509663,-1.52357116304269,-0.734547604613187,-1.46565742774429,-1.07114564852954,-1.4223352236835,0.661454217485922,-1.8436676905591,-0.659961734450286,-1.8035219683001,-1.2116689902457,-1.34440913222558,0.567348605019859,-1.67222446464981,-0.689291459510465,-1.67196796858313,-1.18050146601346,3
2002,"historical",-0.916283545538826,0.994769451027157,-2.05604354694782,-0.222804940117296,-1.26302284824959,-0.346403544834329,-1.10275080660754,1.07058911851644,-2.31471823185479,-0.285787756629562,-1.51123233159654,-0.496767093983922,-1.03029509764766,1.03959034895566,-2.21299846413231,-0.261017435916667,-1.41493392851315,-0.438943414405333,3
2003,"historical",-1.92053717464512,2.4263402654225,-4.71068343946691,-0.305373267129258,-2.72811912840306,-0.525464042234233,-2.06601657927723,2.42860163330639,-4.86612448016246,-0.533099161889917,-2.83247528797089,-0.665962628834622,-2.00900019044358,2.42719053023011,-4.80499972587976,-0.443537536033504,-2.79173151764861,-0.611000422725485,3
2004,"historical",-1.19006790015296,1.54756525842395,-2.94670076244531,-0.0277814540109948,-1.77121112322394,-0.311751469006779,-1.19990432711437,1.76591146607739,-3.22085328568476,0.0456601055153712,-1.82268654342925,-0.189429847829181,-1.19704166325008,1.68126285138546,-3.11605930617546,0.0167764975114378,-1.80395074363084,-0.237532841787389,3
2005,"historical",0.266230646018163,2.12274319126304,-1.41312191251682,2.65215072694182,-0.926729394443667,1.10590692528565,-0.163245843834319,2.33093252234394,-1.80886378521348,2.50406919000033,-1.49690336075164,0.659563126855263,0.00420273790550404,2.24819728888332,-1.65759264166058,2.56229993471775,-1.27484586050062,0.835100427688547,3
2006,"historical",-2.45728071186073,0.499626967484249,-2.91303486811255,-1.92306522864675,-2.72438845346772,-2.22940363373483,-3.0219989443281,0.992218660232012,-4.15371047101672,-2.30148344161157,-3.38225669568636,-2.45614318098379,-2.80020061340466,0.779807016352859,-3.66583422525362,-2.15265649137638,-3.12397267441879,-2.36738380748017,3
2007,"historical",-1.22485872873311,2.23828528153935,-3.47198390398588,1.00448066124292,-2.33952842372113,-0.10129614110673,-1.68155793451659,2.6808677694015,-4.35524414719566,1.00643413626511,-3.02555396990745,-0.344714828177061,-1.50375832990676,2.50679502570688,-4.00791589275083,1.00566586000367,-2.75847042486197,-0.251679548484719,3
2008,"historical",1.12282450252896,0.808131676158178,0.255353202813551,1.85438050786589,0.757046499860502,1.55656015238667,1.34003080743467,1.39429239426471,-0.127816979518621,2.64677093362184,0.686660744341094,2.07395470091132,1.2532102383784,1.16577812994914,0.0186486731094179,2.33517581142266,0.712227451856267,1.87049102101289,3
2009,"historical",-1.42818385259299,1.27860668590007,-2.85405258428745,-0.383573700456857,-1.95048892866105,-0.715249486745756,-2.24108185117502,1.71221639703292,-3.96107593123959,-0.536750597886207,-3.09324747781943,-1.38108481114274,-1.92196277476157,1.53006808550534,-3.52575634147828,-0.478199188397672,-2.64384456794351,-1.12006599140321,3
2010,"historical",-0.739076925056729,0.59108549925271,-1.42044198499816,-0.363922540696112,-0.926654117237037,-0.398394395086011,-1.17067502682067,0.753136710403963,-2.01577204371167,-0.570438087154812,-1.4707934966536,-0.748126518375169,-1.00170353825245,0.686084431061952,-1.78166782391789,-0.491498139098813,-1.25680623782927,-0.611721395419731,3
2011,"historical",0.598674849948661,2.31529358055133,-1.71402584658297,2.91655263238845,-0.560264041271232,1.75502519821448,0.965565178879109,3.48818339065745,-2.09432237684441,4.76382098920129,-0.933562726281984,2.49550895674087,0.819904915226978,3.01829583842921,-1.94895516909903,4.03741164518805,-0.788848449753558,2.20433495738998,3
2012,"historical",0.450142510053164,1.20418054735034,-0.529807210590125,1.79441515181598,-0.221993810828244,0.940117370374809,0.167550429179013,1.3446520336573,-0.806184937590814,1.70178083304091,-0.599564772751935,0.654418112563927,0.277671518959776,1.2889339908721,-0.70054038061974,1.73820782779039,-0.452596635455533,0.766777468749534,3
2013,"historical",-0.864494156300227,0.537278479738389,-1.43962975494763,-0.375475501514539,-1.10900348369307,-0.576926356976526,-1.16576941052966,0.703074626276363,-1.94016914789459,-0.567518090322936,-1.46489507063303,-0.7785695418472,-1.04912746527095,0.640439824056525,-1.74883946663442,-0.491990243542786,-1.32769607613503,-0.699271464589216,3
2014,"historical",-0.308784996313107,1.6700745904477,-2.23720075484984,0.66308018858023,-0.794717588759775,0.655422882955261,-0.56247522330139,1.86557192808458,-2.71528829310332,0.580305506319267,-1.13386558811172,0.513931311599576,-0.464462972650457,1.79153075004038,-2.53254076594078,0.61285535345995,-1.00312213570566,0.569575923994702,3
2015,"ssp126",-0.545176110979504,1.84509015214708,-2.3714696869433,1.31815302810411,-1.47684068052131,0.367970677002392,-0.737248013871585,2.5020886583901,-3.03548348984309,1.92812594493699,-2.06993499327587,0.411869724114165,-0.664141500373096,2.24420249710738,-2.78166620582637,1.68826365056689,-1.84034407584309,0.394620852353541,3
2015,"ssp585",-1.0095700101925,2.442967280369,-3.83008564683306,0.440785071788117,-1.7347475511828,0.400687808127786,-1.73516390984718,2.5426204752862,-4.6668460725541,-0.132032428267898,-2.53672965063682,-0.269322828493719,-1.45288519829226,2.50728338655903,-4.34699691022992,0.0616838388628441,-2.21016971686982,-0.00582934232343201,3
2016,"ssp126",0.539473584697303,1.53551745775688,-0.38462266650377,2.31199813204805,-0.346788688978072,1.00152171029784,0.567554068573199,2.36037932770748,-1.08239022927313,3.27126340805072,-0.784300601165563,1.39252621749636,0.556153365024274,2.03142147749274,-0.77820812234179,2.89404736507252,-0.612793634999849,1.22333410870731,3
2016,"ssp585",-0.437118786929059,2.58597561064584,-3.33651427303586,1.63096331897056,-1.47115983987887,1.01257895612434,-0.697879604873176,2.80491690603897,-3.88739332131888,1.38453547304537,-1.73908714383245,0.896877253349676,-0.597352739165807,2.72083496832039,-3.67682145783306,1.48145233250287,-1.63675527500014,0.942381620167822,3
2017,"ssp126",-0.662783665470499,1.69988943536736,-2.5407383070193,0.770752919384099,-1.3795519578978,0.276193655303902,-1.10790818853585,1.43938760164753,-2.7242173323041,0.0356494715943239,-1.67968701860093,-0.299753616651722,-0.933534612727333,1.54227152417369,-2.65408302535378,0.324717387103972,-1.56266061264299,-0.0732604064141115,3
2017,"ssp585",0.819789003370014,6.30609189939748,-4.56292199903425,7.75809773507675,-2.64936536248336,3.51114450457215,0.694261863624525,7.14010007670063,-5.32259458995162,8.58419681662887,-3.25070561287765,3.7026900904126,0.740848957543942,6.81551844446566,-5.032212021206,8.25934629358111,-3.01839971047464,3.62737944691891,3
2018,"ssp126",-2.83177088409383,1.76058942588007,-4.44484856275879,-0.953709563212149,-3.77080154453468,-2.02523204476135,-3.26363297309914,1.70335997448287,-4.91833043655667,-1.51545991991123,-4.1377194996931,-2.43628424137038,-3.09553421820148,1.72691827128191,-4.73734341081458,-1.29453082739732,-3.99603591360356,-2.27462962189493,3
2018,"ssp585",-0.585356253579132,2.13823222895103,-2.9951472833694,1.08506848647986,-1.42056862360863,0.619539261316003,-0.916251066770649,2.50906346315045,-3.72871028905744,1.09243543440473,-1.92059431735834,0.489978544372745,-0.788813824112257,2.36762534252415,-3.44830803093302,1.08953849753589,-1.72798998493633,0.540933279298124,3
2019,"ssp126",-2.15255476624793,2.37895644980065,-4.80323317828773,-0.202826453173986,-3.1274189227849,-0.827215560228028,-2.34825450902323,2.76931665040841,-5.5029693731947,-0.318188225068062,-3.36328765100082,-0.770897076937502,-2.27385937237793,2.61707964542163,-5.23549731200581,-0.272817943996742,-3.27438008656852,-0.793040402563987,3
2019,"ssp585",-0.00307073931666602,2.85130210698289,-3.24924548449009,2.0961320059832,-1.0526721119666,1.62001663327004,-0.299325439251682,3.23161834342541,-3.99793063558826,1.97845915245615,-1.4382177351056,1.54997715891661,-0.185569544481919,3.086332741269,-3.71174798274955,2.0247321587703,-1.29072039610803,1.57751967465189,3
2020,"ssp126",-2.06833167820802,1.35683650116842,-2.86752436952711,-0.501699098102616,-2.85164796826072,-1.66873533254847,-2.59400227297981,1.29744720854929,-3.46475676359787,-1.10282712003233,-3.33958984945354,-2.15862502767078,-2.38946733136976,1.32177156049727,-3.23646647275174,-0.866411305096326,-3.15099534450648,-1.96596776067877,3
2020,"ssp585",-1.92671097334877,3.16639715675333,-5.52102329047074,0.450755601743372,-3.11544426089484,-0.129554814787784,-2.23331625552428,3.35943688202962,-5.91037242209298,0.675379863754983,-3.68766431516391,-0.394788172239926,-2.11416125443534,3.27835258708954,-5.76154488463658,0.587049891439081,-3.46476682737256,-0.290469439334724,3
2021,"ssp126",-1.74750648412865,1.57893207349175,-3.47866203153265,-0.386598673259286,-2.42796038956333,-0.88192871042665,-2.25443019927627,1.76620787672808,-4.16489397755137,-0.681066950522959,-3.04111182365293,-1.29919831013872,-2.05615938859092,1.69085327867916,-3.89504401454523,-0.568507334988238,-2.79998541539227,-1.13671707561377,3
2021,"ssp585",-1.7982863311969,3.04718466510222,-3.70647809327737,1.71597312519947,-3.55541605939508,-0.844190450156664,-1.98329624034035,4.08914899008075,-4.72056639003073,2.71725323298343,-4.33357097700224,-0.614661165495159,-1.9125120580953,3.68004784210919,-4.32173868220836,2.32351551556605,-4.03052584492598,-0.70789874603877,3
2022,"ssp126",-1.64793902194603,1.41559752557579,-3.16636046521856,-0.364597023935299,-2.2896100209514,-0.888728300309763,-2.0420145819238,1.47998781132768,-3.71613699902752,-0.907716900018487,-2.60916342287645,-1.20495337337194,-1.88905453948171,1.45265747069806,-3.50598656839169,-0.69411493267057,-2.48652434288728,-1.08058852502672,3
2022,"ssp585",-0.983700572780121,3.04975660018624,-3.96276587917117,2.13214470275234,-2.54162321054635,0.505832080415405,-1.53764590030422,3.78893353410493,-4.71842666244089,2.65428107156594,-3.6336093862393,0.0527444807641146,-1.32255808687812,3.48708112116838,-4.42957759513255,2.44895912375228,-3.20831669219332,0.230951667249092,3
2023,"ssp126",-1.64561125494798,2.07995195778751,-4.0454082296082,-0.362460097913842,-2.28718683346506,-0.445712767617876,-2.06610489060684,2.27238100164873,-4.68789240178354,-0.663624556675723,-2.7673450575724,-0.755211135018491,-1.90310013502004,2.20078850063905,-4.4423047545191,-0.545180500916372,-2.58205995207188,-0.633497825270516,3
2023,"ssp585",-1.38761872944083,0.232724638338304,-1.65610015098003,-1.24342553124784,-1.45971532853733,-1.25337801867123,-1.66559846208124,0.594937198552719,-2.1864705464129,-1.01725847040632,-1.9897684579187,-1.40516241991541,-1.55677237407699,0.385255852531713,-1.81558323514453,-1.11402244374301,-1.77814733924399,-1.42736694354323,3
2024,"ssp126",-3.37108192454227,2.56528560967109,-5.98478067775903,-0.857118477201359,-4.62806364821273,-2.06423254793389,-3.82076290280093,3.45731006200933,-6.84657682796468,-0.0525665058925406,-5.70486110125512,-2.30785594021905,-3.64706652124027,3.09434978109198,-6.51715783506723,-0.368943965370785,-5.28612779917502,-2.2120208643268,3
2024,"ssp585",-3.33070433675777,2.38838325311469,-6.00713311551202,-1.41636382581459,-4.28787459222936,-1.99248994738065,-3.88498242636646,2.01335352085183,-6.20602985905942,-2.60980047299137,-4.522573403054,-2.72445871001998,-3.66799100838865,2.1509642703781,-6.12781683036016,-2.14043739686814,-4.4317678141489,-2.43807809740289,3
2025,"ssp126",-0.224674829608238,3.53684178085381,-2.97440373810896,3.76524086316685,-2.21963267599578,1.15018962464212,-0.446253788711814,4.53352994207187,-3.63085101493329,4.74419005711523,-3.04147571162534,1.14604482439892,-0.362725525809199,4.14051211600099,-3.37267885816917,4.35923362175179,-2.7237050995897,1.14225114037078,3
2025,"ssp585",-3.0291037710168,0.610332065559064,-3.54469152339999,-2.35521833946277,-3.36604648679382,-2.77130989482521,-3.87909241491324,0.0669995551840774,-3.95115564886033,-3.81868646451948,-3.90929539011012,-3.84306079793969,-3.5473126079548,0.279009353522031,-3.79131999874939,-3.24312352817941,-3.69940714784249,-3.4253089125575,3
2026,"ssp126",-2.46969018147212,1.50735602124341,-4.1180242803345,-1.16140723819484,-3.12383165311076,-1.64552313204093,-3.28664101838995,1.59245129041435,-5.0273196372534,-1.90304780325848,-3.97843762595568,-2.41630170895822,-2.96870513287446,1.56446786677218,-4.67974421509459,-1.61137023677893,-3.64737258092223,-2.1131855917644,3
2026,"ssp585",-2.87157767658841,2.70426978507189,-5.96361085119924,-0.947972416541956,-3.83338030661164,-1.325561089283,-3.24521618807516,3.12604513141495,-6.85425946333834,-1.38357063600025,-4.17603896411262,-1.44069455044357,-3.10154300633546,2.96078170630814,-6.51381170342857,-1.21225553458921,-4.04618674220858,-1.3954086577889,3
2027,"ssp126",-4.55980525914407,4.99120880474036,-9.96824775878697,-0.131134059756078,-6.77414085883806,-1.85558400932262,-5.29946751711936,5.08237813741992,-10.9358952893832,-1.06577526387493,-7.41631364374157,-2.48125363098743,-5.00975041359632,5.04313940049265,-10.5553830560934,-0.698193061941972,-7.16552908942349,-2.23693409234777,3
2027,"ssp585",-1.49453779390389,5.3972253561886,-6.27745879048143,4.35709489675601,-4.42035413923384,0.896922704384886,-1.83554012434896,6.48750608213125,-7.11846173388426,5.40546300725064,-5.45604169014876,0.805920680418691,-1.70450484223363,6.05679517572865,-6.7969908819044,4.99320867039688,-5.05336159854889,0.841738177601757,3
2028,"ssp126",-1.81718023663952,1.06183105843916,-2.66626013604628,-0.626622865473948,-2.41245892222231,-1.39264028693615,-2.5386924511464,0.352115849832704,-2.82701716505163,-2.14626165838889,-2.73490784752515,-2.39453009419378,-2.25671555522633,0.63204560806164,-2.76380198164061,-1.54860753060084,-2.61076956753908,-2.00317234201919,3
2028,"ssp585",-1.82840140323975,2.61185887592424,-4.81011288988833,0.0546969251452886,-2.76995056743227,-0.337545659915463,-2.2857532683096,3.07383338365859,-5.66315971287763,0.34809330375624,-3.60267655434252,-0.597050046025592,-2.10901679678982,2.88874880136191,-5.33708512405932,0.232719773897069,-3.27988508213326,-0.494982633155068,3
2029,"ssp126",-3.62220823284382,2.89294143950879,-5.88002475092582,-0.361209778610731,-5.25270745996037,-2.49329997380282,-4.36123889188196,3.11077312133934,-6.98177932355431,-0.923414846662102,-6.08015091449189,-3.05096867604578,-4.07264261605653,3.02400594060028,-6.54853159676087,-0.70230692210079,-5.7578104630344,-2.83469812570436,3
2029,"ssp585",-2.33649197586372,3.33264486558839,-5.06996831341575,1.37600878408921,-4.19274235584018,-0.969753807087702,-2.90625096970038,4.17890972111798,-5.84483252960791,1.87768010281651,-5.29821650595882,-1.43696018974661,-2.68501487488105,3.84139581389067,-5.54864300767816,1.680405715366,-4.86772517000458,-1.2532008084825,3
2030,"ssp126",-3.17759994853703,2.31613738040535,-5.36260558290075,-0.749505446647575,-4.39164719948175,-2.08509713135517,-3.86280740565551,2.34691099450909,-6.37895328043883,-1.7330988398297,-4.92766168856841,-2.60473446826385,-3.59706536921453,2.32537769231294,-5.99045742225153,-1.3462643800613,-4.72246586379114,-2.40036934269603,3
2030,"ssp585",-2.31949947953496,2.65243599767579,-5.02911393478104,0.27179828574191,-3.6151483621734,-0.96469225191192,-2.79420490739758,3.5069811329219,-6.09591296528727,0.887156346853273,-4.634885534523,-1.14335087845273,-2.61142446323788,3.17048431838454,-5.68813223643452,0.645176428853489,-4.23972490928356,-1.07307057663955,3
2031,"ssp126",-3.93887591791031,2.25781011176131,-6.15491101121008,-1.64148969430633,-5.08756902971231,-2.83085837126043,-4.8501198869124,1.9838033666444,-6.77806809688725,-2.81482063415201,-5.86776951329259,-3.88614578192497,-4.49404916541167,2.09486325025084,-6.53986817045255,-2.35336487063132,-5.56439131280185,-3.47113966289123,3
2031,"ssp585",-3.09600658130821,2.50450028525847,-5.94288699648734,-1.23213975654856,-4.02793999368803,-1.67256637371864,-3.88843101599982,2.4427783066937,-6.69762292636183,-2.26361593421808,-4.70083855689069,-2.48383506081881,-3.57956087728147,2.45079655632541,-6.40912738148912,-2.12516942910573,-4.30675660136933,-2.16477762517764,3
2032,"ssp126",-2.85637073250714,1.03251687111849,-3.8039761725052,-1.75597082395005,-3.40657068678569,-2.38256801250811,-3.54875405485346,0.338189158630949,-3.81129931891083,-3.16713287528296,-3.7395646446387,-3.41748142282477,-3.27887272686462,0.609823907457833,-3.8084196063033,-2.61214123589527,-3.6122384723493,-3.01409928714529,3
2032,"ssp585",-3.23948426088675,2.98271380391118,-6.55405260910545,-0.771762467473881,-4.47334515759319,-1.5822000867774,-4.00839996013954,2.92488168561944,-7.13634494369441,-1.34129419909568,-5.34195284066146,-2.4444274683621,-3.71025575723355,2.94193212360142,-6.90736760467775,-1.11730479325988,-5.00673123922038,-2.11169983351145,3
2033,"ssp126",-4.48678011469849,1.78625671270613,-6.26072671251021,-2.68846267400432,-5.38593883504558,-3.59980681579264,-5.04173141286028,1.91067394967878,-7.24688305459348,-3.87870214128879,-5.62324604864603,-3.93915559199368,-4.82709637108503,1.81272214272583,-6.86992775145016,-3.41059647433992,-5.53534631945759,-3.80568068090247,3
2033,"ssp585",-1.60611018875381,2.52816533200118,-4.47523981874593,0.295028651085695,-2.55667960867357,-0.171545373757754,-2.3331119164615,2.77934314791813,-5.39667711099823,0.0267253637818463,-3.51303055658317,-0.801329319193132,-2.05058719909158,2.68195674476156,-5.04446047048588,0.132231428565653,-3.14199651292019,-0.553650563394426,3
2034,"ssp126",-1.59265465306609,2.24832584416214,-4.17261919685237,-0.0520604977124387,-2.36295173074291,-0.302672381172947,-2.1732228772561,2.35999800303769,-4.89617315684637,-0.718222845045477,-2.90072289336141,-0.811747737460963,-1.94755852630683,2.31443097784125,-4.61959682640986,-0.56971542046319,-2.63648007922865,-0.611539376255313,3
2034,"ssp585",-1.96015029656674,3.82390944306065,-5.8901892996131,1.74796372466247,-3.81420730718135,0.00486920495643439,-2.93672469900676,4.50575078137213,-7.38096102241135,1.62811895453917,-5.21914652577972,-0.714606537304461,-2.5581388415522,4.24321594948563,-6.8111180039121,1.67524603303191,-4.67483127884426,-0.431649260372251,3
2035,"ssp126",-3.74399558871666,2.65799057604045,-5.33821038022621,-0.675594882704723,-5.27819594172263,-2.94688819296189,-4.78769978439048,2.35495009708817,-6.44129854878597,-2.0914089460561,-6.13584520355766,-3.96090040219273,-4.38173422022806,2.4714490758905,-5.97376572765393,-1.53458773098351,-5.80530746485034,-3.58571846651513,3
2035,"ssp585",-2.58928304912926,3.93265263880232,-7.09105845884171,0.177618606953178,-3.97273387717048,-0.33839534427304,-3.4372212416548,4.30301714265028,-8.24579138717747,0.0506672625486861,-5.18116549375654,-1.03293616889346,-3.10798983458715,4.15721456503222,-7.80439818969436,0.100588890053616,-4.71227919690754,-0.75978565703355,3
2036,"ssp126",-3.77909902304727,2.48889705789539,-6.43421456830582,-1.49897647792475,-4.91916029560853,-2.451541250418,-4.95532402664466,2.33917061849947,-7.49311785900641,-2.88553945868534,-5.99021631062431,-3.68642711046378,-4.49664581998972,2.40380884886603,-7.08835525300597,-2.34022231308911,-5.57485757344003,-3.2007911034816,3
2036,"ssp585",-3.00385298398738,2.65964038686956,-5.76349351023564,-0.456995826894658,-4.27728156253374,-1.62403272086325,-3.83171270176754,2.79583836361365,-6.96933833405347,-1.6047272645208,-4.94520542039091,-2.26289988562458,-3.51056604178578,2.73440669659125,-6.50840776786575,-1.15333945151715,-4.68917933692009,-2.01164517874579,3
2037,"ssp126",-3.29159795606754,2.64678950325016,-6.30545345409131,-1.34535147049967,-4.26472119885147,-1.78467020705565,-3.99449817478859,2.9878649704629,-7.40702563238366,-1.84854211595898,-5.06747620420339,-2.28823444599105,-3.72210386760684,2.82813878239933,-6.98595297211436,-1.99618069959041,-4.58506545161506,-2.09017931535309,3
2037,"ssp585",-2.26915088475809,3.63963597564436,-6.4262322822649,0.344138096911492,-3.57579537559288,-0.190610186004688,-3.01445339024097,4.33545278215459,-8.01497275493523,-0.30863255207818,-4.36736380932237,-0.514193707893843,-2.72717486581409,4.05434098970076,-7.40768147571843,-0.301339630823703,-3.94009248330928,-0.386921560861918,3
2038,"ssp126",-4.43666336701069,1.72939209271088,-5.91713173800882,-2.53584438832048,-5.3870728563558,-3.69642918151163,-5.39709028323846,1.64090912482222,-6.86655568444789,-3.62645877873873,-6.28240603548832,-4.66235758263374,-5.02287552375043,1.67977226184461,-6.50364122933684,-3.19753435584464,-5.93554610770333,-4.28249267095723,3
2038,"ssp585",-4.5413438114335,3.93854456273845,-9.08393955299742,-2.08096601252416,-5.77153271088817,-2.27004594065154,-5.9202351576777,4.32201345905775,-10.8285170467067,-2.68418819985414,-7.53825863658948,-3.46609421316321,-5.38435913875989,4.15655556303001,-10.1616575337324,-2.5956859637413,-6.77869572626918,-2.99570994127365,3
2039,"ssp126",-3.17865814238061,1.35358268128896,-4.69429454675157,-2.09020299066516,-3.72288571823833,-2.42083994019512,-4.16654577228328,1.37937196014363,-5.68030316118681,-2.98063219570016,-4.75950256057484,-3.40966707783152,-3.7816549653201,1.32429545807154,-5.30340432649375,-2.89052046132406,-4.22722221731812,-3.02078028473328,3
2039,"ssp585",-3.72274232728839,3.29263207959109,-7.35268690765589,-0.928457641008377,-5.1198846704284,-1.90777003710464,-5.00853313861663,3.64481536752939,-9.18708991542219,-2.48402319042338,-6.27078811271325,-2.91925475021385,-4.5096071547052,3.50423165352964,-8.48589486918969,-1.87223953763213,-5.82829096324174,-2.52146329746296,3
2040,"ssp126",-4.43651736991759,2.55610699108423,-7.3678874170454,-2.6725284996284,-5.31851180506219,-2.97083234635369,-5.74426172908665,2.62494906987915,-8.75336368411963,-3.92453351948961,-6.65412583388517,-4.23971075157016,-5.2350640122455,2.60662407316757,-8.22376953766861,-3.43213626586587,-6.13652788543532,-3.74071124953395,3
2040,"ssp534-over",-3.90075246073835,3.6027033142494,-8.03599119792904,-1.44029519894558,-5.13098109163473,-1.833133092143,-4.82082947123256,3.99063429994554,-9.39890027435979,-2.07779747599529,-6.19234546885119,-2.53179406966894,-4.4639880666553,3.82450094772757,-8.87793236882728,-2.13606438741971,-5.62794990627309,-2.25701591556931,3
2040,"ssp585",-3.97587800216882,2.42709571733115,-6.4621946648578,-1.61269033606851,-5.15747183521897,-2.73271967082433,-5.48930481916212,2.42574049654876,-8.0430244327712,-3.21589894824521,-6.62600775462058,-4.21244501235758,-4.89911246794522,2.42474021745783,-7.42138789010459,-2.58537789992764,-6.05597975195401,-3.63797475686554,3
2041,"ssp126",-5.96172966330586,2.66317627317678,-8.93666800968508,-3.79986132163842,-7.04266383413957,-4.47426049011624,-7.35928351111856,2.53661096247982,-10.2651122181252,-5.58775525470954,-8.24504763932308,-5.90636915761524,-6.81454016284974,2.54953578765054,-9.75731840498229,-5.27121429363422,-7.5862030974575,-5.34315104178347,3
2041,"ssp534-over",-4.5556251662856,2.43975606082363,-7.11974289132031,-2.26293043687663,-5.70197253099009,-3.27356630376825,-5.56479047629936,3.19883963230201,-8.43281672109254,-2.11499113320147,-7.2896901478483,-4.13077735390277,-5.17272841583466,2.88644642567038,-7.93089818908197,-2.17316594691499,-6.6725096502945,-3.793643529211,3
2041,"ssp585",-4.45223869188439,3.54466811110308,-6.80713461652734,-0.375563090010244,-6.49057649282146,-3.27479072956291,-5.60301600534427,3.12936106240617,-7.45341146569501,-1.98989563135288,-7.40957619233997,-4.67781827516891,-5.15514824022207,3.29227906523113,-7.14607774106422,-1.35499968670188,-7.05522251698216,-4.15968348980099,3
2042,"ssp126",-3.47811142331447,2.00159959936675,-5.68616353899704,-1.78266305695969,-4.32583560649186,-2.37408536547318,-4.1323646202854,2.43482326458929,-6.66016467239802,-1.80261540124266,-5.29723922980677,-2.86846459422908,-3.87864002920076,2.26414287764655,-6.28785566130604,-1.79476945440517,-4.92057531659855,-2.67403221314812,3
2042,"ssp534-over",-4.49380882145048,1.41902410414162,-6.13199919194067,-3.64507176278535,-4.91817735078305,-3.67471363620539,-5.52664112854319,1.66277124839331,-7.26763021672857,-3.95505745274324,-6.31243296644317,-4.65614658445051,-5.12462515261856,1.53669549891543,-6.83353866456804,-3.85647284083702,-5.75870130850933,-4.27016839664382,3
2042,"ssp585",-4.11259088645708,2.94536373644304,-6.7136163176286,-0.914403918067913,-5.71168437065166,-2.81207817087132,-5.4895304157961,2.58084295588721,-7.9060667491369,-2.77095947312829,-6.84881588713,-4.2812622491257,-4.95200002503899,2.72328751899245,-7.43715429658197,-2.0408003747143,-6.40759985020134,-3.7094228892675,3
2043,"ssp126",-4.14137081579137,3.03908205930614,-7.17885699630697,-1.10069538781976,-5.66170852977717,-2.62262772553357,-4.93785236294235,3.18048258534097,-8.22599629982972,-1.87725239852037,-6.46815234515334,-3.29378039449867,-4.62670687030748,3.12330477531308,-7.81422517206851,-1.57184264913004,-6.1541389808962,-3.03294771942697,3
2043,"ssp534-over",-2.26422409434629,4.43413705169603,-6.75357306261839,2.11255751046387,-4.45261489675138,-0.0195496102102493,-3.12612754037779,5.38647372004747,-7.88180811535332,2.72327231571345,-6.0508274684234,-0.74828725289002,-2.79129332833862,4.99532055309518,-7.45054365132099,2.48311828534509,-5.42849913518047,-0.461668166847432,3
2043,"ssp585",-3.15242399184082,2.3822817784189,-5.08762070873885,-0.491743614714911,-4.48276418040378,-2.18482563339181,-4.11402033337804,2.34415278835165,-6.50366318046372,-1.81817320956022,-5.26194389528695,-2.9191989098352,-3.74105054349967,2.34093460973304,-5.96238519398823,-1.29650574076725,-4.96332294486589,-2.6303832182554,3
2044,"ssp126",-1.92014804957266,1.77748340608656,-3.69967377775894,-0.1447140298267,-2.80786505944563,-1.03038518547951,-2.75371649296578,2.50985642607599,-4.55995639284954,0.112182697636111,-4.18666608826673,-1.8505965430239,-2.42904621336168,2.19195035052766,-4.23111594420898,0.0111620838269807,-3.649150361956,-1.52801134793802,3
2044,"ssp534-over",-4.36377961198024,2.84184898320885,-7.18995549224121,-1.50651264425708,-5.79241309584182,-2.95069167184976,-5.69278634049004,2.8704421269018,-8.75306073692481,-3.06016174198778,-7.00909863974117,-4.16264914227266,-5.17587279458397,2.86161568580261,-8.15556844669638,-2.44913180466179,-6.53924328954506,-3.68602496852777,3
2044,"ssp585",-5.61727097077504,2.85375972752409,-8.06546296795309,-2.48301488958733,-7.1843990113689,-4.39317497218602,-7.26208505234386,2.31795739694349,-9.27287223006473,-4.72682948000909,-8.52971283851124,-6.25669146348342,-6.62068052309662,2.53058085776119,-8.79807745170386,-3.84436645115713,-8.00883755906636,-5.53198205879299,3
2045,"ssp126",-4.52041438358705,3.38943518655735,-7.40374523703945,-0.786790563691346,-6.3872262935349,-3.07874895686085,-5.54367052239162,3.63229685930357,-8.68746995894525,-1.5674051286922,-7.53180321924133,-3.9717708041148,-5.14597895192492,3.54273373435194,-8.19677003536486,-1.26039959608841,-7.08876862984318,-3.62058341020495,3
2045,"ssp534-over",-4.85052649546942,3.90822725224119,-8.98585044219547,-1.21807631059458,-6.66675158790684,-2.7828645221064,-6.24564995959089,3.92782944669814,-10.6308836108229,-3.05046716087108,-7.84324135895079,-4.05303313397486,-5.70303220964835,3.91902591797469,-10.0020746174631,-2.32981172584619,-7.38964245154943,-3.55351100574096,3
2045,"ssp585",-5.23631171121745,1.97495492055135,-7.34942227799705,-3.4371126790266,-6.13591122731287,-4.17975642782765,-6.40833307909126,2.11339480785892,-8.84103837412075,-5.02495850326573,-7.10002036700402,-5.19198043157651,-5.95288914209622,2.04562048646162,-8.2708725964511,-4.40047943918022,-6.72909399355422,-4.79389741491877,3
2046,"ssp126",-4.43861136737504,2.84235074068059,-6.33722364530314,-1.17081190372295,-6.07251109920108,-3.48930522841098,-4.99199139880692,2.54000054937169,-7.34226746005788,-2.29739470874333,-6.33928974383872,-3.81685336818144,-4.77804452412544,2.6319001602062,-6.95809247715116,-1.85432437725754,-6.23990459755938,-3.68802054761257,3
2046,"ssp534-over",-5.86668532476146,1.77796217413189,-7.53710400780678,-3.99782925434945,-6.80111335996747,-5.0314759832388,-7.47234079081737,1.49846618136393,-9.18206987909404,-6.38721393926233,-8.0149042165949,-6.61747624667904,-6.84692461121347,1.57547943127029,-8.55328660994061,-5.44750008984648,-7.54663687189697,-5.9937436118499,3
2046,"ssp585",-4.67129980759112,3.87935855728666,-8.8724240501478,-1.22450622777932,-6.39469659749702,-2.57073768631278,-6.26791442737914,3.80830914882658,-10.5777227059617,-3.35645029414678,-7.72364649399532,-4.11301028808785,-5.64627890076013,3.83579786232843,-9.92587741093045,-2.51798448410141,-7.21042610908949,-3.50647964567497,3
2047,"ssp126",-4.19516386108197,2.61155172075756,-6.97798658068506,-1.7977079328654,-5.39389182519026,-2.80375250128042,-5.47917627695665,2.55388295686268,-8.07998880013433,-2.97496404187571,-6.73128239449713,-4.17877001536782,-4.97999807206044,2.57309492978084,-7.64664369010798,-2.51196456048966,-6.21401482784582,-3.64667526303666,3
2047,"ssp534-over",-5.23603006746169,2.54024537595243,-7.13980484877915,-2.35163711237049,-6.67822654500729,-4.28414267680296,-6.37524299303826,1.92060447864801,-7.50474381829423,-4.15764882563115,-7.48404007674181,-5.81049258041027,-5.93179959937481,2.15971119609535,-7.36123728527069,-3.44736796132562,-7.1740154183994,-5.21708075642686,3
2047,"ssp585",-5.07416726856473,1.57223934154785,-6.67869628746165,-3.53634071703614,-5.84308054432903,-4.27190275911627,-6.49188667426855,1.52495420351056,-8.19785575028133,-5.26109602650398,-7.10728199815084,-5.63890213626217,-5.93991105121364,1.45378331114821,-7.61716160332641,-5.04121203005092,-6.389260561795,-5.10128577515725,3
2048,"ssp126",-2.74246509899439,1.2962574942675,-3.70422585479925,-1.26833466300492,-3.47953031698912,-2.26158472109196,-3.87514979737727,0.87682414933401,-4.69881993202572,-2.95341648449667,-4.33601645381757,-3.46331473005305,-3.43335236778694,1.03818019498973,-4.31863932993839,-2.29069577022525,-4.00468066656779,-2.99070888671121,3
2048,"ssp534-over",-5.53638040517192,1.48039697649736,-7.15288611336187,-4.2467158981597,-6.18121265867802,-4.72812755107694,-7.02668361279585,1.53012948406748,-8.73757940705862,-5.78923712418398,-7.64540685710179,-6.17123571566447,-6.44640861056242,1.46023834556134,-8.13183514986233,-5.56127999798849,-6.88897291684939,-5.60369534091247,3
2048,"ssp585",-5.37622845223256,2.18151592953347,-7.24568996415217,-2.97935988047128,-6.57466273811321,-4.44149769627276,-6.7613898572464,1.00862004971918,-7.46834841804019,-5.60636731558048,-7.33890112807936,-6.40791057684951,-6.22238142241081,1.43912627406601,-7.2237031270454,-4.57319953607721,-7.04697236557761,-5.72172057009351,3
2049,"ssp126",-3.98203331718243,3.09867888274435,-7.53059191709121,-1.81075311593703,-5.06767341780513,-2.20775401722805,-5.17240927466631,3.32654890476962,-8.99273225598528,-2.91615985496493,-6.30053398451699,-3.26224778400682,-4.70963605005677,3.22569882677329,-8.43383349808494,-2.79370474183973,-5.66760170416529,-2.84753732604269,3
2049,"ssp534-over",-2.95006995788279,3.96304221810118,-7.10738152882963,0.784869015637265,-4.81753944464282,-0.87141417240937,-4.31201030371646,4.86157721614348,-8.78726525445771,0.860579330341204,-6.8983051207453,-2.07438282834584,-3.78255754350963,4.49322327147484,-8.14513474024135,0.830807435079591,-6.08924003280425,-1.60126894514378,3
2049,"ssp585",-5.48864403847338,2.77255134528707,-8.22668595401739,-2.68282601298575,-6.89155305121719,-4.11962308070137,-7.13121854590884,2.7457060079249,-10.2645101475322,-5.14533023013431,-8.1241627037961,-5.56457274509717,-6.4927220709022,2.71832478381542,-9.48555796334159,-4.17685942185012,-7.65065339542823,-4.9963041246825,3
2050,"ssp126",-4.2770348788422,4.17793619591722,-9.10128910624893,-1.85600725018047,-5.48754869317307,-1.86490776513884,-5.31030555164869,4.90384463915747,-10.8279205761554,-1.44939297362486,-7.24076184066061,-2.55149803939534,-4.91028051549104,4.60259738857171,-10.1679208769389,-1.60928766830192,-6.5607769390856,-2.28146033476711,3
2050,"ssp534-over",-4.97295308059363,0.626262409429573,-5.58699772702724,-4.33514913061348,-5.2918550555837,-4.66593075737683,-6.51471070575592,0.296903279007584,-6.83798338955553,-6.25421772008746,-6.64495719859014,-6.35307436385611,-5.91298320254864,0.393259704472689,-6.35979787320008,-5.61942828900433,-6.05976065932079,-5.68957586722292,3
2050,"ssp585",-3.5997242322303,4.67531913089058,-8.98344511985875,-0.561062651226076,-5.11905502273242,-0.90786378841608,-5.12181756399433,4.77242727681701,-10.6219153244005,-2.07553299723735,-6.64495984737281,-2.37176868379123,-4.52924204960705,4.73421601151575,-9.99561500437258,-1.75273948689765,-5.91749333096175,-1.79605557222428,3
2051,"ssp126",-3.27757854094653,1.96229587035381,-4.72975760024977,-1.0451732848954,-4.3937811689721,-2.55148901129492,-4.2058159715462,1.70426173750091,-5.57177687645411,-2.29600171836494,-5.16072309813683,-3.52283551909224,-3.84386304868028,1.80822902748075,-5.24991753431003,-1.80406720083148,-4.86376097260468,-3.1408358058654,3
2051,"ssp534-over",-5.49664108499414,3.11395717751577,-9.09147349306369,-3.63129644934495,-6.42931340281873,-3.69922488095936,-6.77751727511994,3.78577810396506,-10.9780021530987,-3.62891376051538,-8.35181903242221,-4.67727483613054,-6.2807077279371,3.50667029015279,-10.2568822326713,-3.629850715573,-7.60613623411914,-4.29262047556998,3
2051,"ssp585",-6.14125724640333,2.82976641119551,-9.34773926249592,-3.99355985600265,-7.21510594160368,-4.53801623835704,-7.80627759653265,2.7570294252599,-10.9459824242594,-5.78046307041549,-8.81918485959123,-6.23642518266927,-7.15734055827264,2.75269414428955,-10.3350587706462,-5.50598926003105,-7.98301620739343,-5.56848145208584,3
2052,"ssp126",-4.6506361268395,1.63486565168872,-5.76262956272443,-2.7735078302936,-5.58920027511245,-4.09463940889703,-5.69464867322973,1.5856099095776,-7.07481948163946,-3.96268746545664,-6.56062927711627,-5.00456326902486,-5.28889205535354,1.60113055326543,-6.57323882190217,-3.49499861666554,-6.18583877469755,-4.64671867207923,3
2052,"ssp534-over",-7.34071323274763,4.14574449309221,-9.8936677862998,-2.55724084795851,-9.73244942514219,-6.06423595597154,-9.35121635736131,4.13858006505359,-11.8299434827945,-4.57352284492404,-11.7400631135799,-8.1118527946447,-8.56819617249936,4.1475950352522,-11.0685333967439,-3.78054541904528,-10.9620215492264,-7.3180275603771,3
2052,"ssp585",-6.91237116001913,3.4074208252522,-10.139999216002,-3.34988334466961,-8.6936150676939,-5.29855713202769,-8.99727940014702,3.11129344144468,-12.2945174030289,-6.11321997398291,-10.4393091132291,-7.34866039870606,-8.18526422169141,3.22413436710175,-11.470959289918,-5.02643569953757,-9.76467848276833,-6.54241668757814,3
2053,"ssp126",-3.14041513788549,2.11374641699319,-5.43346121136075,-1.26975213260495,-4.07574664052577,-1.99389210114786,-4.0069177716835,3.30500973785012,-6.9405403193231,-0.426227734010502,-5.79726279052,-2.5401064978637,-3.67166481649063,2.8097888508349,-6.36446385176951,-0.757930490019023,-5.12853197972643,-2.32526529885119,3
2053,"ssp534-over",-6.36623730170412,2.7218511161338,-7.97100008910254,-3.22355127066927,-7.93758031722155,-5.56385590800492,-8.39719038794383,2.02846032081523,-9.8523462440332,-6.08010236273447,-9.55573440054851,-7.66961245989915,-7.60563491187552,2.30094054319358,-9.10765810555935,-4.95665805519905,-8.93012334021375,-6.8546233150336,3
2053,"ssp585",-6.6439110340354,3.02325924846759,-9.9909427247505,-4.11124989860378,-7.91024160175121,-4.97039518867785,-8.47672874989927,2.97716598672776,-11.9086704195651,-6.58798756304602,-9.42109934332589,-6.76075791506636,-7.76297595494048,2.96461788317162,-11.175624761695,-5.82356297496928,-8.73268244492608,-6.05665155156321,3
2054,"ssp126",-3.53874230045927,2.88586434607148,-6.87055500048881,-1.82302507946257,-4.39660091095762,-1.8728359504445,-4.75368467101525,3.10607289452357,-8.3072597542637,-2.5564605445404,-5.85229673425268,-2.97689712939103,-4.28116184977797,3.02029614004874,-7.75808367246456,-2.3072232265645,-5.26813116138471,-2.54270093843467,3
2054,"ssp534-over",-5.08065124327019,3.37820403826903,-8.31878679890574,-1.57793776716576,-6.83200798132241,-3.46158346545242,-6.42860186669642,3.43494998789456,-10.1937491390168,-3.46592132256808,-7.9099421387606,-4.54602823053622,-5.90537522509325,3.39364736230451,-9.47705040967965,-2.72340200130372,-7.49636183698802,-4.11953763280006,3
2054,"ssp585",-6.86483194529802,3.38792195382491,-10.2758913446318,-3.50053146705106,-8.54698218442151,-5.15930224563112,-8.65067211380423,3.44344695543031,-12.5307610573542,-5.95829176127646,-9.99686229006811,-6.71062764202923,-7.95663366234273,3.40072180724827,-11.6688438746159,-4.99168667603787,-9.43910715549516,-6.10052855620615,3
2055,"ssp126",-4.21992568016443,2.20624298121358,-6.26182714110012,-1.87969980401025,-5.39003861824151,-3.19897494969658,-5.25932378108163,2.362536485404,-7.65096133090614,-2.9270055483749,-6.42548289743499,-4.06350500616937,-4.85566601467573,2.30337428310627,-7.11996895446523,-2.51511385141773,-6.02594209630473,-3.72351454478098,3
2055,"ssp534-over",-6.13139527513333,3.97251800552251,-9.12346803330605,-1.62429184904336,-8.38494698817832,-4.63535889604697,-7.56107847739748,3.75911776267689,-10.8815303014539,-3.4797131400649,-9.60176114606377,-5.90085256536927,-7.00528421064983,3.83922231933776,-10.2095162739068,-2.75000013291152,-9.13292624951899,-5.40316817902136,3
2055,"ssp585",-4.53407140497192,3.347886565358,-7.37240903800725,-0.841969667055966,-6.38012227392989,-3.11490258845425,-6.53706940974621,3.01179251101844,-9.45035435688888,-3.43559495630863,-8.08780663646501,-5.08042693617488,-5.75698668156399,3.14368375038105,-8.65606599289625,-2.41555593961308,-7.42770205253944,-4.30744702589785,3
2056,"ssp126",-5.32689974367546,3.891096325544,-8.54504267342253,-1.00244659707627,-7.48912631697506,-3.71782827880193,-7.10395303284861,3.93811287651654,-10.511637316772,-2.79252601326326,-9.25966654264129,-5.40011089088693,-6.41088972854265,3.92075249832325,-9.73830477981447,-2.08851111370911,-8.57207903595943,-4.74718220290675,3
2056,"ssp534-over",-3.05321476340458,4.579360688078,-8.29267368328376,0.184250061952995,-4.67194717608337,-0.433485303464995,-4.34224662424979,5.54539950212739,-10.3540106093437,0.57294832819669,-6.79984410047302,-1.33636463170281,-3.8428660732688,5.15073983778321,-9.56607075367951,0.420098823921996,-5.9743485218642,-0.98126373306345,3
2056,"ssp585",-7.20904371955819,2.46299503633405,-8.93747106672274,-4.38887791767971,-8.61912662049743,-6.34483004597591,-8.99832650294705,1.67960727907986,-10.3049904734785,-7.1038045390623,-9.94558748488943,-8.34499451768133,-8.30201175195849,1.96512101567207,-9.53888786403455,-6.03605928968064,-9.43498798309741,-7.68357369592046,3
2057,"ssp126",-6.17085902445412,3.90933727217565,-9.29068880856396,-1.78553894088107,-8.36351906624065,-4.6109441323992,-7.58226158540517,3.69176232122918,-10.3726712079181,-3.39612151148353,-9.67533162236598,-6.1870567741487,-7.03286756498232,3.77928199211137,-9.94719857853537,-2.76270038144138,-9.16795115675279,-5.5757020582058,3
2057,"ssp534-over",-8.18608053737433,3.16930034385209,-10.5962951700435,-4.5961013716752,-9.9810701202239,-6.98097322103973,-10.269129837714,3.01634811851574,-13.022981605379,-7.04542803261497,-11.8809807402635,-8.89220395388146,-9.45884796817714,3.07419504643791,-12.0953879958979,-6.0821397854098,-11.1472020595608,-8.14057795431676,3
2057,"ssp585",-4.73307555276886,4.28342585155575,-9.51591619117495,-1.25029663233315,-6.47446501298672,-2.34165523356582,-6.52047824484246,5.19261339639985,-11.7816710367207,-1.39927515785643,-9.08107978833548,-3.88988184890336,-5.8258566305612,4.81599563968238,-10.9155930446176,-1.34069168643048,-8.06843910262657,-3.28098842353298,3
2058,"ssp126",-5.05077799308773,2.82757998647018,-8.21250043789924,-2.76433759981023,-6.19399818972648,-3.46991677068197,-6.19580144580479,3.00050881556173,-9.65947324543772,-4.39125790825799,-7.09807321457818,-4.46396554598832,-5.75080727591173,2.91536140621196,-9.10637223089316,-3.83963670209744,-6.70639256281888,-4.07302479842102,3
2058,"ssp534-over",-5.61941492992702,3.75706376420134,-8.55398605622442,-1.38504654243045,-7.73659912367531,-4.15212936677832,-7.14833472750526,3.87653885461739,-10.6420498939473,-2.97804584895362,-9.23347916678109,-5.40147714428422,-6.55473044050057,3.82889350276122,-9.84389375648472,-2.35153998746475,-8.65632566701847,-4.91014878250849,3
2058,"ssp585",-5.75381831675461,2.78309133927349,-8.77812494700419,-3.30050908606088,-6.98047293210147,-4.24166500162981,-7.79213929219496,2.69681597587223,-10.8812470427632,-5.90717920845648,-8.7346193340642,-6.24758541691086,-6.99825833884554,2.72820988331069,-10.0773349313433,-4.88200982893358,-8.05638259380152,-5.45872004259664,3
2059,"ssp126",-4.51661629471375,1.51615632026426,-5.80375529917816,-2.84533823706954,-5.35225532353586,-3.87304679248155,-5.78470462910633,1.52180251582475,-7.19739894209642,-4.17331383791479,-6.5904000247021,-5.07835747261129,-5.29112960260684,1.52439993876824,-6.6646828407324,-3.65103834511522,-6.11117523135265,-4.60435298354406,3
2059,"ssp534-over",-4.39977183291309,4.04325455187924,-6.98903460489761,0.25933515776164,-6.72932532825046,-3.10514044692084,-6.15461658819529,3.72399971744925,-8.41424325841528,-1.85640628001121,-8.30372174228733,-5.0248032530853,-5.47163635137288,3.85157239521823,-7.71968095875136,-1.02431275258046,-7.69529815076909,-4.34761404768364,3
2059,"ssp585",-6.31932491027898,4.54345533525708,-10.8628743414695,-1.77596367680191,-8.59100552701752,-4.04755019468374,-8.12166479845055,4.76423449860933,-13.3395319522977,-4.00331837828585,-10.1808380085329,-5.51273122152695,-7.42195441871967,4.66962559408844,-12.3928370109056,-3.12732880918794,-9.56926722348554,-4.9365131226267,3
2060,"ssp126",-6.67254631583302,4.79694787284999,-11.141259610105,-1.60381848357721,-9.20691023196092,-4.43818966869701,-8.15910064229237,4.90776936834041,-12.6211060582212,-2.90252676114645,-10.7873875828653,-5.92809793432796,-7.58067062345228,4.86500575928033,-12.0391796241696,-2.39176172507303,-10.1751250726419,-5.35141612309361,3
2060,"ssp534-over",-5.97556851349626,4.15976676508953,-8.79305806352769,-1.19785148918238,-8.3644270256532,-4.56682373848054,-7.75028062381145,3.70852511571389,-10.9287029324799,-3.67583663235716,-9.7875026195386,-6.16106946947725,-7.06018109766481,3.8744912091424,-10.1123590885801,-2.70127737767064,-9.23963295766189,-5.53409210220714,3
2060,"ssp585",-6.70398355603113,3.96892413348585,-10.8864891029187,-2.99028069396904,-8.56083498706218,-4.61273078258735,-8.61363152151104,4.06307153809176,-13.2456961946503,-5.65220552867968,-10.0943445179267,-6.29759918494141,-7.87128614157134,4.00791890797401,-12.3438963618136,-4.60530519108385,-9.50427661681509,-5.63498103145023,3
2061,"ssp126",-4.77558260758722,3.30597466960014,-6.79386092543813,-0.960310346008324,-6.68321873837667,-3.76644344866177,-6.0595938406574,2.81805403848368,-8.12359789713295,-2.84898124488959,-7.6649001385413,-5.02759181241962,-5.55951349268127,3.00872136293417,-7.6153099291144,-2.10619160039494,-7.28617443882443,-4.5316152744647,3
2061,"ssp534-over",-6.29059082428452,3.86618822921528,-8.7105050387866,-1.83172269646662,-8.52002488819348,-5.08063371703349,-8.04895847630664,3.44899689352321,-10.8852797841222,-4.20963267919689,-9.96862137486152,-6.63079782239885,-7.36543121900008,3.60079411086172,-10.0539786623705,-3.27443168056936,-9.41093098821544,-6.02115749731488,3
2061,"ssp585",-7.54519561923763,5.04094077062328,-10.5235454665854,-1.72495177518917,-10.4553175412619,-6.05602069556376,-9.64295572501263,4.34781208363059,-12.6912613295519,-4.66419084313623,-12.1323381659508,-8.11880292274297,-8.82643176366399,4.6171509259688,-11.8104986048864,-3.50822643257722,-11.4855344292074,-7.33439834305278,3
2062,"ssp126",-4.82763873047437,3.20179148185423,-7.91854356845503,-1.52542817355351,-6.4787440089348,-3.28218631148404,-6.26772256619901,3.30091931081665,-9.3815353166186,-2.80708408982173,-7.99804180438765,-4.71081619098921,-5.70718023492452,3.26232320320636,-8.80623672929595,-2.30302552515953,-7.40925758980702,-4.15765198773881,3
2062,"ssp534-over",-5.40478557872331,4.92417300482411,-9.95111751279429,-0.174318605639679,-8.02001906526513,-3.13161961168783,-7.06637774023147,4.79415406174615,-11.9656435640011,-2.38474819779603,-9.40719251144919,-4.61674482834666,-6.42032196467233,4.84139278118213,-11.1955970248098,-1.51541505356702,-8.87277542022498,-4.0326844346036,3
2062,"ssp585",-8.277454382372,4.32248754940952,-10.8405913711948,-3.28689071444034,-10.7727362163378,-6.99588588796058,-10.7637733245486,3.76845148221777,-13.4017186527106,-6.44777548405505,-12.9217722447953,-9.44480066046751,-9.79539188483066,3.989542580289,-12.42273543312,-5.20464070832391,-12.090767473084,-8.48172011068599,3
2063,"ssp126",-6.13759334387189,4.77280819101304,-11.1311717038432,-1.62144055118026,-8.39566974021771,-3.64080416388624,-7.59302925139401,4.44903553442597,-12.2370492407468,-3.36872434255379,-9.70518170581412,-5.2710192567176,-7.02621304284687,4.57559055321933,-11.8021802228381,-2.68154040437037,-9.19854936208511,-4.63822945285126,3
2063,"ssp534-over",-4.63084818972675,4.08085425925651,-9.18203866733871,-1.29772261439957,-6.29741097739033,-2.35525295092077,-6.1763228260937,5.03165434848116,-11.2823118970395,-1.22245299437448,-8.65325774195331,-3.62332829062079,-5.57623545804018,4.64089325504517,-10.4794887561234,-1.25205159335709,-7.73832739038173,-3.12460880899859,3
2063,"ssp585",-6.69443116566219,4.33120996272709,-11.2455891394528,-2.62313489466339,-8.73007930116159,-4.41885217876689,-8.71925555527049,4.25677992054069,-13.59596427237,-5.74849218257618,-10.2046372416176,-6.28090119672071,-7.93157837416918,4.25384381531832,-12.6975404292929,-4.51932990227492,-9.63770261011632,-5.54859734660732,3
2064,"ssp126",-7.95250843359988,4.20162455037671,-10.5764366748489,-3.1064391502913,-10.3755430752542,-6.64054431297538,-9.29635438458693,3.4845712097317,-11.8258840340629,-5.32172861692078,-11.28366726842,-8.03158955984895,-8.77391670845049,3.75315466250144,-11.1947045780663,-4.45048414741306,-10.9356329889692,-7.56352277364257,3
2064,"ssp534-over",-7.55150124498029,3.70642704712267,-9.94087598129791,-3.28179066833544,-9.68635653330271,-6.35681387682148,-9.59211063367773,3.27038354052524,-12.2103760490059,-5.9263016301871,-11.425015135423,-8.28297792601364,-8.79793848400195,3.43845896387807,-11.3428664569676,-4.88624994178571,-10.7537827551101,-7.52547449751913,3
2064,"ssp585",-7.78990517175439,4.17645461203777,-12.0840222410744,-3.74200680358858,-9.8138543558373,-5.64284663709438,-9.79951331593922,4.25534443227824,-14.3402648717833,-5.90305706079721,-11.7477414435102,-7.52913753801717,-9.01749184679673,4.23418263079989,-13.4778228952636,-5.05314416531185,-10.9996656875392,-6.7873263225633,3
2065,"ssp126",-5.01108507802248,3.61478736867094,-7.83292643632724,-0.936596071959085,-7.04832958105418,-3.60016439887011,-6.51153772725917,3.14748471908218,-9.4862523062711,-3.2158760007415,-8.15936859051801,-5.02418043775321,-5.92752345698992,3.32025099210577,-8.85427345271244,-2.31946491662571,-7.73155272717203,-4.46414845912866,3
2065,"ssp534-over",-5.538116940284,4.47439963050225,-10.2205546094534,-1.30577802511309,-7.65428639786945,-3.19689810569932,-7.19863125329672,4.95855728497325,-12.6032824553324,-2.85935745926481,-9.36826815031268,-4.49630565227888,-6.55435936680732,4.77674142052238,-11.6924918847886,-2.24835491971632,-8.70736159035281,-3.98529310781665,3
2065,"ssp585",-7.49906683605391,3.54130683219344,-9.73926006032214,-3.41636920147399,-9.54041565334387,-6.3789702239198,-9.41249166120902,2.33602419356308,-11.222182359777,-6.77537216660351,-10.7310514085118,-8.50764631192501,-8.66689602997533,2.79167472066929,-10.503324403793,-5.45432008717401,-10.273184001376,-7.74868184306651,3
2066,"ssp126",-6.18943780543852,4.18688515792072,-10.1036548155814,-1.7748537208856,-8.39672984771498,-4.23232930036707,-7.54258279539843,4.27442756670163,-11.5174086841269,-3.02114136092218,-9.80330351263655,-5.55516985103421,-7.01558306295585,4.24097810067288,-10.9614721216568,-2.53099267825375,-9.2578782553069,-5.04263853360537,3
2066,"ssp534-over",-5.44433581312076,2.93011921265892,-8.40016577959858,-2.54062262980347,-6.8961924047794,-3.96642082988184,-7.04008493923513,2.89591225521392,-10.3837575746919,-5.33363980656673,-7.89330750556932,-5.36824862150676,-6.41979617622626,2.82823308812815,-9.6255355620925,-4.27717779805866,-7.49110536531006,-4.81692648329314,3
2066,"ssp585",-6.59007020679041,2.24588570944576,-9.01137162329779,-4.57507056448683,-7.5975700279422,-5.37941949853672,-9.10515892525788,2.38828754263614,-11.707463545681,-7.01348439321808,-10.1509961912778,-7.8040066150463,-8.1259434602407,2.2152091048298,-10.6768904970331,-6.68721158913049,-8.84530939579581,-6.8504699418445,3
2067,"ssp126",-7.6067476071018,3.88725126839829,-11.6290206834509,-3.87029605475678,-9.47497338327431,-5.59561106892726,-9.52553211442148,3.91846594193686,-13.6775778166177,-5.89234430633444,-11.342126018465,-7.44950926332335,-8.77713865150657,3.90402301384999,-12.872014814475,-5.09709908768355,-10.6171584334181,-6.72970057002232,3
2067,"ssp534-over",-7.69888539258241,5.0223468874421,-11.9150523999506,-2.14233555119335,-10.4771603132769,-5.59080188889832,-9.64689085972187,4.89491509749306,-14.1327985348883,-4.42607402007197,-12.2572992795468,-7.40393702213864,-8.88895053469469,4.94963197895508,-13.2850717283818,-3.52790945025626,-11.5694710769139,-6.69088993785113,3
2067,"ssp585",-9.36751050655408,5.33814117407934,-14.7683217168265,-4.09432821121566,-12.0041016542233,-6.66710490141786,-11.8144044396774,5.64013788639033,-18.0141743275958,-6.98729762805298,-14.2279578454897,-8.71451949571826,-10.864038736156,5.51667381659621,-16.7734569051774,-5.84953046812088,-13.3712928701736,-7.90932965164534,3
2068,"ssp126",-6.55998046314614,5.62809195734268,-12.2980188139977,-1.04868840373909,-9.31562649284966,-3.69096128772034,-7.58539300598426,5.62237248364996,-13.1202619125299,-1.87942286543113,-10.4383780762608,-4.81795855271145,-7.18736362469594,5.62215293288041,-12.7969276944011,-1.55270583080366,-10.0046925216421,-4.38258158984336,3
2068,"ssp534-over",-6.24574479002239,2.90276785316813,-9.23940504914303,-3.44332670895991,-7.64695383055363,-4.74891466046207,-7.85415555686698,3.05208155153943,-11.3581090066593,-5.77517047808106,-8.89364809625995,-6.10217883197083,-7.22939194755741,2.96105427981228,-10.5482407753307,-4.85808672076338,-8.41504456095443,-5.56996753367078,3
2068,"ssp585",-8.99120469362633,4.08989973100387,-13.3326365572061,-5.21075063403857,-10.8814317234202,-6.82048876183644,-11.6772515113736,4.02036068360257,-16.2974043159772,-8.9748218589998,-13.0284663375604,-9.36717510907173,-10.6317979426319,4.02063020973039,-15.1641307349381,-7.49446171330282,-12.2004660572965,-8.36563154647882,3
2069,"ssp126",-3.58167557465999,2.01975604123875,-5.10771666591914,-1.29129999271376,-4.7268633656331,-2.81865502903041,-4.68827519054865,1.65323482337498,-6.4368781971844,-3.15066680116068,-5.45707938524264,-3.81397368723078,-4.25795758845647,1.76070427155055,-5.92881018954365,-2.41940207343625,-5.17723534596658,-3.42253128791288,3
2069,"ssp534-over",-6.98259699045865,3.70956313552006,-10.4245459737496,-3.05354662744323,-8.94712217196637,-5.26162249881318,-8.61001053017699,3.53725932532487,-11.7779421333553,-4.79325263061146,-10.5183894799598,-7.02604472858783,-7.97657775049114,3.60577627201974,-11.2457402944274,-4.10904893774786,-9.91034215686279,-6.34199647852303,3
2069,"ssp585",-8.69362617190142,4.96024818524668,-12.003087233671,-2.99048080682336,-11.5451988544405,-7.03889564101661,-11.3822310577042,4.25922115980752,-13.9374375683793,-6.46537586632203,-13.8406586533953,-10.1046278023667,-10.3353567766741,4.5362699917293,-13.0593403552904,-5.09874493690487,-12.9536626965588,-8.973364987366,3
2070,"ssp126",-5.58670453126737,1.81417446609691,-7.11524869976382,-3.5819109691097,-6.5891013123462,-4.82243244701914,-7.10817842560664,1.42163620741947,-7.95378207103416,-5.46686711898405,-7.92883407891794,-6.68537660289288,-6.51659189539561,1.56550818199077,-7.62404195833683,-4.72553843684968,-7.41211862466857,-5.962866863925,3
2070,"ssp534-over",-5.60028046827387,4.78232774653922,-11.0954917617517,-2.38081858776854,-7.21001140852653,-2.85267482153496,-6.81279678216418,5.81714430499792,-13.5022001235216,-2.94076213541931,-8.74881410553661,-3.46809511148546,-6.34477984764505,5.40347270275217,-12.5822430727237,-3.09167325145509,-7.97133314574003,-3.22604823510571,3
2070,"ssp585",-9.52350642148175,4.95073823637905,-13.882784714494,-4.14116081665016,-12.2146792238975,-7.34386727497561,-12.1579388843555,4.59148933424969,-16.8831981880964,-7.71307060763053,-14.380373022718,-9.795309232485,-11.1329157737118,4.71789944977759,-15.7362991395056,-6.3082850489708,-13.5452311360823,-8.83122409081493,3
2071,"ssp126",-6.08852495782873,4.62178291441602,-9.93000677717949,-0.959491607978046,-8.65304163275408,-4.16778404815336,-7.59898846951779,4.27996158518511,-10.7757243945213,-2.73200299078235,-10.0324812088855,-6.01062050701605,-7.01199810854794,4.41216089652723,-10.443159189597,-2.03489736974703,-9.50054847794839,-5.29641756802342,3
2071,"ssp534-over",-4.30929720480623,3.83009442871199,-8.71616362482892,-1.78295595849362,-5.57246782796254,-2.10586399479489,-5.66562350668746,4.78454580086562,-10.809415477729,-1.34789487180788,-7.82448782412724,-3.09372752116668,-5.13989356247917,4.38067332570866,-10.0092762370297,-1.51897582895173,-6.95035242924289,-2.70520222520388,3
2071,"ssp585",-9.80444817408032,4.0861366671688,-12.7487330748459,-5.13935995526924,-12.1369922834859,-8.33230572369752,-12.6889772705984,3.31462811660974,-15.8566843944113,-9.24475190855932,-14.4110899516179,-11.1051237086919,-11.565992069045,3.59246589808889,-14.6686793268309,-7.630154769745,-13.533910718695,-10.0146484401521,3
2072,"ssp126",-5.37015473254168,3.73823456879094,-7.73187511648777,-1.06022034644289,-7.52512192559108,-4.18929454056864,-6.36740049545791,3.71748577665723,-8.84610636345823,-2.09296709883335,-8.50461719377019,-5.12804756145775,-5.98082635855066,3.72115890610961,-8.26213323830694,-1.68680126363384,-8.12783890600907,-4.84017291867252,3
2072,"ssp534-over",-5.22125788642209,2.01528077933799,-6.39360713375823,-2.89423446079794,-6.38476959923416,-4.63508326275402,-6.7730013506288,1.46051380411659,-8.34153854344737,-5.45219861916962,-7.43340271635839,-5.98873275421952,-6.16989185846501,1.59619182663181,-7.59694760618221,-4.44618466038388,-7.03174545750557,-5.45636398460641,3
2072,"ssp585",-10.319497610024,5.61536970989247,-16.1865182386533,-4.99518644950606,-12.981653190283,-7.38598729570932,-13.1564774600254,5.68603524327791,-19.6060100289507,-8.8669839712625,-15.3012242044068,-9.93171117556269,-12.053335352642,5.63664769353638,-18.2989195511015,-7.34425647731726,-14.4078747903044,-8.93054325341229,3
2073,"ssp126",-5.76859296559835,4.11436495163639,-9.62193621160788,-1.43530373138518,-7.93523758270494,-3.84192134259359,-7.14112092523969,3.65356948944006,-10.2663628136802,-3.12427558862579,-9.14954359354664,-5.57849998101945,-6.60790065696659,3.83086387870379,-10.0129521473038,-2.46002497400344,-8.68183849844817,-4.905374911798,3
2073,"ssp534-over",-5.35346329934136,0.786597539700792,-6.13456059534201,-4.56147854173118,-5.74945567814645,-4.96291465134103,-6.96419207370002,1.25638363945487,-8.15484791410252,-5.6510523036548,-7.62076195872264,-6.36886415349878,-6.33815310669113,0.946162130410644,-7.38259914767347,-5.53831141314204,-6.73807395346567,-5.81593008619995,3
2073,"ssp585",-10.6333998474857,5.45333131037945,-13.8212330269093,-4.33659987670971,-13.7817998328736,-9.03948325777384,-13.5990230538597,4.67487181579989,-17.0755975089039,-8.28449491749761,-16.2562871220408,-11.8607358263376,-12.4449767009017,4.97291555784428,-15.8014800090174,-6.73183926129722,-15.3015454207039,-10.7667250468438,3
2074,"ssp126",-6.36798801500926,3.50892950671193,-10.305006894372,-3.57032355922424,-7.76682024290177,-4.39947857532792,-7.71191710832125,3.25150457206021,-11.3250405102091,-5.02145131519533,-9.0571500048842,-5.9053554073773,-7.18912829432165,3.34965159919957,-10.923928269522,-4.45074168515203,-8.55832159890646,-5.32172830672149,3
2074,"ssp534-over",-7.96873216404873,3.2992509081241,-11.1611881427677,-4.57216388110201,-9.66701630552209,-6.37250417468923,-9.99362693343529,2.52931244303272,-12.2846330940717,-7.27940159808761,-11.3507396011091,-8.84812385311711,-9.20553982462257,2.83069515173221,-11.8428559656421,-6.21468029457548,-10.7009695896461,-7.88688175411282,3
2074,"ssp585",-10.1262004630478,5.1947882378201,-13.3715205013156,-4.13470212890305,-13.1219496301202,-8.50354044391393,-12.8289860182411,4.8709765261351,-16.8191134879156,-7.40090984532983,-15.5430241046967,-10.8339222834039,-11.7787272581543,4.98411450542493,-15.5012814120876,-6.1163529275696,-14.6099144234467,-9.91745018118768,3
2075,"ssp126",-5.46553571930782,3.75736843226467,-8.4329997803177,-1.2407390560844,-7.57793405091954,-3.98180368880289,-6.56157414949486,3.98283152181424,-10.3866685171737,-2.43781988807974,-8.62345128020241,-4.64902696565543,-6.13770841012492,3.87986810763854,-9.63988450381185,-1.96702360157167,-8.22305081440155,-4.38662036328145,3
2075,"ssp534-over",-4.79665246052861,2.79520818723688,-7.23851499470381,-1.74783461787356,-6.32106138185613,-3.57572119344101,-6.55521679449041,2.76920169814945,-9.46325350012943,-3.94969076300525,-7.85797981023299,-5.1011984416709,-5.87179827314793,2.76486201154877,-8.61285388098211,-3.08372944373066,-7.26583268785657,-4.50127046923084,3
2075,"ssp585",-9.46198359338858,3.99372196199563,-12.8710486982245,-5.06793036936967,-11.659010205398,-7.75745104097061,-12.4058697616895,3.25351061153675,-15.9683423391502,-9.59171375172586,-13.8129477666714,-10.6246334729592,-11.2594969484392,3.48657540252331,-14.7844111372552,-7.81256871786019,-12.9829610637287,-9.49703985403118,3
2076,"ssp126",-6.44108873663903,4.63491775826039,-11.5158314009937,-2.43140534726343,-8.44593043132683,-3.90371740446169,-7.80805215672578,4.01073281268545,-12.2060823531716,-4.35246414453623,-9.53584616282055,-5.60903705850285,-7.27593701064368,4.25432185656229,-11.9346519789508,-3.59693676180118,-9.11543713506493,-4.94657952649014,3
2076,"ssp534-over",-6.63481458790061,4.17487156024188,-10.354901914084,-2.11953736470655,-8.89245319949764,-4.77477092480894,-8.21621016544761,4.31459690261398,-12.3475300399432,-3.73914119964526,-10.4547446483488,-6.15055022819981,-7.60162060521997,4.26524315774776,-11.5858539170189,-3.10217212393763,-9.85134484586115,-5.6095039493205,3
2076,"ssp585",-10.2540912136934,5.32244620330911,-14.4328715816638,-4.26190977673057,-13.2501819321748,-8.16470102970815,-12.9245852372318,4.85733750796398,-17.5835658828649,-7.89062598799256,-15.4415648618515,-10.5950949144153,-11.8859308814753,5.02273509501345,-16.3792224387897,-6.46349920474415,-14.5971467198408,-9.63928510281806,3
2077,"ssp126",-4.90295598358212,2.34873314953927,-7.19461560501436,-2.50103320561898,-6.10391737256369,-3.757126172866,-6.31770418408848,2.09719704984572,-8.29453993668147,-4.11795407783433,-7.41757923721556,-5.32928630779199,-5.76694226676639,2.19614785271092,-7.86201192347552,-3.48204017639166,-6.90939331195376,-4.71940743841183,3
2077,"ssp534-over",-6.32071047586286,5.1858660766494,-10.1599752308219,-0.421349267050719,-9.27039108026892,-4.40107809838335,-7.90183459826492,5.12826640894288,-11.4561616598699,-2.02294146698305,-10.8412811639059,-6.12467106746244,-7.28681359413114,5.1536701240061,-10.9464566512981,-1.39305613253023,-10.2336923249316,-5.45699206554764,3
2077,"ssp585",-9.41592647720217,5.37225278840438,-14.4237180925088,-3.74144438689278,-12.2531675223569,-6.91203066954882,-12.0576772155715,5.1105071984583,-17.6504916261839,-7.63105405775211,-14.2709887944812,-9.26127001026526,-11.0305997655792,5.17304739366704,-16.4170671237447,-6.10132127775749,-13.49523900949,-8.33736608649643,3
2078,"ssp126",-7.2745005618573,5.53621168909195,-12.4561819650528,-1.44139626158782,-10.191052711992,-4.68365986025955,-8.94077511686553,5.80335306975261,-14.3071944467786,-2.78192672875914,-12.0201993109187,-6.257565451909,-8.29213429947442,5.69945474634519,-13.5793127842947,-2.25471357069425,-11.3108446638645,-5.64854505706426,3
2078,"ssp534-over",-6.93108068250952,4.62210576053092,-9.61284011082376,-1.59395442465432,-9.59964381143712,-5.5902009683524,-8.86868230089109,4.40862833683287,-12.0874153390092,-3.84378917026522,-11.381128866204,-7.25931578183205,-8.11587100508071,4.48735634356731,-11.1314278904355,-2.95895849285397,-10.6943272611941,-6.60809256240331,3
2078,"ssp585",-8.61095062261043,2.88994907316948,-11.7913435173443,-6.14575050561817,-9.84355068110656,-7.02075417524349,-11.3786721602518,3.23866157697245,-15.0014676823259,-8.76387956223364,-12.6860684592609,-9.56727439921484,-10.3019918070118,3.01061146062287,-13.7744073511191,-8.4225042959336,-11.2417355625508,-8.56578403495808,3
2079,"ssp126",-7.24836151424592,5.16752409712642,-12.5162736340663,-2.1874460979045,-9.77881922241663,-4.61440545433571,-8.80857758541047,4.80200202710443,-13.8948850893314,-4.35327047924876,-11.0362311384913,-6.26542383344999,-8.19917037625052,4.94144269806561,-13.3527677303809,-3.50147998297464,-10.5480155728885,-5.62237169918532,3
2079,"ssp534-over",-7.03042230495405,4.09807747376836,-9.53012865364929,-2.3009369505151,-9.39516498217353,-5.78056913060643,-8.59796145491375,3.76232948160787,-11.2742746830337,-4.29616961415694,-10.7488573752922,-7.25980484085378,-7.98889267012147,3.88742820249894,-10.5044011789827,-3.51147061668283,-10.2276036968408,-6.73113841569087,3
2079,"ssp585",-12.0115223819224,6.23441079453626,-17.124906736891,-5.06645313725234,-15.4840570042574,-9.4548302044381,-15.167909684576,5.18355902192475,-19.2355654416857,-9.33146210178874,-18.0861334759697,-13.1340818060212,-13.937964753655,5.60113748467618,-18.4055819693162,-7.65408967316124,-17.0799022939019,-11.7041561458244,3
2080,"ssp126",-6.20042352169075,2.68587538782948,-7.87847100351857,-3.10262929985218,-7.74932063261004,-5.36139978077684,-7.68786638183335,1.9236176240016,-9.38412042831376,-5.59782695398536,-8.73288609575735,-6.83973935859315,-7.10842336259392,2.20535027974464,-8.80859045286155,-4.61649824311502,-8.35438592233337,-6.25833981746011,3
2080,"ssp534-over",-4.88678828606032,1.40511819542645,-6.08623798387948,-3.34083542027552,-5.65976471895272,-4.28706343715074,-6.38210905206702,1.26250499549003,-7.83992419153323,-5.65284371895981,-6.74674171862063,-5.65320148233392,-5.80047980455557,1.24277505734753,-7.16958289998114,-4.74356099359689,-6.32893921003491,-5.11592825684278,3
2080,"ssp585",-12.2335975123762,5.83946854278095,-17.2453124657828,-5.82115229424446,-15.439820121442,-9.72774003567287,-15.5146523166884,4.59933674089835,-19.2876917884914,-10.3913087804635,-18.0763240848008,-13.6281325807869,-14.2361807374966,5.09051302098745,-18.4845581135365,-8.5939258093517,-17.0573082015691,-12.1119920494767,3
2081,"ssp126",-5.78363984694687,1.77418253286131,-6.83618886351452,-3.7352519770168,-6.80783378191191,-5.25736533866305,-7.00042156760597,1.52624172204336,-7.98423523767035,-5.24222219486706,-7.87952125397542,-6.50851473257378,-6.52632713447427,1.62640697488484,-7.52372066571571,-4.64955045250895,-7.46471547545694,-6.02763036885356,3
2081,"ssp534-over",-7.66472983620732,4.01206162920655,-11.4836335062284,-3.48401852991743,-9.75508548935226,-5.75527800119678,-9.49845558437417,3.27992585333964,-12.2300944476567,-5.86073706961783,-11.3173148417523,-8.13263615273289,-8.78603925028075,3.5587258849203,-11.9365603756879,-4.92600465000272,-10.7160565504198,-7.21077868757718,3
2081,"ssp585",-9.85455079133372,2.50357434618299,-11.5285435125694,-6.97642832392995,-11.2936120250356,-9.01755443071587,-13.0391635259862,1.553362704955,-14.800501629481,-11.8648931169054,-13.6262987305265,-12.1584944742387,-11.7987620628905,1.80604882286992,-13.5498054556602,-9.94232363809903,-12.7269812752863,-10.9232403665057,3
2082,"ssp126",-7.34589761529542,5.17084657142784,-12.9260992515593,-2.71632226914587,-9.6606852883702,-4.55579679716349,-8.75062194448324,5.11024602988105,-14.1089467808393,-3.93116031895543,-11.1603527572471,-6.07145952630518,-8.2048675802724,5.12987945969035,-13.643810519157,-3.45338035015773,-10.5806111953297,-5.4853961108301,3
2082,"ssp534-over",-6.20784459637014,2.57592021340408,-9.15098705590512,-4.36371559526306,-7.12990909692369,-4.73627336660266,-7.90828411724087,3.20049736406128,-11.4630181848728,-5.25565560325109,-9.23459837423576,-6.13091708342493,-7.24803424295972,2.91042956032234,-10.5792512222676,-5.1979191822613,-8.27309177330892,-5.58242575330579,3
2082,"ssp585",-11.5774912002359,5.57425748333307,-15.2261222533518,-5.1610122326435,-14.7857306840321,-9.75317567367801,-15.2787336543596,4.6322162105837,-18.2152715057941,-9.93877438630944,-17.9487132883847,-13.8104647286423,-13.837367637047,5.0035795107435,-16.736001459685,-8.05974281246367,-16.7261800493386,-12.388050725728,3
2083,"ssp126",-6.61152589625581,6.21828085645686,-13.7026000131825,-2.08899461520592,-8.87279153678076,-3.06598883779248,-7.87595377768578,6.23021558008087,-14.8723141318065,-2.92732797229318,-10.3502666803821,-4.37777360062541,-7.38526094293027,6.21757431911628,-14.4123423781309,-2.59762239116323,-9.77908021881379,-3.87172022532996,3
2083,"ssp534-over",-6.30722524729049,3.41766319707565,-8.51280856442125,-2.37035994782563,-8.27565789702292,-5.20443358872511,-8.10172135095324,2.88634304737339,-10.0039810979569,-4.78056361299119,-9.76230021993427,-7.1505914774514,-7.40322002649024,3.09286010399628,-9.25268460850544,-3.8326619300307,-9.18849907472001,-6.47848773548265,3
2083,"ssp585",-12.5919709483673,8.43329722381259,-19.0874518295586,-3.06115417871725,-17.3573793331923,-9.34423050777164,-15.910564494791,7.14106841203887,-20.8289215900701,-7.71970376144826,-20.0059948614624,-13.4513859471515,-14.6185206232447,7.64971622396347,-20.1441158867263,-5.88755693773895,-18.9840024659976,-11.8557229915039,3
2084,"ssp126",-6.15719450271123,1.60117813672542,-7.72049404573417,-4.52065156266015,-6.97546597273678,-5.37554473119976,-7.54339764782591,0.508051151313799,-7.95062309988392,-6.97407800943622,-7.82805746702075,-7.3397849217969,-7.00455201890027,0.887030171923555,-7.7113912188517,-6.00917736990496,-7.50223934339792,-6.65113241892455,3
2084,"ssp534-over",-6.00182488446328,2.92152081100848,-8.35224348329269,-2.73092162913249,-7.63727651212868,-4.82661558504857,-7.7812306178198,2.94226093955979,-10.6318386470527,-4.75516902186447,-9.29426141579747,-6.35592660320335,-7.08982056794908,2.92794648592242,-9.76047023483533,-3.95905890966478,-8.65520139709123,-5.75449573450596,3
2084,"ssp585",-14.3672989421811,7.48597769958654,-21.1875913321563,-6.35796032839411,-18.3719682490746,-10.9571527471935,-18.1914278071274,6.42683375333861,-23.848238509013,-11.2031472651089,-21.6855680781366,-15.3630224561846,-16.7020913166987,6.84606295727674,-22.8019806855283,-9.29759840301528,-20.4043377735404,-13.6521466322839,3
2085,"ssp126",-6.58715643509241,4.32372505586498,-11.3466902526251,-2.9017376820213,-8.42986581162796,-4.20738952632604,-7.73173971931975,4.26328638391142,-12.4451915400519,-4.14491635693127,-9.52515140051399,-5.37501380895366,-7.28562810939587,4.28543666005324,-12.0132231167016,-3.65599038971979,-9.10044696923392,-4.92183060574301,3
2085,"ssp534-over",-7.25429876190724,4.43713177945469,-10.40344433164,-2.17968311105748,-9.79160658733212,-5.67972597704086,-8.97648957689815,3.77355868144603,-11.3693096141496,-4.62642226485694,-11.1515232329188,-7.78007955827241,-8.30724116632902,4.02218937067186,-10.7252076251668,-3.66415165048024,-10.6287859242534,-7.09825793691014,3
2085,"ssp585",-11.8298639152152,5.60906287018546,-15.3880398826103,-5.36397274379131,-15.0628095009272,-10.0507759315177,-15.1492549869007,4.35281867800536,-18.2331400692764,-10.1701231808311,-17.6388208899354,-13.6073124457128,-13.8566744312021,4.836171093771,-16.8969723833375,-8.27992686519389,-16.6450482142062,-12.3365254551344,3
2086,"ssp126",-5.55820270354852,4.53704412176391,-8.52141382236108,-0.335032730445531,-8.16978769010002,-4.07659714414225,-6.17793928181905,3.99830724989993,-8.98354629594329,-1.59977944415008,-8.46701920065353,-4.77513577475693,-5.93848355056645,4.19212899128147,-8.53808147613317,-1.10237104843389,-8.35653980163273,-4.63868458778309,3
2086,"ssp534-over",-5.82565499374054,3.5821274672111,-8.18377902215455,-1.70362245788188,-7.88667126166986,-4.64659297953353,-7.71485739746813,2.82698664812493,-9.69107984486896,-4.47668792175102,-9.33394213532669,-6.72674617376772,-6.97960618644734,3.11408078403559,-8.88778152736234,-3.38607742349646,-8.77637056792278,-6.02551851598984,3
2086,"ssp585",-11.4107966170129,5.63165564815691,-15.4708999721383,-4.98162958534863,-14.625380132845,-9.3807449394502,-14.4549333872514,4.34778095975311,-17.3151111964117,-9.45164753190262,-16.9565763149257,-13.0248444826712,-13.2707435328368,4.83085106575677,-16.1548107103592,-7.69364774307105,-16.0592914277197,-11.8287099440757,3
2087,"ssp126",-4.71958765106299,1.91578902932232,-5.99956630327997,-2.5170719756492,-5.82084548876988,-4.07959832495449,-6.09643814106356,1.88330762542518,-7.91285556952424,-4.15270134601028,-7.06830653859019,-5.18822942683321,-5.56199187697861,1.87394898233498,-7.18150648765921,-3.50942963612415,-6.58827299740583,-4.7522345716383,3
2087,"ssp534-over",-7.41793971118896,3.6125058116787,-11.0097865333084,-3.78512339518478,-9.23434786919105,-5.62201630012925,-8.90234251728478,3.15386129869564,-11.8332236172509,-5.5649262530345,-10.5710506494099,-7.43690196730174,-8.32536855152986,3.33084343136912,-11.5094198830631,-4.86495298991288,-10.0555763323384,-6.73334288576323,3
2087,"ssp585",-12.5235879504207,4.40454562545462,-16.1683178499964,-7.62925618179098,-14.9707538347356,-10.7012230006329,-16.3358580568342,3.45073147973505,-20.0150786094752,-13.1714648401787,-17.918054665162,-14.4962477805137,-14.8507338789142,3.77914269381505,-18.5446658500279,-10.9917864210759,-16.7802076078334,-13.0037678933574,3
2088,"ssp126",-5.77598600274012,2.80643846354788,-8.63184914119122,-3.02173201776939,-7.15311299522548,-4.34805443351457,-7.21006943541345,2.61922720633936,-9.78800531961412,-4.55141682480684,-8.53939574071676,-5.92110149331312,-6.65203176524161,2.69183741724616,-9.33336501353861,-3.94981173062062,-8.00314178255211,-5.31136514109311,3
2088,"ssp534-over",-5.70930951837564,3.48063323612831,-9.66898266288775,-3.13319351002171,-6.9973675225526,-3.72947294611958,-7.36329594693391,3.97226426118865,-11.9135140662633,-4.58766749642471,-8.7511101721885,-5.0881868872692,-6.72106908916757,3.75440640617792,-11.0555486712563,-4.48467348064095,-7.83926689343088,-4.55382929812319,3
2088,"ssp585",-14.2883893112389,8.14893654530428,-21.2510540445008,-5.32562084824245,-18.7697735427372,-10.807056944608,-18.0073782988228,6.41998328888509,-23.0082967369958,-10.767795056183,-21.6271699201426,-15.5069190797362,-16.5593429742921,7.09911020313348,-22.3172885752311,-8.62745888242788,-20.5252850202242,-13.6803701738226,3
2089,"ssp126",-7.35044417033845,4.27235241043943,-11.5205344396409,-2.98269110903747,-9.53432070098893,-5.26539903568724,-8.3164020424999,3.95550722888881,-11.8210658365813,-4.02752994163175,-10.460838092934,-6.56407014545922,-7.94222186960649,4.07263413080531,-11.7028865725335,-3.61660844891609,-10.1050285799517,-6.06188951814298,3
2089,"ssp534-over",-7.50641592460503,4.125395849533,-11.8214403438144,-3.60124410524674,-9.45900183428418,-5.34890371500034,-9.21931478145338,3.46447250901878,-12.9147565139069,-6.04481112694598,-10.8065666087071,-7.37159391522665,-8.55156782421946,3.72241156737908,-12.4848270567239,-5.08378807077353,-10.2854577009424,-6.58493820796725,3
2089,"ssp585",-12.6233899121242,5.32260139242859,-17.5568509364917,-6.98241817982695,-15.4438757782729,-10.1566593999405,-16.4689468831896,4.7737261343064,-21.5982487155141,-12.1561088374431,-18.6253659060629,-13.9042959670273,-14.9714524795206,4.97009548026631,-20.0534365392867,-10.1213637441754,-17.3964968471931,-12.4304604496375,3
2090,"ssp126",-5.3759471068924,5.64136706441828,-11.77131268326,-1.10611847323682,-7.51086142372018,-2.17826431870859,-6.70908251698427,5.32838194514361,-12.7916201564577,-2.86550075853602,-8.63087339620839,-3.66781369724754,-6.18928418000402,5.44774372951502,-12.3904002256535,-2.17355864040327,-8.1971469498044,-3.08872615717931,3
2090,"ssp534-over",-7.82328320768936,4.27016553033767,-12.6253403666093,-4.45297709401469,-9.50843626452669,-5.42225462822939,-9.49342330680317,4.16351207591313,-14.1683891910422,-6.18467660433063,-11.1477966580394,-7.15594036468364,-8.84299329930462,4.20232411254339,-13.561609412564,-5.50362176073608,-10.5126790685889,-6.48368524267491,3
2090,"ssp585",-14.1166383910501,6.06716099619811,-17.8515263163936,-7.11612500622648,-17.6168950834618,-12.2491944283783,-18.1887467552953,4.94400058275503,-22.1765280512949,-12.6570118464866,-20.9546142096997,-16.1948561072955,-16.6031968073229,5.37355369099866,-20.5233091137875,-10.4778532812226,-19.6658685703731,-14.6431406540906,3
2091,"ssp126",-5.18667364926279,5.54126371709993,-10.8941434000164,0.171895624956093,-7.86595828637224,-2.33293877388599,-6.19706932982506,5.30560806151132,-11.5369559723379,-0.926417473148218,-8.83239525816348,-3.52712600856864,-5.80445256731989,5.39685972306444,-11.2841799978773,-0.494465248878779,-8.45944622654045,-3.06458885204117,3
2091,"ssp534-over",-6.12435535290877,2.27606553198619,-8.22767701354086,-3.70795909041823,-7.33255348415404,-5.07269452259273,-7.88637625041459,1.26277447705575,-8.7772812331843,-6.44126601076761,-8.60893137023808,-7.44092375902973,-7.20201076052442,1.60734617192532,-8.35686015025527,-5.36629202940129,-8.11987012608598,-6.62458606565899,3
2091,"ssp585",-14.1722875167057,6.34436813980834,-20.029306943175,-7.4329380440629,-17.5419622530271,-11.243777803471,-18.0145425931092,4.70347014369423,-22.2336177561905,-12.9432175497769,-20.5502051147753,-15.9050050115686,-16.5175011868163,5.35141739065484,-21.3668070593156,-10.7760964502037,-19.3882035551226,-14.0928482505666,3
2092,"ssp126",-4.58178076528248,1.95037414566873,-6.048002757383,-2.36826303103368,-5.68853963240687,-3.84866976923221,-5.51119269133523,1.54070422939069,-6.75560658206745,-3.78792031926784,-6.37282887736893,-4.88898574596912,-5.15091569344767,1.66684605795375,-6.21031974084331,-3.22958761394777,-6.11157973319762,-4.62121366974985,3
2092,"ssp534-over",-7.17646055544438,5.91967983542381,-11.8280596122837,-0.513083475587515,-10.5081490953728,-4.85066102702472,-8.73249610262262,6.04938135216608,-12.9996582851644,-1.8094985620493,-12.1939948729093,-6.59891501135175,-8.12864447508039,5.9973439287766,-12.5389454600487,-1.29963540814522,-11.543149008548,-5.92349398259622,3
2092,"ssp585",-11.8427563888406,5.19609425256461,-16.7095446719499,-6.37041928351095,-14.5789249415055,-9.40936224728603,-15.4376965186111,4.66510713947958,-20.6737980775035,-11.723901712694,-17.2945939215697,-12.8196457391649,-14.0384675707551,4.80837967357471,-19.1584741065898,-9.61844685937005,-16.2484779264476,-11.4784643028377,3
2093,"ssp126",-7.03029824759322,4.64214292646312,-10.779317525498,-1.8379381312782,-9.62647830575072,-5.15578860864085,-8.02336942809921,4.17155791849511,-10.6798194120705,-3.21529521820864,-10.4274065330445,-6.69514443611357,-7.63906669730428,4.34148438903467,-10.7189454865463,-2.67359863065109,-10.1218007306309,-6.09912730268329,3
2093,"ssp534-over",-6.29040824775335,3.26089474880871,-9.40355783583275,-2.89953268925624,-7.9858460270019,-4.73383345371365,-7.72243089330905,3.4037128749867,-11.6512735513176,-5.6663151707509,-8.75048875458813,-5.75800956430475,-7.16749401789956,3.23373423740589,-10.7920909625603,-4.57817568756152,-8.46215318306858,-5.35519554556921,3
2093,"ssp585",-12.0149582332588,6.55069504545297,-16.8148916463209,-4.55217758573115,-15.7463485570226,-9.61499152672772,-15.7291864627929,5.646548608178,-21.0562355331419,-9.80983294929549,-18.6888632195416,-13.0656619276184,-14.2840658481153,5.96929281134038,-19.434994557077,-7.74206563171216,-17.5550659563168,-11.7086014936344,3
2094,"ssp126",-4.23558892612072,1.93382180057926,-5.46213202633735,-2.00634683980859,-5.35020996927678,-3.6223173760124,-4.97705049013388,1.79000156097038,-6.75581714486043,-3.1760216838145,-5.87756489329357,-4.08766716277061,-4.6910196927751,1.78121925693251,-6.17574614849914,-2.71600381512805,-5.67852763159863,-3.94865646491308,3
2094,"ssp534-over",-7.07750575369896,5.08385248926692,-11.8424385223929,-1.7256761522639,-9.75342055441648,-4.69503936935201,-8.43301654355641,4.3830987789027,-12.0260945149373,-3.54958625360833,-10.8747316885304,-6.63647755786596,-7.90749201328826,4.64702313756036,-11.9538746728249,-2.83226618658642,-10.4451049266392,-5.88430068351994,3
2094,"ssp585",-12.4749675425094,6.85260082208803,-17.3739250812041,-4.64419717147092,-16.3903527280286,-10.025488773162,-16.4685020039718,6.04492868580659,-21.8611710572214,-9.93413371276383,-19.7356861495758,-13.7721674773471,-14.9144486254817,6.34702062826803,-20.1459347453046,-7.85367062878569,-18.4448376238297,-12.2987055655702,3
2095,"ssp126",-6.02264865490088,5.27467471292018,-11.1609665561199,-0.621448004981738,-8.72324897986046,-3.45348970429137,-7.49328942552252,5.17203892521581,-12.5618139063778,-2.22360558428529,-10.1281313461411,-4.9590271850949,-6.92011495567487,5.21272814721794,-12.0109526300448,-1.59349789349585,-9.58342348676439,-4.37469611848992,3
2095,"ssp534-over",-6.79023650373094,4.46988734436061,-9.58428972763793,-1.63490670978742,-9.3679014007027,-5.39320989177745,-8.37986949686836,4.26377984156172,-11.9986478461995,-3.6794336292009,-10.7300874307021,-6.57048032220277,-7.76357781046976,4.32141718209441,-11.0757666988185,-2.87534784351402,-10.2076927939476,-6.10748336629541,3
2095,"ssp585",-14.2101641790101,6.35808819659595,-18.0259199038923,-6.87040895218431,-17.8800417924229,-12.302286316569,-18.5978597621791,4.82868379426792,-22.2250242415776,-13.1169971180701,-21.3382910842336,-16.7842775224798,-16.8888051526691,5.41766785066316,-20.5084062655392,-10.6602954207065,-20.0030600186503,-15.079004596234,3
2096,"ssp126",-7.27570834844531,6.15473669792773,-12.9447565771023,-0.729418757057517,-10.5488531441392,-4.44118423411683,-8.66538411697826,6.64253270027096,-14.8218025256852,-1.62521517571813,-12.1854685876083,-5.58717491262478,-8.12401362577399,6.45174159700154,-14.0836836101719,-1.27291012153922,-11.5495653778914,-5.14417863357504,3
2096,"ssp534-over",-7.02957332363503,5.56203137912194,-12.5187067898007,-1.3974031888881,-9.8456583910085,-4.2850065905522,-8.57745741156719,5.27945617524796,-13.4476961978942,-2.96692652861521,-11.3827228530432,-6.14233801840366,-7.97660516283277,5.38531333551701,-13.0823856657024,-2.34965345884294,-10.7900810148277,-5.42371491139796,3
2096,"ssp585",-14.6670768007744,6.44828986893297,-18.6536827150424,-7.2276126086946,-18.3868088968143,-12.6737738436404,-18.9950137715583,5.3111922695497,-22.6690974230105,-12.9053732913947,-22.03983401164,-17.1579719458321,-17.3096818063289,5.75598928595954,-20.9301937650286,-10.6723840281373,-20.6283306954247,-15.499425826979,3
2097,"ssp126",-6.70489759649302,4.73196579905363,-11.3295924731906,-1.8725008934475,-9.12109594801578,-4.39255015814422,-7.89141742259627,4.74653573858337,-12.2641094403,-2.84338049640522,-10.4154358856918,-5.70507141374439,-7.43087833628669,4.73765530925372,-11.8966252821139,-2.46154620459968,-9.91554440213019,-5.19800486337306,3
2097,"ssp534-over",-6.5835838793637,3.8617106509124,-9.19757287518314,-2.14799460125769,-8.8013785184167,-5.27658938145398,-8.35739343413589,3.58585777673438,-10.5295746095982,-4.21850123138096,-10.4268395355134,-7.27130284640476,-7.66761475355218,3.69313304824302,-9.88111356216009,-3.40419796413409,-9.79932314826123,-6.56086534924823,3
2097,"ssp585",-15.0228688346859,6.84891012095062,-20.0043085965998,-7.21270224672291,-18.9279521286674,-12.5321489537289,-19.5343908203465,5.36887011382193,-23.0152828129408,-13.3512756375118,-22.6259484117638,-17.7939448240493,-17.776257671416,5.95690878990168,-21.8312643690225,-10.937054743152,-21.195859135548,-15.7487543226127,3
2098,"ssp126",-5.7799446576525,2.44623398104443,-7.52435494508113,-2.98372411590953,-7.17805492852398,-4.90773951393818,-7.13170883370584,1.75983207013497,-8.31489538690023,-5.10936012715895,-8.14288318697928,-6.54011555710864,-6.60554337705048,2.01985544875428,-7.79528554818704,-4.27337519296197,-7.77162746909473,-6.0106722914822,3
2098,"ssp534-over",-6.74027274161486,3.96279823435714,-9.53621749271782,-2.20529708939807,-9.00776056772326,-5.34230036606339,-8.37581650659149,3.37695680744431,-10.7473315280679,-4.5094294696919,-10.3090100250413,-7.19005899585327,-7.74093064763061,3.58403717779953,-9.88038467332332,-3.60324424036431,-9.80977385126377,-6.67120363478426,3
2098,"ssp585",-13.3346281654667,7.205217298182,-19.5263358171792,-5.42605955678625,-17.2889124698069,-10.2387743396104,-17.5397320936457,6.23377929375006,-23.9105519424889,-11.4526855408062,-20.5832553700654,-14.3543221692241,-15.902092071607,6.5896134339091,-22.2346984819,-9.08249210222246,-19.3118920562993,-12.7357888664606,3
2099,"ssp126",-6.95158713442002,4.53971226242443,-11.9137500962288,-3.00705374759378,-8.92385382783314,-4.47050565351561,-8.04786102720192,3.52785962927621,-11.9631443306373,-5.11620138065197,-9.5136908504769,-6.09021937548424,-7.62087107866397,3.92308596477912,-11.9437208217127,-4.28670111066103,-9.28795606266544,-5.45944620713961,3
2099,"ssp534-over",-6.23455447811149,5.05127293028365,-9.3210488882061,-0.405222531886359,-9.14922045122406,-4.69130727306419,-7.50571626437639,5.10776685823858,-11.0571233678131,-1.6520336828732,-10.432557555128,-5.73001271265802,-7.01344683350808,5.0780510929667,-10.2621522974188,-1.16167911017232,-9.93933069517596,-5.38909410155271,3
2099,"ssp585",-15.9451054592199,6.53275425891895,-21.4530914089684,-8.72754370023876,-19.5538863387105,-13.1911124843457,-20.4765941930443,4.88953999961558,-24.4662381542419,-15.0220529745592,-23.2038648022868,-18.4817722124455,-18.7102470155569,5.54180910107936,-23.2813653973534,-12.5465045299306,-21.79211825837,-16.4246878246586,3
2100,"ssp126",-5.06010223704804,2.17578063017614,-6.55547723227072,-2.56401216325558,-6.30814727394427,-4.3124147394367,-5.95848669240569,2.16404759901373,-7.50011621042631,-3.48454662013368,-7.19545672854169,-5.18767193339538,-5.61046628258645,2.15674687635918,-6.94994852599988,-3.12251241800002,-6.85444321487967,-4.94072516087974,3
2100,"ssp534-over",-7.60105506504066,5.97147080704876,-13.8701251519223,-1.98004987624121,-10.4115576594404,-4.46652002159983,-9.19136467702946,5.79184637220685,-15.1033156079102,-3.52760200754415,-12.0232460117721,-6.2353892115891,-8.57326213316376,5.85949020124187,-14.6183827789177,-2.91896992763633,-11.4004082359275,-5.55070181028677,3
2100,"ssp585",-13.6008699940282,5.45553304678662,-17.6074486786381,-7.38767135844829,-16.7074693118182,-11.5975806517233,-18.1226493428156,3.65127195045807,-20.2951719402355,-13.9071875025972,-20.2303802629248,-17.0363880441057,-16.360377371646,4.36071272600422,-19.2382668705711,-11.3431467891738,-18.8689926628821,-14.9214326221834,3
2101,"ssp126",-8.71373964864853,7.54854816811501,-17.2615573227381,-2.96277657961209,-11.5892211831667,-4.43983081160377,-10.2347147591222,7.93208018743455,-19.2228322191496,-4.21481052793379,-13.2446668747165,-5.74065602910856,-9.64153605458864,7.77851702155273,-18.451591589342,-3.72240189712363,-12.6011031333211,-5.23650828721193,3
2101,"ssp534-over",-5.15141283692181,4.66474272727197,-8.44988405186645,-1.85294162197717,-6.80064844439413,-3.50217722944949,-6.30250299255879,3.62846396672512,-8.86821446872117,-3.73679151639642,-7.58535873063998,-5.01964725447761,-5.84980524775782,4.0360344626551,-8.70371258540384,-2.9958979101118,-7.27675891658083,-4.42285157893481,2
2101,"ssp585",-16.2036373266582,7.76612458909477,-22.4708025164699,-7.51535658549346,-20.5477776972405,-13.0700547317523,-21.0781699220274,6.55447685566257,-26.3780407053662,-13.7490578814859,-24.7427259422981,-18.428234530358,-19.1776444694814,7.03881929575937,-24.8415804941403,-11.2974244220627,-23.1177544931908,-16.345676457152,3
2102,"ssp126",-7.11518527571888,4.32995614281195,-11.7025023386841,-3.09934445959102,-9.1231056837828,-4.82152674423625,-8.16190560630968,3.93979821638519,-12.336557066276,-4.50894138782331,-9.98838771555287,-6.07457987632651,-7.75429040962346,4.09246534862953,-12.0872249770645,-3.95456529094873,-9.65415296896082,-5.58782312590294,3
2102,"ssp534-over",-5.90279668565261,7.1989622539423,-10.9932317129212,-0.812361658384015,-8.4480141992869,-3.35757917201831,-7.42579141764001,7.11556825186802,-12.4572579805316,-2.39432485474842,-9.9415246990858,-4.91005813619422,-6.82685596808217,7.14842050882049,-11.8815525846421,-1.77215935152221,-9.35420427636215,-4.29950765980219,2
2102,"ssp585",-16.3937677655942,8.11524890849786,-22.3612432059902,-7.15309848926756,-21.0141024037575,-13.4100300453962,-21.0057556328197,6.7191553255733,-25.2242501573485,-13.2573350047977,-24.8799659468308,-18.8965083705554,-19.20988798335,7.26908723307407,-24.0984175224899,-10.856618355874,-23.3865227970881,-16.7656232137801,3
2103,"ssp126",-7.74061451555835,3.80758978977827,-11.7278776487821,-4.14260159245733,-9.53962097710886,-5.74698294894649,-8.96018656919552,3.56716864260819,-12.6108216459192,-5.48279767122082,-10.6988810181829,-7.13486903083367,-8.48584317098083,3.66023958903256,-12.2636177502885,-4.95571602375776,-10.2509067445924,-6.596955881327,3
2103,"ssp534-over",-7.35208774124204,8.81699700402581,-13.5866461124902,-1.11752936999392,-10.4693669268661,-4.23480855561798,-8.88667556645337,8.30297253655969,-14.7577637510604,-3.01558738184634,-11.8222196587569,-5.95113147414985,-8.28317299666956,8.50517524155348,-14.297240085152,-2.26910590818716,-11.2902065409108,-5.27613945242836,2
2103,"ssp585",-16.1442408183881,7.21450468030899,-21.1681279404193,-7.87734318101212,-20.2776896370761,-13.6322972573725,-20.9718431387094,5.60743320477636,-24.2832362535517,-14.497504254319,-24.2090125809046,-19.3161465812882,-19.091279288008,6.23933565777055,-22.9681959551497,-11.8938812022289,-22.6899783308975,-17.1528209544371,3
2104,"ssp126",-4.78919749766747,1.93299647766737,-6.95634426216275,-3.24293463150251,-5.56232893074995,-3.70562411541983,-5.69603537642597,1.64941219808918,-7.53203824106929,-4.33942168940603,-6.37434221993595,-4.77803394410431,-5.34325581093971,1.7590497809969,-7.30565560206206,-3.90818762294396,-6.06078990493758,-4.36205591537854,3
2104,"ssp534-over",-7.80615611007817,7.00220884663005,-12.7574654688147,-2.85484675134163,-10.2818107894464,-5.3305014307099,-9.45219437222881,6.78646040177361,-14.2509465425769,-4.6534422018807,-11.8515704574029,-7.05281828705476,-8.80486828130158,6.87136703189373,-13.6636585055753,-3.94607805702784,-11.2342633934385,-6.37547316916471,2
2104,"ssp585",-14.3568243941356,6.36718493366184,-20.2349548785419,-7.59326827265576,-17.7386024548755,-11.4177591519324,-19.0765982487651,5.51712326830183,-24.9346115885522,-13.9793183163895,-21.6252382149529,-16.1475915788716,-17.2377213188186,5.8363013861641,-23.1381819108309,-11.4677680804432,-20.1226979380063,-14.2874910228125,3
2105,"ssp126",-7.78026230918775,9.02350672925709,-17.9478157783499,-0.724350682733397,-11.3082181224149,-2.69648557460665,-9.17934605236769,9.74709198155974,-20.1405637201536,-1.48636687729111,-13.025835639906,-3.69873721847471,-8.63371545951073,9.46017629376043,-19.2782999412514,-1.18667584134093,-12.3572352685956,-3.31142321864039,3
2105,"ssp534-over",-4.81692853082666,3.4621397354548,-7.26503101518215,-2.36882604647117,-6.04097977300441,-3.59287728864892,-5.91389585087369,1.82985984487127,-7.20780215580313,-4.61998954594425,-6.56084900333841,-5.26694269840897,-5.48247139761441,2.47181211827914,-7.23030650826867,-3.73463628696015,-6.35638895294154,-4.60855384228728,2
2105,"ssp585",-15.9953430275053,7.72251943795557,-22.33430585767,-7.39442817842557,-20.2958004520451,-12.8258616124229,-20.8696590412079,6.27023866666057,-25.8702753520428,-13.8348971898372,-24.3870399668933,-18.3693508857905,-18.9698152248105,6.84882157169405,-24.4798107390454,-11.3019446832893,-22.8037504955712,-16.2148174676931,3
2106,"ssp126",-7.37282678038181,6.77297118379315,-14.806675131511,-1.55196280629565,-10.2832587674249,-3.65590260481723,-9.08127644876135,6.83046328157081,-16.6481257327679,-3.37111296204289,-11.9363581921206,-5.29785180675808,-8.4147880258859,6.8050955523323,-15.9240041299924,-2.65566491957542,-11.2943495790411,-4.66017997383266,3
2106,"ssp534-over",-5.39898294917174,3.40679962427604,-7.80795406564111,-2.99001183270237,-6.60346850740643,-4.19449739093705,-6.94138026111926,2.54160494714014,-8.73856635433933,-5.14419416789919,-7.83997330772929,-6.04278721450922,-6.33479999319265,2.88190936757783,-8.37261764977197,-4.29698233661333,-7.35370882148231,-5.31589116490299,2
2106,"ssp585",-15.0196155270372,6.18806670727648,-18.7978181080997,-7.87827104753966,-18.590287766786,-13.130514236506,-19.9760938091451,5.11374226009663,-23.3876438574832,-14.096429159763,-22.9159261338362,-18.2703187849761,-18.0452574034844,5.5425307271225,-21.4745410342624,-11.6509086319008,-21.2424317892762,-16.3306155880954,3
2107,"ssp126",-8.04393552609325,6.2042224196021,-14.9446727719439,-2.92706009859432,-10.6023732398427,-4.5935669031679,-9.41486102857348,6.06765891694881,-16.1130511966543,-4.28611117840633,-11.9792359536571,-6.06576594453308,-8.88154845452647,6.11855931858968,-15.6536046836867,-3.75161410481791,-11.4465156293807,-5.49552033994636,3
2107,"ssp534-over",-6.49659016231541,8.18068769268684,-12.2812099045836,-0.711970420047219,-9.38890003344951,-3.60428029118132,-7.80796643429054,7.61526424607592,-13.1927714232183,-2.42316144536279,-10.5003689287544,-5.11556393982666,-7.29224322856368,7.837671840293,-12.8343141355497,-1.75017232157766,-10.0632786820567,-4.52120777507067,2
2107,"ssp585",-16.0332516793411,8.28707752118509,-22.3282278947201,-6.64432065530681,-20.7277171913583,-12.8857635716517,-20.7530369044428,6.70841383700819,-25.5159486550045,-13.081134927855,-24.5889878927367,-18.3715810291619,-18.9135509096304,7.33676965969027,-24.2624274014002,-10.5496197824602,-23.0955164732155,-16.2391126637455,3
2108,"ssp126",-6.26154278095297,4.44364943025542,-11.0978211022725,-2.35887364145811,-8.2128773507004,-3.84340362029318,-7.63199085325981,4.17061171998086,-12.073479065826,-3.79913975236741,-9.548416403706,-5.4112467469767,-7.09926773321501,4.27478798318251,-11.6898168552585,-3.23270186573841,-9.03255066695331,-4.80399317219324,3
2108,"ssp534-over",-5.19366135926556,5.45520832601966,-9.05107615937938,-1.33624655915174,-7.12236875932247,-3.26495395920865,-6.68825348583484,4.42739750582733,-9.81889628521375,-3.55761068645593,-8.25357488552429,-5.12293208614538,-6.10047009032951,4.83165067729174,-9.51696304856707,-2.68397713209195,-7.80871656944829,-4.39222361121073,2
2108,"ssp585",-15.6198060729281,7.07785043965339,-21.2605110787795,-7.67765680286843,-19.5908807079579,-12.7994535700024,-20.2429398474173,5.7642930907803,-24.5580722594078,-13.6965470286861,-23.5161362567829,-18.085373641422,-18.4415342506737,6.28760359141967,-23.2613579811443,-11.3293959629627,-21.9976033945291,-16.0316223854384,3
2109,"ssp126",-8.41257202755312,8.21009771080327,-17.6997742945046,-2.12075672095389,-11.5584796808527,-3.76897089407736,-9.86586208586455,7.94684137267492,-18.8725762379786,-3.84210606905578,-12.8777400942689,-5.36250500980752,-9.29971645322129,8.04732412043605,-18.4113902455513,-3.16512180933903,-12.3670137751624,-4.74387955705631,3
2109,"ssp534-over",-5.36545156691528,3.20344948134727,-7.63063241836446,-3.1002707154661,-6.49804199263987,-4.23286114119069,-6.16557085649499,2.32094812398952,-7.80672901375017,-4.5244126992398,-6.98614993512258,-5.34499177786739,-5.850899003889,2.66803095721747,-7.7374817861531,-3.96431622162489,-6.79419039502105,-4.90760761275694,2
2109,"ssp585",-17.0981967438638,7.29314215252222,-22.3788543231478,-8.77667845688414,-21.2589558873536,-14.4578679542218,-22.2075531063611,5.44461775742098,-25.7917140937788,-15.9423076216611,-25.3401758487111,-20.4154726126522,-20.2156481236095,6.17985640746528,-24.4496604511394,-13.1241590797219,-23.7613926455533,-18.0986419598446,3
2110,"ssp126",-6.03196477423962,3.86604582756896,-9.88368364183741,-2.1517495221193,-7.97207240029979,-4.10610534044073,-7.14568654584178,3.79430125499632,-10.5622214509226,-3.06208986444908,-9.18748488653812,-5.43741909330137,-6.71413459083049,3.81378918040225,-10.2953970867375,-2.70406487468045,-8.71916944890551,-4.92350334287697,3
2110,"ssp534-over",-6.60545331961562,4.09568393108932,-9.50153920088565,-3.70936743834559,-8.05349626025063,-5.1574103789806,-7.7536119417413,3.10778356785568,-9.95114677703218,-5.55607710645042,-8.85237935938674,-6.65484452409586,-7.30206795390301,3.49632863473017,-9.77434564077742,-4.8297902670286,-8.53820679734021,-6.0659291104658,2
2110,"ssp585",-16.8661248106014,6.79223261465614,-23.3173642209512,-9.77779149394028,-20.410291468932,-13.6405051054265,-21.9098844244542,4.56161204327425,-26.5130103355241,-17.390951784254,-24.1693507445543,-19.6083214689192,-19.9422022259097,5.43348033813815,-25.2563725604959,-14.3967950844961,-22.7149057966164,-17.2851170586166,3
2111,"ssp126",-7.04102527931013,4.85154425422466,-12.0230472914926,-2.33143947094217,-9.3958181834941,-4.55001427321888,-8.19066252932102,4.73023644614059,-12.9086004981298,-3.44822279236877,-10.5618823977971,-5.83169354491662,-7.74386410019506,4.7762054971261,-12.5603705717362,-3.00900647003788,-10.1112929152737,-5.33561086442447,3
2111,"ssp534-over",-9.07617726349308,7.51296527532983,-14.3886459564979,-3.7637085704883,-11.7324116099955,-6.41994291699069,-10.6992646707679,6.60904952825122,-15.3725684093921,-6.02596093214374,-13.03591654008,-8.36261280145583,-10.0609514430338,6.96458442465547,-14.9856563178539,-5.13624656821373,-12.5233038804439,-7.59859900562378,2
2111,"ssp585",-17.189970838092,7.53225968864817,-22.1095643716247,-8.5186416021316,-21.5256354560722,-14.7301740713256,-22.2977856744724,6.04564728884692,-25.8360100407626,-15.3170924076748,-25.7881323078713,-20.5286734913274,-20.3070233554763,6.63920769892472,-24.3125425269671,-12.6433503280171,-24.1388598692059,-18.3042637697308,3
2112,"ssp126",-9.22737297022749,7.33053899480489,-17.5582816720238,-3.76431617400703,-11.9589013683377,-5.06191861932935,-10.9733459245714,7.6560774213245,-19.6965656952716,-5.3689170236912,-13.7755603750115,-6.61173603922127,-10.2922167410143,7.52460847451247,-18.8557189991688,-4.73784842651064,-13.0694008982662,-6.01046561193711,3
2112,"ssp534-over",-3.15267955670721,0.874076830386718,-3.77074521075171,-2.53461390266272,-3.46171238372946,-2.84364672968497,-4.19493385924679,0.592528103042183,-4.61391449895152,-3.77595321954206,-4.40442417909916,-3.98544353939443,-3.7850289655575,0.0157313070460994,-3.79615267944673,-3.77390525166828,-3.79059082250211,-3.77946710861289,2
2112,"ssp585",-16.6618581257545,6.2699503992682,-21.2839695530446,-9.52489913141997,-20.2303376229217,-14.3508024121094,-21.3586037310834,3.96226881690439,-23.7759544949303,-16.7858704363396,-23.6449703784553,-20.14992834916,-19.5274397679014,4.87005997804759,-22.7960204532682,-13.9302250735282,-22.326047115088,-17.8931494252179,3
2113,"ssp126",-5.70025562698546,2.57831992100086,-8.67581863259358,-4.12731418775503,-6.48672634660067,-4.2124741241814,-6.9719972610142,2.12230206733277,-9.42132718357535,-5.67838838890819,-7.6188016970672,-5.74733229973362,-6.47693209243662,2.29603743331985,-9.12816762423052,-5.15059918938693,-7.14009854396147,-5.15131432653967,3
2113,"ssp534-over",-6.51270058439132,4.44678222603547,-9.65705045088081,-3.36835071790183,-8.08487551763606,-4.94052565114657,-7.72864713231682,3.39175170484526,-10.1269777629139,-5.3303165017197,-8.92781244761538,-6.52948181701826,-7.25044357162699,3.80669894394861,-9.94218620882873,-4.55870093442526,-8.59631489022786,-5.90457225302613,2
2113,"ssp585",-17.8840672591645,8.66419347641225,-24.4599800589963,-8.06646487087677,-22.7928684533084,-14.5961108592486,-23.2847246535805,6.37366419519497,-27.9737859521907,-16.0276464598217,-26.9132637504598,-20.9401940042753,-21.1781733921857,7.28415214271386,-26.5920368281658,-12.8966175199929,-25.3189513282821,-18.4712416741956,3
2114,"ssp126",-7.73145783581236,7.12951026083507,-15.5939078486319,-1.68686433188783,-10.7537545877746,-3.80023282940258,-9.13352867695979,7.27148669847037,-17.2237108257458,-3.1426129944303,-12.1289865182245,-5.08843760256678,-8.58626510260644,7.21322106328553,-16.5828163357223,-2.57008602206895,-11.5943546428752,-4.5879894860485,3
2114,"ssp534-over",-6.28016591447502,4.79344845866169,-9.6696458248629,-2.89068600408713,-7.97490586966896,-4.58542595928107,-7.58659376482278,4.25086820628871,-10.5924114994198,-4.58077603022574,-9.08950263212131,-6.08368489752426,-7.07281700364943,4.46429228694494,-10.229548352947,-3.91608565435186,-8.65118267829821,-5.49445132900064,2
2114,"ssp585",-18.4614190335822,8.28752132615333,-24.9942598998492,-9.13905091297067,-23.1226030938879,-15.1949986004487,-24.0178753053363,6.86177328361643,-29.3502720986083,-16.2764339662315,-27.8885959748887,-21.3516769087003,-21.8517174250262,7.43234872144333,-27.637338538011,-13.4693942517454,-26.0428790116666,-18.9589068685339,3
2115,"ssp126",-7.09512131698316,7.86543360754508,-15.8003444222744,-0.499885442247972,-10.3927392543508,-2.74250976433756,-8.27613663315366,8.3135325081411,-17.4476418450173,-1.23529912533209,-11.7965553870644,-3.69038402722183,-7.81595762177939,8.13557273984401,-16.7998679382992,-0.946070510363685,-11.2509011774872,-3.32400246351947,3
2115,"ssp534-over",-3.22237448424827,3.29908805233284,-5.55518201778434,-0.889566950712198,-4.38877825101631,-2.05597071748023,-3.75985586342972,1.74943854228671,-4.99689571994976,-2.52281600690968,-4.37837579168974,-3.1413359351697,-3.54845675231024,2.35887471755845,-5.21643306106533,-1.88048044355516,-4.38244490668778,-2.7144685979327,2
2115,"ssp585",-17.1472354368898,6.46247543347385,-21.5302493062308,-9.72548177819886,-20.8581122662352,-14.9557285022193,-22.4146446814701,4.61450830038314,-26.4552874225473,-17.3862356237887,-24.9288492103108,-20.3943233109315,-20.3612217978644,5.32665898033387,-24.5727063784437,-14.3733609991533,-23.3551521972199,-18.2554795075747,3
2116,"ssp126",-6.5092646726395,6.03294892767222,-12.4160989168936,-0.357652016765023,-9.58507100057674,-3.55584755051248,-7.31711448214436,5.81603810322175,-12.5993988954865,-1.08439842122091,-10.4334725126061,-4.67597227547331,-7.00497057185707,5.89421540311324,-12.5273190502836,-0.798578533953461,-10.1081665908089,-4.24379633264383,3
2116,"ssp534-over",-4.49850693747654,5.6387818827211,-8.48572784438048,-0.511286030572601,-6.49211739092851,-2.50489648402457,-5.15871297978168,5.18019496010455,-8.82166396393999,-1.49576199562338,-6.99018847186083,-3.32723748770253,-4.8990713895891,5.36056372049581,-8.68956234733428,-1.10858043184392,-6.79431686846169,-3.00382591071651,2
2116,"ssp585",-18.0738193204707,7.97064428166578,-24.0525951503569,-9.02457580107402,-22.5984410801691,-15.0844314055276,-23.1765314567458,5.92862988089303,-26.8501505304435,-16.3370182068393,-26.596288081699,-21.3397219198969,-21.1888794570808,6.72865617400153,-25.7500557006942,-13.461129931024,-25.0527542201092,-18.9082913352741,3
2117,"ssp126",-9.84124333619111,9.04377452561858,-19.8268685774872,-2.20167344002271,-13.6610282842753,-4.84843071554304,-11.429844941442,9.37838755953898,-21.7223479690506,-3.36769917596863,-15.4609178241786,-6.28359342763767,-10.8113736937965,9.2441327275622,-20.9769803908435,-2.9091164539137,-14.7625023137379,-5.72857034527297,3
2117,"ssp534-over",-4.24960613756091,6.23242719753325,-8.65659767218814,0.157385397066321,-6.45310190487452,-2.04611037024729,-4.94133346093298,5.29364238696397,-8.68450388993175,-1.19816303193422,-6.81291867543237,-3.0697482464336,-4.66928685610165,5.66285525381576,-8.67353020695264,-0.665043505250657,-6.67140853152714,-2.66716518067615,2
2117,"ssp585",-17.1862818036012,7.14657453068263,-22.6843175195145,-9.10788968851945,-21.2254778611421,-14.4372639456446,-22.5652126929936,4.96267718583114,-25.8383446570036,-16.8551813299646,-25.420228374508,-20.9286467109885,-20.4690711053709,5.82343921633721,-24.5980728927558,-13.8082725182949,-23.7994703989089,-18.4045702116785,3
2118,"ssp126",-5.74833670451843,6.80760617443402,-13.4728020410221,-0.623971604603025,-8.31051925447614,-1.8861040362666,-6.79529540271551,7.07484904897587,-14.739148982627,-1.17264701555139,-9.60661959629756,-2.82336861275975,-6.38844153621859,6.96525433851576,-14.2411778850592,-0.95686012876094,-9.10423223994742,-2.46207336179829,3
2118,"ssp534-over",-4.66221770951815,4.48493532999056,-7.8335458945376,-1.4908895244987,-6.24788180202788,-3.07655361700842,-6.00197824038821,3.53164353859316,-8.49922733526109,-3.50472914551534,-7.25060278782465,-4.75335369295177,-5.47508540539985,3.90658554639394,-8.23745853654035,-2.71271227425934,-6.8562719709701,-4.09389883982959,2
2118,"ssp585",-17.9420905779069,7.85317827612928,-23.0298832639508,-8.89756478655089,-22.4643534735848,-15.3981942348849,-23.481646883194,6.33220715076452,-27.1591078423935,-16.1698863406067,-27.1375271544877,-21.6429164035943,-21.3224410656492,6.94151495370066,-25.5091661199836,-13.3097770727678,-25.3287730620899,-19.229078538482,3
2119,"ssp126",-8.57832208489752,6.77858863365659,-16.1628334087851,-3.11105751321497,-11.3119543707388,-4.78606642295374,-10.2763850398484,7.20421737718484,-18.3887125594589,-4.62543142596843,-13.1018618467884,-6.22022128004319,-9.6135805315393,7.03384296779474,-17.5134204516661,-4.02984790691679,-12.4054468438506,-5.6636605714759,3
2119,"ssp534-over",-1.44506979887501,0.532827762453635,-1.82183592291043,-1.06830367483959,-1.63345286089272,-1.2566867368573,-1.93654595126013,0.228449079893307,-2.09808384480851,-1.77500805771174,-2.01731489803432,-1.85577700448594,-1.74325355497533,0.0709494357939081,-1.79342238214656,-1.6930847278041,-1.76833796856095,-1.71816914138972,2
2119,"ssp585",-16.2836788272823,7.4299200147573,-21.6959439909427,-7.81263074092281,-20.519202870462,-13.5775462454521,-21.4292240450252,5.35683626604582,-24.7709448411525,-15.250551386921,-24.5185603740772,-19.7583636469615,-19.4237213412386,6.17553658646534,-23.5617489264372,-12.3253141549114,-22.9729249344022,-17.3547075486393,3
2120,"ssp126",-7.04810455918881,7.2348566481316,-15.0550437602709,-0.980695959635052,-10.0818088589657,-3.04463495864779,-8.48847985109747,7.10192785898163,-16.3143623663695,-2.453263527159,-11.5060880130667,-4.57553859346146,-7.92786950064965,7.15181072839089,-15.8191550516412,-1.87412189871364,-10.9547433016177,-3.98222672515386,3
2120,"ssp534-over",-5.91991561848172,5.90125061096262,-10.0927299429746,-1.74710129398879,-8.00632278072818,-3.83350845623526,-7.5870569575483,5.44030524523474,-11.4339336881785,-3.74018022691808,-9.51049532286342,-5.66361859223319,-6.93142729443946,5.62163896110735,-10.906526325221,-2.95632826365795,-8.91897680983021,-4.9438777790487,2
2120,"ssp585",-18.1778735121824,7.5615259654248,-24.5784729950872,-9.83452801744601,-22.3495462595506,-14.9775737707299,-23.6646887295171,5.54974600125126,-28.3858886116397,-17.5514384672577,-26.7213138606468,-21.3040887884558,-21.5250274842141,6.34800096138614,-26.8886820632758,-14.5164781822191,-25.0293021352117,-18.8432001946833,3
2121,"ssp126",-7.16842731933539,5.30592105637615,-12.7251699087422,-2.15516070207202,-9.67506062796708,-4.390056024632,-8.43609175308183,4.97459327144822,-13.4782094793222,-3.53189108923149,-10.888192085007,-5.91503288996164,-7.94370650885979,5.10180244327598,-13.1820884644931,-2.99044097452441,-10.4203392760275,-5.32451553104311,3
2121,"ssp534-over",-5.88226687324427,6.84280830515032,-10.7208630281757,-1.04367071831285,-8.30156495070998,-3.46296879577856,-6.76063001504706,6.78404511471139,-11.557674319535,-1.96358571055917,-9.15915216729101,-4.36210786280312,-6.41520326178824,6.80718705302349,-11.2286113877864,-1.60179513579006,-8.82190732478733,-4.00849919878915,2
2121,"ssp585",-18.037784911992,7.45424488478474,-23.634566310556,-9.5761093633619,-22.268622686307,-15.2393942127099,-23.7377158116657,4.97288967494332,-27.2448002451824,-18.0465473047045,-26.5833000651463,-21.9841735949073,-21.5145409309937,5.95841711116131,-25.8251323044014,-14.7152344799605,-24.9141941565103,-19.3592452442898,3
2122,"ssp126",-8.13813623560194,6.62405844860681,-15.7521148923247,-3.69976184898582,-10.35732342891,-4.33114690724058,-9.53293168760361,6.9572635018002,-17.5077791044499,-4.70594145888807,-11.9464268019614,-5.54550797918045,-8.98964255785859,6.82211839343567,-16.8173916553639,-4.31022413450944,-11.3293517695332,-5.07576800910595,3
2122,"ssp534-over",-4.99513647058749,4.01774683376827,-7.83611250183582,-2.15416043933917,-6.41562448621166,-3.57464845496333,-6.201988576708,3.07133302380413,-8.37374898512209,-4.03022816829391,-7.28786878091505,-5.11610837250096,-5.7273635231705,3.44356524603482,-8.16233186010005,-3.29239518624096,-6.94484769163528,-4.50987935470573,2
2122,"ssp585",-17.4796088855935,7.63017609676223,-22.6711388719044,-8.71897572121757,-21.8599254677815,-14.8838438924381,-22.9629937683516,5.26550644587122,-26.239355122186,-16.8892014830047,-25.9998899110251,-21.3248130914344,-20.8256056740735,6.19347819300567,-24.5456114414216,-13.6759581950217,-24.4004294135995,-18.9656027903995,3
2123,"ssp126",-6.65507370820001,4.85528097229005,-11.6111061180722,-1.90724244822002,-9.02898933819001,-4.1770575032639,-7.92261166559911,4.93413279014481,-12.5695509322091,-2.7442982572145,-10.5117683697914,-5.59914203229411,-7.43150847722141,4.8937768178025,-12.1926575230072,-2.41509511909579,-9.93971515628422,-5.05093395432852,3
2123,"ssp534-over",-8.30091720988323,7.76941501661249,-13.7947232539825,-2.80711116578394,-11.0478202319329,-5.55401418783359,-10.167515816876,8.01510209670531,-15.8350488613588,-4.49998277239313,-13.0012823391174,-7.33374929463455,-9.43346060748348,7.918552500526,-15.0327227777871,-3.83419843717985,-12.2330916926353,-6.63382952233166,2
2123,"ssp585",-17.8213904853995,8.70320906651645,-23.5625892500913,-7.80762474535759,-22.8282733554205,-14.9507911030536,-23.5041328418324,7.05239090722958,-29.0337099300835,-15.5620814661335,-27.4751585296818,-20.7393442977068,-21.2893850717085,7.70559094610458,-26.9423904643451,-12.5123547221644,-25.6779002464805,-18.4628823753902,3
2124,"ssp126",-8.40679151167214,7.58485873541157,-16.9735136207197,-2.54592094341598,-11.3372267958002,-4.12343045714837,-9.96164654247798,7.45520941254703,-18.4321118756323,-4.39654163963029,-12.7441989939018,-5.72641387590084,-9.35515557348296,7.5026108152134,-17.8585409607069,-3.66871664383577,-12.1983750383066,-5.103462879871,3
2124,"ssp534-over",-8.16889120068956,7.30023172834388,-13.3309345600347,-3.00684784134441,-10.7499128803621,-5.58786952101699,-9.49368145311148,6.79647713344872,-14.2995165223524,-4.68784638387059,-11.8965989877319,-7.09076391849103,-8.97268420420704,6.99463329416727,-13.9186368384259,-4.02673156998816,-11.4456605213165,-6.4997078870976,2
2124,"ssp585",-18.2591821298204,7.9901011562274,-25.2145663131983,-9.53185294277347,-22.6228467233439,-14.7814900381315,-24.0589610191445,5.32058392888049,-28.9073526381971,-18.3669773683582,-26.9049528445376,-21.6347652096181,-21.7959751584441,6.37328088016945,-27.4552222630785,-14.8922381032837,-25.2478436860243,-18.9663516061269,3
2125,"ssp126",-5.77330944926948,4.05951478367946,-10.3673330861289,-2.66953223935685,-7.3251980542258,-3.47629763083975,-6.91395070127892,3.84454427457449,-11.2671417103024,-3.98381906068508,-8.37901652157583,-4.73735519676719,-6.46981194517267,3.9266596612083,-10.9133060642726,-3.46692718642754,-7.97125432454523,-4.24806488562272,3
2125,"ssp534-over",-4.33053560441783,3.68449947172045,-6.93587016614962,-1.72520104268605,-5.63320288528373,-3.02786832355194,-5.22499811985842,2.90575606349593,-7.27967793683032,-3.17031830288652,-6.25233802834437,-4.19765821137247,-4.87322671960454,3.21203848917157,-7.14448091672996,-2.60197252247913,-6.00885381816725,-3.73759962104184,2
2125,"ssp585",-19.2037998670155,9.36495434583582,-26.9770716918539,-8.80682189350079,-24.4022888537728,-15.3171639545963,-25.057406082739,7.58222680129297,-31.3798738417376,-16.6511779855534,-29.2605201313318,-21.8961722032397,-22.7748905097958,8.2916188727142,-29.6485408658212,-13.566094990757,-27.3792882693152,-19.3380653317831,3
2126,"ssp126",-8.35670385864231,10.9044361443208,-20.881477081409,-0.974375545977272,-12.0478680149748,-2.09431724725896,-10.0475020826473,11.7856867988743,-23.6055158319815,-2.24986342916756,-13.9463214093871,-3.26849520798014,-9.38652911153483,11.4359717205229,-22.5343302651568,-1.74823067151066,-13.2056783315469,-2.81262853472386,3
2126,"ssp534-over",-5.57973568554136,10.3620820761968,-12.9068341888317,1.747362817749,-9.24328493718654,-1.91618643389618,-6.8009379230072,10.3499086303438,-14.1194285001845,0.517552654170099,-10.4601832115958,-3.14169263441855,-6.32068691114536,10.3547414140212,-13.6425947824329,1.00122096014218,-9.98164084678913,-2.65973297550159,2
2126,"ssp585",-18.1899143306109,8.75423515284485,-23.9694819026478,-8.11792460759096,-23.2259091921208,-15.3001305445924,-23.6039754356656,6.13516144186404,-27.4634311938808,-16.5294777020825,-27.1412243024571,-21.674247556558,-21.4930761380813,7.16388532285028,-25.6984822100949,-13.2213235200033,-25.6289524471203,-19.3903731020745,3
2127,"ssp126",-7.0056082779793,7.81342569141881,-15.9634103685297,-1.59506496486672,-9.71087993453559,-2.52670723270408,-7.93123243924022,7.51891502159751,-16.5559501355959,-2.75587498409268,-10.518911166814,-3.61887359106239,-7.57097346911842,7.63216287540714,-16.3229431542827,-2.29934353543351,-10.2067884359609,-3.19498862653626,3
2127,"ssp534-over",-4.1397767501074,7.4073972785634,-9.37759759672236,1.09804409650755,-6.75868717341488,-1.52086632679993,-4.58715760022288,6.4970132103327,-9.18123969870771,0.00692449826195993,-6.88419864946529,-2.29011655098046,-4.41120337668159,6.85504808956378,-9.25845436617202,0.436047612808849,-6.8348288714268,-1.98757788193637,2
2127,"ssp585",-19.250468208456,8.60073511270554,-25.411481494452,-9.42429029076178,-24.1635571673031,-16.169961565458,-24.9158801134053,6.18785101689305,-28.8765707054707,-17.785369991592,-28.481135174312,-22.9355348173726,-22.7068340365146,7.14446530133281,-27.5139786535686,-14.4970663372868,-26.8117178861285,-20.3032617279876,3
2128,"ssp126",-7.32583760413474,5.85197833060982,-13.6161003179761,-2.04292781503972,-9.96729249868224,-4.18070624721406,-8.35305954279323,5.23441526101576,-13.7844229585298,-3.34078868808062,-10.8591949701495,-5.63737783492492,-7.95501445347631,5.47195391732668,-13.7182327168921,-2.83035692516172,-10.5173432176336,-5.07340532176842,3
2128,"ssp534-over",-4.80379931972152,7.10708541072144,-9.82926760811463,0.221668968671587,-7.31653346391808,-2.29106517552497,-6.17737216731061,7.26830390500012,-11.3168391462609,-1.03790518836036,-8.74710565678573,-3.60763867783549,-5.63720301666189,7.20495413204348,-10.7318749415679,-0.54253109175591,-8.18453897911488,-3.0898670542089,2
2128,"ssp585",-19.2602948435851,9.51230198368682,-26.4945792850533,-8.48544799819652,-24.6477182662794,-15.643152622851,-25.3440413080476,7.17744016734354,-30.6159847885234,-17.1699646293133,-29.4310796474147,-22.7080695678096,-22.9714941343974,8.10668745734701,-28.9953066357543,-13.754457446534,-27.5800124783291,-19.959587883719,3
2129,"ssp126",-8.78464100470262,8.18349298020444,-17.594706560247,-1.42045023227841,-12.4667363909147,-4.37960822693042,-10.1180130782635,8.47153518547055,-19.1609652395812,-2.36610814762897,-13.9939655435808,-5.59653699760466,-9.59911925712944,8.35652578643789,-18.5450585492435,-1.99419321677847,-13.4015822773049,-5.12614961107241,3
2129,"ssp534-over",-4.26586306500207,5.42521900237791,-8.1020722110056,-0.429653918998536,-6.18396763800384,-2.3477584920003,-5.43450760938614,4.99791973251702,-8.96857054407499,-1.9004446746973,-7.20153907673056,-3.66747614204172,-4.97491774569993,5.16600321155076,-8.62783364821896,-1.3220018431809,-6.80137569695944,-3.14845979444042,2
2129,"ssp585",-19.0729490550202,8.25726730918707,-25.6242689546474,-9.79790421215871,-23.7104714764509,-15.7972891052066,-24.5713749045963,6.41377595534144,-30.909119112197,-18.0841793122578,-27.8149727007656,-21.402502800796,-22.4284151781945,7.10112612524179,-28.8890009948225,-14.8252953322942,-26.2299751011446,-19.1981222698805,3
2130,"ssp126",-4.9428678711865,4.51636219858208,-9.91402041990941,-1.09227904678185,-6.86816228338882,-2.45729159682504,-5.83237085747529,3.82666227342915,-10.0108098698122,-2.49863147600478,-7.49924054821055,-3.74315135130685,-5.48683116326276,4.09613021381637,-9.97274893483651,-1.94553139829644,-7.25748104574592,-3.24387227747589,3
2130,"ssp534-over",-6.35547480412936,7.83589137287749,-11.8962867305322,-0.814662877726518,-9.12588076733077,-3.58506884092794,-7.41723651090986,7.6180318925101,-12.8039985213991,-2.03047450042058,-10.1106175161545,-4.72385550566522,-6.99968335848406,7.70374696625686,-12.4470550788696,-1.55231163809854,-9.72336921867681,-4.2759974982913,2
2130,"ssp585",-20.6006782371011,9.56474524256224,-27.547440356055,-9.6914903214641,-26.0552721949197,-17.1272971776242,-26.2884944790286,7.34881886044717,-32.7467481132114,-18.2924652462077,-30.2865090954391,-23.0593676619372,-24.070741132468,8.20890525575425,-30.7593283217471,-14.9098139275253,-28.6512047349393,-20.7264475378284,3
2131,"ssp126",-7.5517920867879,5.19337102118673,-13.3221419692319,-3.25296965084324,-9.70120330476023,-4.66661714556588,-8.84201000069503,4.49332793942511,-13.7987211961848,-5.03577769007422,-10.7451261560054,-6.36365440295015,-8.34052191621453,4.7659432996035,-13.6113138807591,-4.3346225282898,-10.3434716101769,-5.70512593394225,3
2131,"ssp534-over",-4.03953218828709,3.9338887774507,-6.82121161925613,-1.25785275731804,-5.43037190377161,-2.64869247280256,-4.8327869433193,2.88812955617965,-6.87500293743923,-2.79057094919938,-5.85389494037926,-3.81167894625934,-4.52081160424818,3.29941502758197,-6.8538503442002,-2.18777286429617,-5.68733097422419,-3.35429223427218,2
2131,"ssp585",-21.7443829569285,10.0846124995445,-30.1878696776614,-10.577853187782,-27.3276478415017,-17.522639596562,-27.5341815397138,7.76856768952201,-34.1368246786,-18.9741080620633,-31.814218278539,-24.2328599702706,-25.275687452296,8.68652095177272,-32.5839599845288,-15.6719704705707,-30.0775459431586,-21.6215511861796,3
2132,"ssp126",-8.7459711303112,5.52366443400215,-14.7751488934147,-3.92926393823326,-11.1543247263502,-5.73138224875944,-10.0854612812676,5.51786680431677,-15.9521914459283,-4.99966456204936,-12.6283596408768,-7.15209619893727,-9.56519527440092,5.51542677009942,-15.4893379004249,-4.5786899500605,-12.0584479365711,-6.60312396138891,3
2132,"ssp534-over",-5.79020202482669,7.13811385759244,-10.837610738412,-0.742793311241409,-8.31390638161932,-3.26649766803405,-7.46311815290145,7.21673001444436,-12.5661168841075,-2.36011942169535,-10.0146175185045,-4.9116187872984,-6.80522753227605,7.1858756302884,-11.8864089192161,-1.72404614533597,-9.34581822574609,-4.26463683880601,2
2132,"ssp585",-19.5520563250462,8.83015082576174,-26.0105042311191,-9.48997780096059,-24.583095587089,-16.3228323720098,-25.3704198009688,6.28992703411135,-31.0851626726393,-18.6311071590534,-28.7400761219265,-22.5130483651336,-23.1008648023997,7.26841429141435,-29.1453897081102,-15.0360201429939,-27.1332871321026,-20.0786023495445,3
2133,"ssp126",-5.50766466478134,2.70789075464549,-8.22793614544017,-2.81232682636709,-6.85533358398846,-4.14752892445192,-6.40185636899099,2.49623776392885,-8.57978857124388,-3.67775679751513,-7.76390615472892,-5.31289026786454,-6.05558086052597,2.56819524910655,-8.44142811653523,-3.33739447129681,-7.41467405514055,-4.86265723252134,3
2133,"ssp534-over",-4.08063141365515,4.98359776994312,-7.60456719148809,-0.556695635822208,-5.84259930257162,-2.31866352473868,-4.36664296756567,3.57359664599538,-6.89355738917451,-1.83972854595683,-5.63010017837009,-3.10318575676125,-4.25413964179128,4.12810524788931,-7.17315085602558,-1.33512842755698,-5.71364524890843,-2.79463403467413,2
2133,"ssp585",-21.6264430231709,10.6293119092143,-28.3493874674215,-9.37206434910294,-27.7536323602049,-18.2649708010456,-27.4389941136162,7.94640412590036,-32.5339674215428,-18.2827047106095,-32.0171388151195,-24.8915074596528,-25.1728327652203,9.00261702611856,-30.4789730836956,-14.7782660123356,-30.3701161416626,-22.5197626059826,3
2134,"ssp126",-7.94672143568329,7.12996678473646,-15.9605359455671,-2.30564494154769,-10.7672596827511,-3.93981418074138,-9.04281925417179,7.19502398574027,-17.1843815252489,-3.53865296627249,-11.7949023981214,-4.97203811863324,-8.61481942934895,7.16704991203024,-16.7031234224771,-3.05372698319788,-11.3953656524245,-4.57066743278488,3
2134,"ssp534-over",-7.06393677432664,6.06678711301842,-11.3538030819571,-2.77407046669616,-9.20886992814189,-4.9190036205114,-8.40065553047991,4.90335789497316,-11.8678531486,-4.9334579123598,-10.13425433954,-6.66705672141985,-7.87495499571153,5.36093857051014,-11.6657110124438,-4.08419897897929,-9.77033300407765,-5.97957698734541,2
2134,"ssp585",-19.7550018774688,9.34378815356709,-25.5491823669888,-8.97584455611713,-25.1445805381446,-16.8579116327088,-25.4961522433124,6.62472176541694,-30.3959361100796,-17.9589204339803,-29.2647681479784,-23.0462603099287,-23.2561281750505,7.6966866147543,-28.5432790327766,-14.4259937913668,-27.6711953668924,-20.6125527461875,3
2135,"ssp126",-8.98849897289748,8.60057799335166,-18.8565021841566,-3.08659949731477,-11.9394487106888,-4.05449736726793,-10.4941611006337,8.7181622424279,-20.515558792488,-4.65578833849987,-13.4133474817007,-5.4834622547066,-9.90677546943821,8.66828658220573,-19.8631607702439,-4.03864682264379,-12.8408397928354,-4.92858281903538,3
2135,"ssp534-over",-6.19732951658167,6.11384283606032,-10.5204692450687,-1.87418978809463,-8.3588993808252,-4.03575965233815,-7.49152174319354,5.11768831167471,-11.1102738523779,-3.87276963400922,-9.3008977977857,-5.68214568860138,-6.98254833158651,5.50948484989684,-10.8783424297931,-3.08675423337991,-8.93044538068981,-5.03465128248321,2
2135,"ssp585",-20.3100115140484,7.90011632986344,-26.5768547887373,-11.4357846585102,-24.7471249418175,-17.1765898767039,-26.1939911310319,4.37114737147285,-29.5485988781751,-21.2506675866318,-28.665652903232,-24.5166872574603,-23.8978550726866,5.7678012345534,-28.3800070671249,-17.3906020742895,-27.1514815718852,-21.6567790754675,3
2136,"ssp126",-6.09921728523275,6.05322651520416,-12.9066487076178,-1.32229025872356,-8.48768079848734,-2.69550157404019,-7.2034197252044,5.67748911676657,-13.5974804427289,-2.7530445110809,-9.42860733226615,-4.00638936644216,-6.77354636328812,5.82302695042858,-13.3258216847175,-2.19034751442721,-9.06514578771857,-3.49740870257343,3
2136,"ssp534-over",-5.53377875828891,7.78261035895458,-11.0369153184384,-0.0306421981394577,-8.28534703836364,-2.78221047821418,-6.34560500176569,7.15551530249696,-11.4053183950454,-1.28589160848598,-8.87546169840554,-3.81574830512584,-6.02633401727498,7.40215732355854,-11.2604496561729,-0.792218378377069,-8.64339183672394,-3.40927619782603,2
2136,"ssp585",-21.7202122718745,10.0935663674911,-28.288536641426,-10.098009655006,-27.5313135803088,-18.4360500870988,-27.5762449364539,7.50982706866841,-31.9409871239081,-18.9047081159867,-31.9120133466874,-25.3938738427267,-25.2922208036889,8.53499408253623,-30.4695576006008,-15.4411484122403,-30.2177569994132,-22.703552405233,3
2137,"ssp126",-6.87094391891939,5.76088064682006,-12.7791340955432,-1.26964040387933,-9.67159567643942,-3.91684883060751,-7.8816793303712,6.35409670463493,-14.2733818737014,-1.56586830254859,-11.0395848442825,-4.68582805870612,-7.4887660361189,6.11973598424991,-13.6857923422064,-1.44936573152244,-10.5084661884171,-4.39025288307515,3
2137,"ssp534-over",-7.11433132295115,7.07161098155091,-12.1147154019191,-2.11394724398324,-9.6145233624351,-4.61413928346719,-8.60280769258424,6.23770066335845,-13.0135281306568,-4.19208725451165,-10.8081679116205,-6.39744747354795,-8.01743299158197,6.56570016983009,-12.6600841049065,-3.37478187825744,-10.3387585482442,-5.6961074349197,2
2137,"ssp585",-21.7193183845014,10.9587297338186,-30.650291802362,-9.49032455984179,-27.8338152968312,-17.253831675571,-27.9639730394389,8.32686307560743,-34.9596750466591,-18.7537001545646,-32.5691094818761,-24.4661220358289,-25.5271005404386,9.36899021451542,-33.2650775919653,-15.1105352871966,-30.7353831670596,-21.6581120146752,3
2138,"ssp126",-7.10876420322998,6.72369865062901,-13.5609598571199,-0.143013721637376,-10.5916394440263,-3.88266637628501,-8.27436791105374,7.02151634603643,-14.9238695332677,-0.932181608269581,-11.9454610624458,-4.94961709994679,-7.82092368040259,6.90479166416517,-14.387926652988,-0.621812165766199,-11.4204794377208,-4.53742219410988,3
2138,"ssp534-over",-6.4180550946352,6.34830610370366,-10.906985389612,-1.92912479965839,-8.6625202421236,-4.17358994714679,-7.80146958106285,5.69087433566413,-11.8255254146914,-3.77741374743425,-9.81349749787715,-5.78944166424855,-7.25741486829297,5.94946786301341,-11.4643239386812,-3.05050579790475,-9.36086940348708,-5.15396033309886,2
2138,"ssp585",-20.2812191575154,9.90704937315128,-27.4821685193432,-8.98273346736338,-25.9304620025914,-16.6807444766014,-26.2997584276326,7.27013433351214,-31.1534298024975,-17.9411220973999,-30.4790765927489,-23.8729227402001,-23.9527772911576,8.31652313842201,-29.7097638128962,-14.4179046275425,-28.7202136229651,-21.0742840302883,3
2139,"ssp126",-7.3144327577471,5.8049449277026,-12.7844579281337,-1.22434877388533,-10.359474749678,-4.57942017255383,-8.66099057331376,5.55175905211972,-13.8574786986721,-2.81168330838049,-11.5856442057804,-6.0627465106346,-8.13650163624126,5.65216939104717,-13.435530089438,-2.18740532788629,-11.1110497904188,-5.48698740964292,3
2139,"ssp534-over",-6.60197346280279,6.05220212206933,-10.8815266244296,-2.32242030117595,-8.7417500436162,-4.46219688198937,-8.13865094319004,5.90868943107455,-12.3167253078281,-3.96057657855195,-10.2276881255091,-6.049613760871,-7.53433348846252,5.96518451188919,-11.7523559078483,-3.31631106907671,-9.64334469815542,-5.42532227876961,2
2139,"ssp585",-21.0719268941504,11.4860677595837,-28.8821308341395,-7.88349101927117,-27.66614483159,-17.1668249241559,-26.96131529069,8.98481076010784,-32.2233417624872,-16.5869092291284,-32.1485183214707,-24.3303020547914,-24.6658487675955,9.97309722516335,-30.9094629047026,-13.1639683018247,-30.4167890004809,-21.5440416990419,3
2140,"ssp126",-6.6446739984772,5.14487556467606,-12.3794958884045,-2.43427832012724,-8.74987183765218,-3.77726305351354,-7.98773594493708,5.12754568042636,-13.7616881286755,-3.96593306461682,-9.99863738509721,-5.10075985306789,-7.46365587078334,5.13138594906226,-13.2181626821141,-3.36355321971008,-9.51370719631997,-4.58640246511797,3
2140,"ssp534-over",-6.28966196364966,7.54413766324128,-11.6241728635324,-0.955151063766919,-8.95691741359104,-3.62240651370829,-7.42483733685891,6.14539366687934,-11.7702868717701,-3.07938780194766,-9.59756210431453,-5.25211256940328,-6.97839150525125,6.69550688468653,-11.7128298268943,-2.24395318360818,-9.34561066607278,-4.61117234442972,2
2140,"ssp585",-21.0623223071433,9.20390427172745,-27.0059226808885,-10.4605113213901,-26.3632278000199,-18.0905221202707,-27.1224354635373,6.30409584198209,-32.4122943354888,-20.146839886998,-30.6102332518069,-24.4775060275615,-24.7590215070562,7.42203578160729,-30.3457249904495,-16.3373331296438,-28.9698656957624,-21.9656697653595,3
2141,"ssp126",-8.4035101617135,9.10556529882186,-18.7019165720658,-1.41897634149263,-11.8957770718239,-3.25430695653738,-9.89524573434022,9.2853103353568,-20.4293047319868,-2.89842179701864,-13.393657703001,-4.62821623551693,-9.31326348109631,9.21178750885811,-19.7500363974881,-2.31657518487974,-12.8116076292046,-4.09487702290042,3
2141,"ssp534-over",-5.40525563817506,5.55114864637466,-9.33051048940111,-1.48000078694902,-7.36788306378809,-3.44262821256204,-6.42044490274177,4.8428980522182,-9.84489095606038,-2.99599884942316,-8.13266792940108,-4.70822187608247,-6.02119773436579,5.12146292082041,-9.64261889527337,-2.39977657345822,-7.83190831481958,-4.21048715391201,2
2141,"ssp585",-20.9015156259476,9.62729187024595,-27.0840203046926,-9.80918675414046,-26.4476800618511,-17.810263286575,-26.8848315676812,6.98504492890436,-32.1064700619847,-18.9503179984521,-30.8520883522958,-24.2740123205295,-24.5502203844267,8.03058375866299,-30.1866537103678,-15.3552302405673,-29.1477154563564,-21.7320037214562,3
2142,"ssp126",-7.89629251741468,9.14745016633861,-18.070455885935,-0.351438598255142,-11.6687194769944,-2.8092108331545,-9.64326284732103,9.46205916439834,-20.1965448369974,-1.91677633381153,-13.5065061040758,-4.36662185248285,-8.96194157152512,9.33576326747135,-19.3604936619967,-1.3011494075976,-12.7923376534889,-3.76266552628933,3
2142,"ssp534-over",-3.245061391253,1.49229477809928,-4.30027314837627,-2.18984963412972,-3.77266726981464,-2.71745551269136,-4.01128255857075,0.208629600576734,-4.1588059638948,-3.86375915324671,-4.08504426123278,-3.93752085590873,-3.70993403899088,0.713473116865258,-4.2144357181206,-3.20543235986115,-3.96218487855574,-3.45768319942601,2
2142,"ssp585",-22.1571836207342,10.5194539068055,-28.6062626897917,-10.0182767576628,-28.22663705227,-18.9326440862055,-28.1284498011047,8.14443018753132,-34.0004978680977,-18.8307411083561,-32.7773041474791,-25.1924257676082,-25.7999444072667,9.08382289198144,-31.9385676547107,-15.3649137553478,-31.0174597332261,-22.7306327835447,3
2143,"ssp126",-7.81545024112916,6.83704042069709,-15.339546569806,-1.98311162812434,-10.7316195476316,-4.05340207679072,-8.80200439821586,6.19747512545182,-15.5130308427825,-3.29468008388953,-11.555666555379,-5.44649117593253,-8.41943509845774,6.44552899288318,-15.4448108700511,-2.7788573073723,-11.2397239940005,-4.90674721266108,3
2143,"ssp534-over",-5.9137828511076,6.15967475755122,-10.2693306420757,-1.55823506013953,-8.09155674659164,-3.73600895562357,-7.33247520537945,5.41272142999392,-11.1598472332019,-3.505103177557,-9.24616121929067,-5.41878919146822,-6.77454542962954,5.7065215768521,-10.809665533609,-2.73942532565008,-8.79210548161928,-4.75698537763981,2
2143,"ssp585",-18.3289547691857,7.85526644700614,-23.9544009112413,-9.3541721617217,-22.8163460729177,-15.5162316981579,-24.0488196125867,5.04573922371087,-28.5656404843399,-18.603211156024,-26.7716238408681,-21.7904091767101,-21.8162985190614,6.13483172988768,-26.8030079919383,-14.9656846867145,-25.2416054352348,-19.322943782623,3
2144,"ssp126",-6.66024405656445,7.31977256174761,-14.1121352190041,0.519838020666873,-10.2502850951801,-2.93429847534463,-7.72280921969342,7.64087739342312,-15.5319432079986,-0.262109901533898,-11.4531588787732,-3.81824222554082,-7.30856934605849,7.51435344281738,-14.9736259574992,0.0454200230754496,-10.9855640306255,-3.47604104033812,3
2144,"ssp534-over",-3.95187983746401,6.24135579465997,-8.36518484366603,0.461425168738009,-6.15853234056502,-1.745227334363,-4.94411619638129,5.52243483863303,-8.84906731943954,-1.03916507332303,-6.89659175791041,-2.99164063485216,-4.55389530404783,5.80519508649589,-8.6587881158199,-0.449002492275752,-6.60634170993386,-2.50144889816179,2
2144,"ssp585",-22.7888982723917,10.5172702723526,-31.0920380546014,-10.9622794368483,-28.7022076901634,-18.6373283812869,-29.1554551624596,7.68765012471428,-35.4742242528051,-20.596549126711,-33.4349081803338,-25.9960706172868,-26.6703543771031,8.80771516470345,-33.7509981769397,-16.8075164465666,-31.6017733423713,-23.1300324771848,3
2145,"ssp126",-6.43596294133622,5.9196321651764,-12.6534908015203,-0.867767074420722,-9.22006087479397,-3.32719901124419,-7.33835796599482,6.23828401138914,-13.7972951341014,-1.34704481705526,-10.3340145404646,-4.10888938194153,-6.98746731816888,6.11181355027914,-13.3475119979125,-1.15855112856958,-9.90192541296853,-3.80744497829705,3
2145,"ssp534-over",-3.81653545227799,3.85802452011531,-6.5445707524355,-1.08850015212047,-5.18055310235674,-2.45251780219923,-4.87186724876739,3.69742246928578,-7.48633974971088,-2.25739474782391,-6.17910349923914,-3.56463099829565,-4.45684379244411,3.76062020980508,-7.11600384426446,-1.79768374062377,-5.78642381835429,-3.12726376653394,2
2145,"ssp585",-21.6085608451161,9.17886608772895,-28.0888969709625,-11.1050935711939,-26.8602944820772,-18.3683927821929,-28.1039156514466,5.64362211419244,-31.980453090674,-21.6291489786202,-31.3412989878598,-26.1656469318329,-25.5681047538136,7.04631184168262,-30.4501596074967,-17.490175174685,-29.607069543378,-23.1270773269721,3
2146,"ssp126",-9.896192180808,7.15542312124772,-17.0538332009489,-2.7429890227571,-13.4727937598334,-6.31737167073755,-11.7369576238394,7.20026451924993,-18.9885711853561,-4.58916493836911,-15.3108539665745,-8.11115084308103,-11.0194507786767,7.18247980086342,-18.2277657804958,-3.86308801684491,-14.5976321595926,-7.41529327776716,3
2146,"ssp534-over",-3.51715481957913,3.70807792259607,-6.13916186381494,-0.895147775343322,-4.82815834169704,-2.20615129746123,-4.19289341130358,2.79261103447056,-6.16756761099409,-2.21821921161306,-5.18023051114883,-3.20555631145832,-3.92713497935083,3.15265328497902,-6.15639749588953,-1.69787246281212,-5.04176623762018,-2.81250372108147,2
2146,"ssp585",-23.4675492078684,12.692820311448,-33.740646048655,-9.27808421691222,-30.5622817033465,-18.3310007874751,-29.8300745256833,9.56434228414834,-37.6526414292087,-19.1673298536921,-35.1614468616789,-25.9187910739206,-27.3472985363029,10.8035409795388,-36.1143105268846,-15.2780184574,-33.3819385757543,-22.963792541012,3
2147,"ssp126",-7.67664027203002,6.08791396643847,-14.4105817475682,-2.5623227982704,-10.2337990089098,-4.30966953426093,-9.11284080829225,5.8275978419255,-15.5311131790994,-4.15292438601862,-11.5927990194291,-5.90370462288867,-8.55390018227173,5.92761415180789,-15.0904817466804,-3.52736151606813,-11.0671695153735,-5.28560940006741,3
2147,"ssp534-over",-4.08662911639574,6.43432147766023,-8.63638146558353,0.463123232792052,-6.36150529098964,-1.81175294180184,-4.98557867677601,5.981707043062,-9.21528428999648,-0.75587306355553,-7.10043148338624,-2.87072587016577,-4.63204876667999,6.1597359436595,-8.98763982276014,-0.276457710599839,-6.80984429472007,-2.45425323863992,2
2147,"ssp585",-21.4233346490335,10.0124841393594,-29.143303231944,-10.1100690365707,-27.079967455265,-17.5633503575783,-27.7703690232404,7.27845506086328,-33.302931787822,-19.5251306220472,-31.892988223837,-25.0040876409495,-25.294352449374,8.36474575384809,-31.6672230184544,-15.8223096318398,-30.0303738581411,-22.1079171648338,3
2148,"ssp126",-6.24720740129566,7.04201987857461,-12.1074231128573,1.56485168639178,-10.1532369451394,-3.31709954551483,-7.39184739065067,7.16331610029088,-13.2006609940086,0.612202628329831,-11.3938724001409,-4.48744058897173,-6.94680252785134,7.11732030766172,-12.7707623227253,0.986867084474716,-10.9136373340144,-4.03482263041437,3
2148,"ssp534-over",-3.778577285773,6.31435944638292,-8.2435036691597,0.686349097613697,-6.01104047746635,-1.54611409407965,-4.64434871740534,5.75407900747986,-8.71309700307751,-0.575600431733168,-6.67872286024142,-2.60997457456925,-4.30386445640809,5.97444747617518,-8.52843678065441,-0.0792921321617643,-6.41615061853125,-2.19157829428493,2
2148,"ssp585",-21.9673423726404,9.39670606299731,-27.4221183526139,-11.1170146998418,-27.3925062090396,-19.2399543826536,-28.1267631934709,6.13999505772649,-32.5784355374603,-21.1221720251173,-31.6290587776477,-25.9009270214762,-25.7235935552911,7.41641958947343,-30.5848104572026,-17.187274072723,-29.9917532965752,-23.2929851043354,3
2149,"ssp126",-7.19456686646679,5.45718293827019,-11.837086561376,-1.18330650633847,-10.2001970465309,-4.87330701901216,-8.31237157683272,5.17300937700744,-12.2534484909633,-2.45455121819571,-11.2412817561512,-6.34183311976742,-7.87889101167755,5.28036244640477,-12.0897206844277,-1.95458724451164,-10.8410428952605,-5.77347617530246,3
2149,"ssp534-over",-4.19365869464712,6.25134143289849,-8.61402461336207,0.226707224067829,-6.40384165400459,-1.98347573528964,-4.4240689831506,5.95882659882118,-8.63759567909183,-0.210542287209371,-6.53083233112121,-2.31730563517998,-4.33345224049198,6.07386974713132,-8.62832672673236,-0.038577754251606,-6.48088948361217,-2.18601499737179,2
2149,"ssp585",-21.1208844725565,8.70580363798669,-27.7201433180041,-11.2540369172237,-26.0543082502229,-17.8212550498328,-27.3857006677417,5.0030731914867,-30.837532382145,-21.6480040686559,-30.2545489672847,-25.6597848105401,-24.9413265301341,6.46690148482159,-29.611667966309,-17.5601922800194,-28.6318936551914,-22.6061558120466,3
2150,"ssp126",-7.16438979590377,5.72348237843876,-13.1466936494621,-1.74069167448098,-9.87623885661516,-4.17323786912463,-8.31789402193525,4.91163134829823,-13.5650245820038,-3.83023696149365,-10.561722552156,-5.69432874190099,-7.86774887621953,5.22866956729975,-13.4005224959006,-3.00844603867328,-10.2974002949927,-5.10136206637899,3
2150,"ssp534-over",-5.34612380630186,6.68436679058046,-10.0726848918595,-0.619562720744257,-7.70940434908066,-2.98284326352306,-5.72136458746459,6.34896184996493,-10.2107585650695,-1.23197060985971,-7.96606157626704,-3.47666759866215,-5.57379091309598,6.4808773792358,-10.1564632559921,-0.991118570199847,-7.86512708454405,-3.28245474164791,2
2150,"ssp585",-20.8353867457187,9.734469607144,-26.8630656635618,-9.60508736296418,-26.4505364370959,-17.8215472867971,-27.2095982151527,6.69147166523287,-31.3069573532333,-19.4877776187092,-31.0705085133744,-25.1609186461124,-24.7221632738609,7.89912726124054,-29.2929169688696,-15.6010443683246,-29.282722726629,-22.4367864263565,3
2151,"ssp126",-6.27602764028895,2.69090442990739,-9.07338469379753,-3.7059987017088,-7.56104210957903,-4.87734911353467,-7.10991791680472,2.31129460541616,-9.50833926783749,-4.89692027145273,-8.21641673948072,-5.91070724128834,-6.78519028587618,2.4602075734122,-9.33730019512309,-4.42854634249819,-7.96351225756517,-5.50913533125272,3
2151,"ssp534-over",-5.31183870299324,8.89803234191844,-11.603697711181,0.980020305194501,-8.45776820708712,-2.16590919889937,-5.98765325653021,8.42356712029185,-11.9440146890686,-0.0312918239918056,-8.96583397279942,-3.00947254026101,-5.7218731576178,8.61018077173148,-11.8101903685512,0.366444053315549,-8.76603176308448,-2.67771455215113,2
2151,"ssp585",-23.3855260234132,12.9968126732279,-33.4896761033012,-8.72372918545131,-30.7164244423942,-18.3334509834692,-29.5686422880496,10.0217645580692,-37.4576566056171,-18.2921262176316,-35.2069003232586,-25.6241351292658,-27.155420547628,11.2012655538561,-35.8973104311622,-14.5290003950614,-33.4686306239114,-22.784475605861,3
2152,"ssp126",-6.02547439694603,8.326009382852,-15.547374219954,-0.114524457707013,-8.98094936656554,-1.26452448544207,-7.08208419646328,8.71560850698182,-17.0564093919941,-0.934551262415701,-10.1558506634871,-2.09492159869789,-6.66965382320738,8.56037731616842,-16.4630049494983,-0.612045409698618,-9.69845802996176,-1.7729782600619,3
2152,"ssp534-over",-4.71745733501109,7.14006228331836,-9.76624379363981,0.331329123617627,-7.24185056432545,-2.19306410569673,-5.48972376262,6.52004494453045,-10.1000917565386,-0.879355768701451,-7.79490775957928,-3.18453976566073,-5.18601022871728,6.76390210554324,-9.96881127482888,-0.403209182605693,-7.57741075177308,-2.79460970566149,2
2152,"ssp585",-22.2131451508787,10.4965417385188,-30.0023987155447,-10.2765636840507,-28.1814358842927,-18.3185183685457,-28.5030991099098,7.05136028869232,-33.5736482029947,-20.4506848296005,-32.5293062500645,-25.9678245633674,-26.0482629293164,8.41731178807247,-32.1693102853778,-16.449335609244,-30.8477265893526,-22.9877392512857,3
2153,"ssp126",-5.4852750265714,6.61481712746292,-12.8319274087371,-0.00202350236268214,-8.22690078867577,-1.81194883548854,-6.58960355133882,6.75654180009557,-14.0301572420785,-0.837215075705116,-9.46579778915568,-2.86932670596897,-6.16001533983331,6.69835147837934,-13.5589721302866,-0.508745117166857,-8.98565045116654,-2.46053694460668,3
2153,"ssp534-over",-4.78228596652242,5.71231369925393,-8.82150171952969,-0.743070213515153,-6.80189384302605,-2.76267809001879,-5.46387861238202,5.08522697618078,-9.05967709111221,-1.86808013365182,-7.26177785174712,-3.66597937301692,-5.1958233772609,5.33186087346969,-8.96601835723455,-1.42562839728725,-7.08092086724772,-3.31072588727407,2
2153,"ssp585",-22.2346749814574,10.5123672654203,-29.9746073046581,-10.2665638935616,-28.2187305254053,-18.3647088198571,-28.84446131092,6.86385957648799,-33.7055114252342,-20.9926622221961,-32.7703608552819,-26.4139362537628,-26.2647541704453,8.31032339341318,-32.2383918241169,-16.7742275711086,-31.0100174701136,-23.2779353436095,3
2154,"ssp126",-4.8213425369551,4.37628412491515,-8.66789199124625,-0.0599512312043219,-7.20203818983049,-2.89806780980953,-5.71527765659231,4.35387908475285,-9.2178293589362,-0.840644354862665,-8.15259430745714,-3.96400180542037,-5.36868658218613,4.36011041945887,-9.00157510381474,-0.533607926162942,-7.78622591019772,-3.55224232137183,3
2154,"ssp534-over",-5.0779683499593,7.6804722899553,-10.5088823889021,0.352945688983459,-7.79342536943068,-2.36251133048792,-5.86478922361899,6.24315671504965,-10.2793676728409,-1.45021077439705,-8.07207844822996,-3.65749999900802,-5.55533679112632,6.80842565305117,-10.3696207396032,-0.741052842649385,-7.96247876536478,-3.14819481688785,2
2154,"ssp585",-21.3601041690973,8.69306509548315,-29.3017064564661,-12.0725751231923,-26.0038686920498,-17.3893030254129,-27.5841628830033,6.21797223003794,-34.5398718365345,-22.5646328992493,-30.0939278748803,-24.1063084062378,-25.1556497230003,7.07313007690755,-32.5375988352908,-18.438243346622,-28.5143529111894,-21.464675166855,3
2155,"ssp126",-6.68309611691364,7.28490007209407,-13.4755632040869,1.01041123836424,-10.5298497945526,-3.28686257332703,-7.72246487208143,7.20236073292311,-14.2961566673032,-0.0238242984653365,-11.5717851588895,-4.43561897447052,-7.31835793065047,7.2351502297452,-13.973471142421,0.382927056246823,-11.1690004240991,-3.99080132476521,3
2155,"ssp534-over",-5.46871441708707,6.67860748765053,-10.191203060488,-0.746225773686131,-7.82995873878754,-3.1074700953866,-6.51060255822684,6.62902185040781,-11.198028861284,-1.82317625516969,-8.85431570975542,-4.16688940669827,-6.10086802825213,6.64856070369103,-10.8021103869625,-1.3996256695418,-8.4514892076073,-3.75024684889697,2
2155,"ssp585",-22.1283110116968,10.4103231656596,-28.7875200554125,-10.1317560689849,-28.1265884830527,-18.7987064898389,-28.50801295411,6.963757526089,-32.5963276145771,-20.4673415273435,-32.5283486674933,-26.4638556238765,-26.017904584295,8.32937085931712,-31.0160791245304,-16.4024904975501,-30.8256116276675,-23.5188173141773,3
2156,"ssp126",-7.95692591176725,9.28363298390093,-18.0711714956269,0.176293202094877,-12.0235354686983,-2.89980311983744,-9.27389865598167,9.44477724534096,-19.5791546525892,-1.03013957870402,-13.3957781946205,-4.12127065767788,-8.76052721177001,9.37995030433026,-18.9861638985431,-0.555665292640132,-12.8629581713349,-3.64770886838346,3
2156,"ssp534-over",-2.1904637862827,0.842400628197242,-2.78613098295678,-1.59479658960863,-2.48829738461974,-1.89263018794566,-2.30153584971704,0.608073558863198,-2.73150878664945,-1.87156291278464,-2.51652231818324,-2.08654938125084,-2.25782858853654,0.0376550041620504,-2.28445469732514,-2.23120247974795,-2.27114164293084,-2.24451553414225,2
2156,"ssp585",-22.9074861524274,12.134805115264,-33.1403263837503,-9.50129940641975,-29.6105795254312,-17.7910660367659,-29.5818194032416,8.35928682896986,-36.9883930748703,-20.5180590693078,-34.1136995702086,-25.8785325674273,-26.9759406639794,9.84696620949451,-35.4752011282284,-16.1853111044151,-32.3712554437615,-22.7263104318549,3
2157,"ssp126",-6.78595041454152,5.22001343637171,-12.4512264042845,-2.17089096391592,-9.09348013985432,-3.95331241967004,-7.95978522147202,4.46813599015793,-12.7801622501173,-3.95673349807381,-9.96131108317112,-5.5495967071494,-7.50331379933554,4.76222521263611,-12.6508133814959,-3.25438490899123,-9.6277782445077,-4.92956400825537,3
2157,"ssp534-over",-5.33645093411959,8.06703186998642,-11.040703873435,0.367802005195802,-8.18857740377729,-2.4843244644619,-6.4369182406105,7.70955288084405,-11.8883953625716,-0.985441118649386,-9.16265680159106,-3.71117967962994,-6.0041411009584,7.85017625373568,-11.5550539634845,-0.453228238432292,-8.77959753222146,-3.22868466969535,2
2157,"ssp585",-22.8158766223464,10.4825791204949,-30.9448942291436,-10.9845300081833,-28.731549929428,-18.7513678189478,-29.3081114050492,6.77734456776747,-34.7842209974196,-21.7284073868004,-33.0979634141736,-26.570056608864,-26.772875471965,8.24212174258472,-33.2744658885259,-17.5029804671161,-31.4078229743895,-23.5220802636846,3
2158,"ssp126",-7.69126071339843,5.06430273664863,-12.6554473414495,-2.53245289277416,-10.2706646237106,-5.2091673993729,-8.71875481111736,3.89235677541506,-12.098597134334,-4.46310944964564,-10.8465774918532,-7.02883364950904,-8.32093291491245,4.34027420337261,-12.3175697552705,-3.70380739317338,-10.629495675782,-6.32261449473342,3
2158,"ssp534-over",-4.56510185248714,2.75320280297242,-6.51191022445075,-2.61829348052353,-5.53850603846894,-3.59169766650534,-5.68320885932953,1.81532471986878,-6.96683727880431,-4.39958043985475,-6.32502306906692,-5.04139464959214,-5.24348392002024,2.18419687400243,-6.78794434107382,-3.69902349896666,-6.01571413054703,-4.47125370949345,2
2158,"ssp585",-22.4645146812354,10.8227286018422,-29.9810043861864,-10.0599850037233,-28.6667795199915,-18.7062698287599,-29.1875602548073,7.50977741581957,-35.4979915324666,-20.8815583019662,-33.3405612312279,-26.0323446159777,-26.5638437175122,8.80467093811074,-33.3891397475959,-16.6255745899092,-31.5329782813138,-23.1511957024704,3
2159,"ssp126",-8.68933032177635,8.67488353101442,-18.4412011215019,-1.83113202165014,-12.1184294718395,-3.81339492191359,-10.1861635006605,9.10950231051612,-20.4194110254024,-2.96157480302094,-13.7984578494803,-5.06953973828958,-9.60259840756871,8.93609666355239,-19.6415109691852,-2.5169863931538,-13.1454044147762,-4.58314212676044,3
2159,"ssp534-over",-5.77890240724159,7.2587423568704,-10.9116083506707,-0.646196463812511,-8.34525537895613,-3.21254943552705,-6.85335626537349,7.52615906639516,-12.1751543775101,-1.53155815323686,-9.51425532144181,-4.19245720930518,-6.43082081892046,7.42103458274273,-11.6782846957977,-1.1833569420432,-9.0545527573591,-3.80708888048183,2
2159,"ssp585",-23.0077006886869,11.9555700889088,-31.714278628913,-9.37635795828089,-29.8233720538899,-18.6544117185738,-29.3848879526756,8.55379862420874,-35.2141965496654,-19.5650296843974,-34.2948170868147,-26.4702336541807,-26.8969148049562,9.9018033210009,-33.8379086532493,-15.5579579103801,-32.5663932522443,-23.4264178808097,3
2160,"ssp126",-7.92849765542053,8.31253873787517,-17.2451649034084,-1.27064313596749,-11.257424915147,-3.27016403142658,-9.47254982445442,8.62337208736442,-19.187155595269,-2.72253137790817,-12.8475590477276,-4.61524693904713,-8.86988514942465,8.49842814995793,-18.4234981768157,-2.15152265864645,-12.2290663948137,-4.09307863572912,3
2160,"ssp534-over",-5.22353055238039,5.00088551788579,-8.75969061401503,-1.68737049074575,-6.99161058319771,-3.45545052156307,-5.87587930603405,4.15956435913275,-8.81713547115869,-2.93462314090941,-7.34650738859637,-4.40525122347173,-5.61932055664667,4.49044714149256,-8.7945461809558,-2.44409493233753,-7.20693336880124,-4.0317077444921,2
2160,"ssp585",-22.1593135506604,9.26699627076705,-27.6943310875589,-11.4608587143022,-27.5085409688395,-19.3918047822111,-28.508088763562,5.45094073698277,-32.6956036732089,-22.3447743206609,-31.5897459850126,-26.4143313087386,-26.0296583127555,6.94123849981088,-30.7838822319175,-18.0642721914939,-30.0123513733864,-23.6525463531746,3
2161,"ssp126",-5.48228054419573,4.43540259010738,-9.95947431713656,-1.08988513511783,-7.67847824873468,-3.24368365772532,-6.27245127408953,4.14217191773874,-10.172766829219,-1.92474430538924,-8.44630475843968,-4.3222934965248,-5.96655743923775,4.25166405440685,-10.0888928900519,-1.59640507664572,-8.15163362053377,-3.9053897138307,3
2161,"ssp534-over",-4.47932756184896,6.8228336441395,-9.30379949852773,0.345144374829805,-6.89156353018835,-2.06709159350958,-5.66631582573182,6.65244654897529,-10.3703058919933,-0.962325759470344,-8.01831085886255,-3.31432079260108,-5.19951687942848,6.71949726191908,-9.9509189594959,-0.448114799361062,-7.57521791946219,-2.82381583939477,2
2161,"ssp585",-25.214339227755,11.7424072074992,-33.2410260284944,-11.7372042363339,-31.9529067234656,-21.2009958273853,-32.1466590124156,7.5606841873171,-37.2662777348686,-23.462629416508,-36.4886738103695,-29.5868496511892,-29.4389088834819,9.21839599332031,-35.6834105565664,-18.8511725415758,-34.732777054435,-26.3166580469397,3
2162,"ssp126",-8.00515233335707,8.60289396639946,-17.9225260395526,-2.55244252951829,-10.7315072352765,-3.04646548025933,-9.57577098164864,8.94745147530816,-19.9002576549278,-4.08093314271681,-12.3231899011146,-4.41352764500907,-8.96253855463661,8.80803643738745,-19.1225456781809,-3.47979770940036,-11.7039089772547,-3.88253499286447,3
2162,"ssp534-over",-5.52821370445208,6.66121614586863,-10.2384048121451,-0.818022596759054,-7.88330925829859,-3.17311815060557,-6.70598444815015,5.62830664959633,-10.6857982466771,-2.72617064962325,-8.6958913474136,-4.7160775488867,-6.24279434064609,6.03455313937382,-10.5098677869279,-1.97572089436429,-8.37633106378698,-4.10925761750519,2
2162,"ssp585",-24.5763755219127,12.2452104836236,-32.781104080001,-10.5011981114441,-31.6139642271469,-20.4740112428685,-31.1160141374224,8.40362933794281,-36.6034923977888,-21.4414256504837,-35.9533083808917,-28.3722750072392,-28.5619977013435,9.92728884642244,-35.1003980692102,-17.1387767722554,-34.2736081658875,-25.2927975174101,3
2163,"ssp126",-8.16280855373622,6.62156310683852,-15.0454010813885,-1.8374980646376,-11.3254637982855,-4.7215122899101,-9.52658682686737,6.80559634681555,-16.4701257385651,-2.86787649110033,-12.8559419947509,-6.0548173710185,-8.99627691727498,6.73166383055055,-15.9098750853223,-2.46264208761556,-12.2630943321047,-5.53947783325132,3
2163,"ssp534-over",-5.75347513944148,7.68812735706784,-11.18980212825,-0.317148150633,-8.47163863384572,-3.03531164503724,-6.16200469165019,6.813640318725,-10.9799759655867,-1.34403341771368,-8.57099032861845,-3.75301905468193,-6.00132982271157,7.157556862827,-11.0624868171448,-0.940172828278284,-8.53190831992821,-3.47075132549492,2
2163,"ssp585",-22.5722695340956,10.2486720458868,-28.80005892998,-10.7436598015396,-28.4865744003736,-19.4583748361534,-28.9650450324765,6.17913252689735,-33.0756248054622,-21.8591087287018,-32.5180131843638,-26.9097551459836,-26.4689464756319,7.78188336030646,-31.2016455350204,-17.487547562648,-30.9596459321239,-24.1025969459377,3
2164,"ssp126",-7.32761572098174,3.84921554166409,-11.5300171429318,-3.97288918148046,-9.00497899073238,-5.22641501000671,-8.53589621156866,3.34800408214009,-12.2082352349554,-5.65350688214577,-9.9770908762801,-6.69972669987529,-8.06536602929569,3.54346667194642,-11.9415365944965,-4.99254184840269,-9.60177811974219,-6.1272807466953,3
2164,"ssp534-over",-5.2462330457042,5.66278042407349,-9.250423483937,-1.2420426074714,-7.2483282648206,-3.2441378265878,-6.52241982318171,5.39156151646302,-10.3348295326571,-2.71001011370628,-8.42862467791942,-4.61621496844399,-6.02054073526432,5.49826873296167,-9.90840384112748,-2.13267762940116,-7.9644722881959,-4.07660918233274,2
2164,"ssp585",-25.2102078743484,13.05848974689,-34.8827985196329,-10.3561834115169,-32.6372201057642,-20.3739125517061,-31.7760905854441,9.71036858852101,-38.9430361814806,-20.7248586695562,-37.3017065433881,-28.1926177874259,-29.2132746180369,11.0388425841993,-37.3464113242405,-16.6469938528951,-35.4964150006077,-25.146706264935,3
2165,"ssp126",-7.66542938211973,6.01157705502137,-14.5356081198225,-3.37037386714855,-9.81295713960532,-4.23034001326835,-9.23146879766233,6.11242970294089,-16.269607563136,-5.25387034076971,-11.2202680261086,-5.71239941492548,-8.61957300695754,6.06661825887578,-15.5877394450084,-4.51311573027789,-10.6728016452974,-5.1354897879321,3
2165,"ssp534-over",-7.20362103107239,8.13926027429208,-12.9589471648666,-1.44829489727818,-10.0812840979695,-4.32595796417528,-8.3484044101112,7.82003457678667,-13.8780038884703,-2.81880493175207,-11.1132041492908,-5.58360467093163,-7.89820021476469,7.9456160845564,-13.5165992288594,-2.27980120066996,-10.7073997218121,-5.08900070771732,2
2165,"ssp585",-24.7389784198667,12.3226187841662,-35.2888228274073,-11.1952884159704,-31.5108234218148,-19.4640562160964,-31.6621283913546,8.9124240891256,-39.8657696691826,-22.1791828251635,-36.4036011744501,-27.5603077524406,-28.9585916673269,10.2495016928424,-38.0659570211417,-17.8593603361294,-34.5082073329256,-24.4049089904195,3
2166,"ssp126",-6.91643027607244,7.53904055018006,-15.5547569439604,-1.66366279614283,-9.54281401603725,-2.59726694212849,-8.09094703240497,7.65216729046268,-16.8287759849957,-2.58474493300051,-10.8440480821072,-3.7220325561096,-7.6324368243181,7.60353582200719,-16.3277879545097,-2.23266404957222,-10.332323211691,-3.28476125922231,3
2166,"ssp534-over",-6.5916173159924,8.13665145357601,-12.3450987349674,-0.838135897017426,-9.46835802547989,-3.71487660650491,-7.64201879426776,7.55377576794431,-12.9833448633438,-2.30069272519172,-10.3126818288058,-4.97135575972974,-7.22892638073393,7.78303692896682,-12.7323645714317,-1.72548819003617,-9.98064547608281,-4.47720728538505,2
2166,"ssp585",-24.0452738900012,11.6638509234549,-33.1109620885525,-10.8865738054007,-30.6246239323015,-19.5124297907256,-30.9357917321363,7.98820615525549,-37.510430760885,-22.0456132323776,-35.3808809820157,-27.648472217762,-28.2447340141071,9.4393873297165,-35.780408622797,-17.6569084909767,-33.5386467756723,-24.4768967097622,3
2167,"ssp126",-6.44742033328692,8.26673599682905,-15.834932806283,-0.255371328910515,-9.54344483547512,-1.75366409678889,-7.8160946918219,8.9067855146198,-17.9259447460219,-1.12592438812421,-11.1611798436707,-2.76116966472189,-7.28206118315483,8.65269008164454,-17.1036870562457,-0.783547218152401,-10.531318165656,-2.37124824660938,3
2167,"ssp534-over",-3.88938202297771,5.45980226175479,-7.75004522620218,-0.0287188197532525,-5.81971362458994,-1.95905042136548,-4.31102053227536,3.94462585796945,-7.10029222568936,-1.52174883886136,-5.70565637898236,-2.91638468556836,-4.14517850488202,4.54050080603865,-7.35579741481494,-0.934559594949107,-5.75048795984848,-2.53986904991556,2
2167,"ssp585",-24.5069760332797,11.4000947758551,-31.4659373672576,-11.3506258434219,-31.0851511282086,-21.0274953662908,-31.5135727991369,7.28796846457909,-35.8367882302636,-23.0992184396777,-35.7207499788664,-29.3519650835735,-28.776929490681,8.9187181360432,-33.9772035438682,-18.4786501220027,-33.9260691750201,-26.1767924640874,3
2168,"ssp126",-3.83364106864011,3.84795073656002,-7.65785364210711,0.0376164413774604,-5.7692698236489,-1.92153478190661,-4.9063687175179,3.07554609957147,-7.7334578522579,-1.63146467955509,-6.5438207364993,-3.4928241501479,-4.48990269703202,3.37443170672749,-7.7037276809497,-0.975036832234191,-6.24733562943093,-2.88299020507318,3
2168,"ssp534-over",-5.88661937236042,5.377083761699,-9.68879176326585,-2.08444698145498,-7.78770556781313,-3.9855331769077,-6.65831070358528,4.28332891362561,-9.68708162446235,-3.6295397827082,-8.17269616402382,-5.14392524314674,-6.35481451750382,4.71348837393561,-9.68775410975765,-3.02187492525,-8.02128431363073,-4.68834472137691,2
2168,"ssp585",-22.2906410048254,10.3725031015162,-29.6416739267073,-10.4260735105216,-28.2229247519773,-18.6151245438844,-28.9301700913479,6.70963972504083,-34.8657973192866,-21.6501050586808,-32.5702026076815,-25.9623564773786,-26.3382154465309,8.12762617126473,-32.8688918256326,-17.2358397632329,-30.8894032881798,-23.07287725698,3
2169,"ssp126",-6.76861804854446,7.87101741139884,-15.6994680170392,-0.842763599816745,-9.73154527290832,-2.30319306429711,-7.9307031440146,8.35477243483228,-17.3921366693629,-1.56806139167502,-11.1120240201844,-3.19998638134044,-7.47763120943309,8.16226393898754,-16.7265212373487,-1.28281122485862,-10.5750412017203,-2.8531861954753,3
2169,"ssp534-over",-6.28267244958454,6.80037613530018,-11.0912645294745,-1.47408036969462,-8.68696848952951,-3.87837640963958,-7.05941168504128,6.01539132275955,-11.3129356808553,-2.80588768922729,-9.18617368294828,-4.93264968713429,-6.75393610222579,6.32412386613666,-11.2257669730347,-2.28210523141687,-8.98985153763025,-4.51802066682133,2
2169,"ssp585",-24.1604905261714,11.8185050473823,-31.4149481401364,-10.5229322990154,-30.9792696397494,-20.5332617191889,-30.8472354789256,8.07496106780463,-35.539187360268,-21.5231375198359,-35.5092844584704,-28.5012595382543,-28.2358808927361,9.56086452463705,-33.8811067846274,-17.1969002012107,-33.7553712384988,-25.4132679467905,3
2170,"ssp126",-8.37192366805304,7.76708030340248,-16.985007620747,-1.90005837695908,-11.6078563136,-4.06538169170605,-9.85980045781187,8.46081527829405,-19.1700224184227,-2.64047020908691,-13.4694655821743,-5.20468947750646,-9.28033681530649,8.18524133256626,-18.3107995773097,-2.34927588725369,-12.7458672793329,-4.76510543430487,3
2170,"ssp534-over",-4.93375931554855,7.7174051779492,-10.3907888500406,0.523270218943501,-7.66227408279458,-2.20524454830253,-5.85973429164874,7.65265010166057,-11.2709750725809,-0.448493510716627,-8.5653546821148,-3.15411390118268,-5.49558356600711,7.67815018474641,-10.92485562861,-0.0663115034041807,-8.21021959730858,-2.78094753470565,2
2170,"ssp585",-22.7460403291391,10.4402091995399,-30.7063189645672,-10.9254009530794,-28.6563600171689,-18.765901011425,-29.3720958180982,6.64077703955775,-35.8271498037929,-22.5600007591594,-32.7781433475676,-26.1445688252509,-26.7850539485199,8.0805801974354,-33.869727578765,-17.9842643198915,-31.1854487628341,-23.2427171333974,3
2171,"ssp126",-6.66367752376674,8.07078025046525,-15.8833774816203,-0.876821441769275,-9.55710556476547,-2.05382754483994,-8.1807832260163,8.39675165276965,-17.8349163428502,-2.57672011668802,-10.9828147806804,-3.35371666759935,-7.58747111196602,8.26350547678671,-17.0675042563637,-1.90817212711093,-10.4271206043936,-2.84745453976719,3
2171,"ssp534-over",-6.27931071584723,7.23319606782689,-11.3939527050595,-1.16466872663496,-8.83663171045337,-3.7219897212411,-7.39836072918161,7.30250362315267,-12.5620105607522,-2.23471089761103,-9.98018564496691,-4.81653581339632,-6.95828368349029,7.27528933382076,-12.1026901065291,-1.81387726045147,-9.5304868950097,-4.38608047197088,2
2171,"ssp585",-22.5750864748833,10.4879959188653,-30.1962127697021,-10.6136409278222,-28.5558092484138,-18.7645233274738,-29.0986957485083,6.81312779332469,-35.2740318287907,-21.7899344199115,-32.7530764128067,-26.0110277083671,-26.551789760126,8.23068233498424,-33.3330507276784,-17.3944438796197,-31.1304627003792,-23.1611592763498,3
2172,"ssp126",-5.9251559476436,6.69106813707725,-13.3626410931939,-0.39443825161216,-8.69051479565933,-2.20641337486847,-6.70016971350694,6.53946793991615,-13.8838173522793,-1.09314220995846,-9.50368346528119,-3.10834589412076,-6.39944302493788,6.59632623118423,-13.6788729525762,-0.818351051194665,-9.18998901180949,-2.75972806111872,3
2172,"ssp534-over",-7.16655529268126,6.77852929468151,-11.9596993234222,-2.3734112619403,-9.56312730805174,-4.76998327731078,-8.17054472683399,6.2055182771854,-12.5585087814088,-3.78258067225913,-10.3645267541214,-5.97656269954656,-7.77570452748117,6.43089832520581,-12.3230363423554,-3.22837271260693,-10.0493704349183,-5.50203862004405,2
2172,"ssp585",-23.6539764020299,11.2881701375647,-31.7108571850839,-10.7521043693424,-30.1049124183736,-19.6255360105029,-30.4776015051849,7.15281421137204,-36.5313069019379,-22.5848224438844,-34.4239910358351,-27.4507488068084,-27.8117648747652,8.7732671351455,-34.6887044597478,-17.931168672229,-32.7520629760334,-24.3732950822739,3
2173,"ssp126",-7.79551619146325,8.09719634908497,-16.8471537356968,-1.2410323307966,-11.0727581217966,-3.26969741934647,-8.72629707524056,8.3407782562892,-17.9544237079863,-1.72479976855653,-12.2270457285826,-4.11223375886768,-8.36467330099145,8.24179755673224,-17.5190071366745,-1.53454034150409,-11.7797397807351,-3.78750638314995,3
2173,"ssp534-over",-4.15402630841686,6.99105313814965,-9.09744739003797,0.789394773204246,-6.62573684922742,-1.68231576760631,-4.70748086359488,6.58082891855741,-9.36082961773536,-0.0541321094543962,-7.03415524066512,-2.38080648652464,-4.48982133248599,6.74217455822996,-9.25725868255381,0.277616017581835,-6.8735400075199,-2.10610265745208,2
2173,"ssp585",-23.1403872958268,10.836910706676,-29.6893169429974,-10.631623688805,-29.3947690993377,-19.8659224722415,-29.5243664737063,6.93279010362175,-33.809672959001,-21.5258879377126,-33.5236057417031,-27.3817132310589,-27.0310236556379,8.47854805780247,-32.0094991744724,-17.2413158223323,-31.9258775722908,-24.5417858962207,3
2174,"ssp126",-8.87343138242187,8.59025861163347,-18.3681350872079,-1.64001955820902,-12.4901372945283,-4.12607953002885,-10.2774731280745,8.75437598277021,-19.9436446076911,-2.88256273722363,-13.9749283235,-5.44438738826624,-9.73043962184727,8.68786125228543,-19.3241001689852,-2.39388670226369,-13.3987160816391,-4.9336093482783,3
2174,"ssp534-over",-5.73761311267233,8.11496493138858,-11.4757598447482,0.000533619403563329,-8.60668647871028,-2.86853974663438,-6.40309187071949,8.48609577175566,-12.4036677367264,-0.402516004712578,-9.40337980372295,-3.40280393771604,-6.14139216768144,8.34016938181192,-12.0387824938051,-0.24400184155781,-9.09008733074325,-3.19269700461962,2
2174,"ssp585",-24.3032355035607,11.1780265500095,-30.8551750524408,-11.3964639108096,-30.7566212999362,-21.0272657291206,-31.2114137559913,6.73014592700236,-35.2510631684102,-23.4421726735481,-35.0960342972128,-29.1915890497818,-28.5114911494878,8.49326676795128,-33.4954043719719,-18.7047524406951,-33.4148605038841,-26.0195345382458,3
2175,"ssp126",-7.74503068246902,5.80198470289599,-14.2649043538411,-3.15037965466147,-10.0423561963728,-4.48509384678296,-9.26568537844601,5.56734960176428,-15.4867532117507,-4.75189886573996,-11.522578634799,-6.15515146179369,-8.67405115701547,5.65628389423089,-15.0062802885373,-4.12204223685188,-10.9500556170973,-5.50793659125453,3
2175,"ssp534-over",-7.31271330183487,7.25084563897994,-12.4398354224945,-2.18559118117524,-9.87627436216468,-4.74915224150505,-8.13489395728557,7.28301580777365,-13.2847638224511,-2.98502409212,-10.7098288898684,-5.55995902470278,-7.81156325713309,7.27039514334844,-12.9525089649005,-2.67061754936566,-10.3820361110168,-5.24109040324938,2
2175,"ssp585",-23.647447500105,11.3353296861049,-30.4459670911931,-10.5618675766752,-30.19023746182,-20.248187704561,-30.3110307351307,7.20481813879652,-34.7890701868953,-21.9999622269624,-34.4665649892149,-28.0720110092484,-27.7082599208871,8.84014486764816,-32.9334282913279,-17.5015087038972,-32.8116355293821,-25.0956757356667,3
2176,"ssp126",-6.24562886975705,5.69535109436976,-12.4962354772142,-1.34988441556657,-8.69350109685229,-3.12032556602849,-7.14369804018224,5.61269382548616,-13.2232558602972,-2.15929461301107,-9.63589975376783,-4.10391913012475,-6.79477250195513,5.64291101316912,-12.937366483363,-1.84096413353671,-9.27167668616433,-3.72347551125121,3
2176,"ssp534-over",-3.72035851850218,7.8185162291416,-9.24888436294528,1.80816732594092,-6.48462144072373,-0.956095596280632,-3.85579720220154,7.76517223934643,-9.34660314972493,1.63500874532184,-6.60120017596324,-1.11039422843985,-3.80253350486708,7.78615537171727,-9.30817676758042,1.70310975784627,-6.55535513622375,-1.04971187351041,2
2176,"ssp585",-24.8251790049084,13.0881731305548,-34.4401041569099,-9.91993515595295,-32.2778009293861,-20.0177164289076,-31.9878659669893,9.04773201432856,-38.9170556479097,-21.7519195348987,-37.1058391830346,-28.5232711265291,-29.190012213379,10.6462236619368,-37.1565646051425,-17.0985543161571,-35.2357411619899,-25.2067360174972,3
2177,"ssp126",-9.27730155323265,9.22562340268496,-19.662366731077,-2.02930232456366,-12.9013011675671,-4.08476896431048,-10.7955581692895,9.30345276674103,-21.295638826643,-3.57943975854565,-14.4036173746615,-5.54551784061281,-10.2035228760338,9.27010942366551,-20.6533801601317,-2.96979091279524,-13.8203888576531,-4.97859423398491,3
2177,"ssp534-over",-6.00364403818874,9.361109152016,-12.6229477990067,0.61565972262923,-9.31329591859772,-2.69399215777975,-7.16796684826972,9.70464914617703,-14.0301900685677,-0.305743627971712,-10.5990784584187,-3.73685523812072,-6.71009089582904,9.56959171457927,-13.4768140903946,0.0566322987365668,-10.0934524931118,-3.32672929854624,2
2177,"ssp585",-23.89416775024,11.5873632859838,-30.9470470913532,-10.5209185623251,-30.5807923441975,-20.3677280796835,-30.5801916263778,7.53227456471063,-35.2585423898919,-21.8912181597733,-34.9246783596801,-28.2410162446208,-27.9692913934086,9.13685732346027,-33.3304866906014,-17.4194275472378,-33.2442233164941,-25.2886937448123,3
2178,"ssp126",-5.1107432608247,4.1870394849855,-9.75257613769256,-1.61878442083176,-6.85672268082117,-2.78982682239077,-5.92699394880617,3.57310838291164,-9.70798232987974,-2.60639533457388,-7.58729325592231,-4.03649975826938,-5.61151349809334,3.80527121599586,-9.72551814624389,-2.21798083634019,-7.30827982896992,-3.55451117401807,3
2178,"ssp534-over",-6.23406181578658,6.66143628238286,-10.9444085835016,-1.52371504807155,-8.58923519964409,-3.87888843192906,-6.75970785751586,6.58564248291213,-11.4164603156532,-2.10295539937849,-9.08808408658455,-4.43133162844717,-6.55299054330694,6.6154687634006,-11.2308333666353,-1.8751477199786,-8.89191195497112,-4.21406913164277,2
2178,"ssp585",-22.4783398408713,9.45704380704844,-29.074673217096,-11.6434651803939,-27.89577717111,-19.1801731527589,-29.1731581314113,5.42342859410998,-34.2949570482606,-23.4915280522937,-32.0139731709701,-26.6122586729866,-26.5594368635935,6.95034261138835,-32.2995192154381,-18.8318393718667,-30.423235609457,-23.6893956876713,3
2179,"ssp126",-7.18476304949449,7.55596001270692,-15.8356823680136,-1.87760693919715,-9.83834110464316,-2.85930339023492,-8.71214088607928,7.26648366959469,-17.031649568339,-3.60839693439203,-11.2640128619229,-4.55238654494943,-8.11755583951499,7.37632961443199,-16.5613542015366,-2.92769979123848,-10.7124838636532,-3.89565665850416,3
2179,"ssp534-over",-3.84980131416528,3.6371245213125,-6.42163672720523,-1.27796590112534,-5.13571902068526,-2.56388360764531,-4.42465836051945,2.03563768689863,-5.86407157296438,-2.98524514807453,-5.14436496674192,-3.70495175429699,-4.19855990569335,2.66546083294847,-6.08332533565836,-2.31379447572834,-5.14094262067586,-3.25617719071085,2
2179,"ssp585",-24.7281931256159,11.5340385403671,-33.1268782235506,-11.5772802384358,-31.3036495692059,-20.5288505766485,-31.5326747493775,7.07062295533462,-36.8801528811859,-23.515990128924,-35.5410170596043,-28.8589356834733,-28.8740015897064,8.83533149832367,-35.4042364168026,-18.8206511577282,-33.9006768056955,-25.6088841761583,3
2180,"ssp126",-7.43370183229505,8.15471797410605,-16.5974386399249,-0.975968020841459,-10.6625687380218,-2.85183342848011,-8.60114044428059,8.79566018156634,-18.4785767867093,-1.61527144678511,-12.0940749430283,-3.66242227306625,-8.14564834314927,8.54184781432166,-17.7388486783572,-1.36384174309126,-11.5365516431783,-3.34904817554532,3
2180,"ssp534-over",-5.16733844004137,6.60302005545689,-9.83637869756571,-0.49829818251703,-7.50185856880354,-2.8328183112792,-6.32980423851202,5.93327837674818,-10.5252656133782,-2.13434286364587,-8.42753492594509,-4.23207355107894,-5.87263972126956,6.19670468506647,-10.2543716250905,-1.49090781744862,-8.06350567318004,-3.68177376935909,2
2180,"ssp585",-25.860760973344,13.5195994348832,-35.1024709469302,-10.3439128490356,-33.6191850354983,-21.239905986551,-32.9559995433271,8.86099810257872,-38.9959903007058,-22.783649929004,-38.0421743504887,-29.9360041646378,-30.1838280006503,10.7059871407102,-37.4649248064867,-17.8912634953961,-36.3301102532774,-26.5432795977321,3
2181,"ssp126",-6.5199042694631,4.65066641708656,-11.6855445372171,-2.66593560329915,-8.44688860254508,-3.93708413558609,-7.69163345738847,4.1158599797336,-12.2650649766994,-4.28549977916873,-9.39470029649835,-5.40491769773302,-7.23566105187925,4.32416035948948,-12.0371776420119,-3.64854630085601,-9.02921842739087,-4.8349027568129,3
2181,"ssp534-over",-4.64899525686036,5.10167478949569,-8.25642409592121,-1.0415664177995,-6.45270967639078,-2.84528083732993,-5.46078493392919,5.06909067100474,-9.04517332184611,-1.87639654601227,-7.25297912788765,-3.66859073997073,-5.14153939178663,5.0819349329741,-8.73501004444142,-1.54806873913184,-6.93827471811403,-3.34480406545924,2
2181,"ssp585",-25.5151587144936,11.7007574066437,-33.775568709116,-12.1257991159413,-32.2098385137697,-21.3849537171824,-32.6796339347492,7.2245752352678,-38.7297540657114,-24.6804888146335,-36.679206494807,-29.6545738692681,-29.8802404689893,8.97973118003477,-36.8360315764573,-19.7428930145626,-34.9489141962027,-26.4023449152553,3
2182,"ssp126",-7.14511338771703,5.03655010177344,-12.2024290651788,-2.12958893986763,-9.65287561164173,-4.61645554898615,-8.39239251634886,4.63317837440181,-12.6939446268297,-3.48683354232193,-10.8451720033623,-6.24161646110844,-7.90882901862447,4.78420216187356,-12.5006638317604,-2.95304693272971,-10.3867200615719,-5.6129116120565,3
2182,"ssp534-over",-4.61597303961822,7.38245257042179,-9.83615531395152,0.604209234715088,-7.22606417678487,-2.00588190245156,-4.90397937864315,7.02404811446271,-9.87073143176031,0.0627726744740174,-7.38735540520173,-2.42060335208456,-4.79071114970982,7.16500520169322,-9.85713491506399,0.275712615644345,-7.3239230323869,-2.25749926703274,2
2182,"ssp585",-25.8230499787247,12.4253984342926,-33.199862512307,-11.4773690188327,-32.9958904586707,-22.1346437119335,-32.707095368641,7.65724081136315,-37.490380089472,-23.8754625344123,-37.1229117857553,-30.3154530082254,-30.017042714029,9.54300068925332,-35.6944072066906,-18.9994539718279,-35.5258370851295,-27.1783604676982,3
2183,"ssp126",-8.25999103024018,8.31192958863411,-17.355438403598,-1.05843967484011,-11.8607667079402,-3.71226734356127,-9.78960428194236,8.44010461453005,-18.9852585561077,-2.39618726851339,-13.4863127886568,-5.19177714485969,-9.19402218343451,8.38762775899644,-18.3443573121289,-1.87006857831875,-12.8559989859924,-4.61885461908733,3
2183,"ssp534-over",-5.92800152676472,5.96855539786651,-10.1484075224837,-1.70759553104573,-8.03820452462421,-3.81779852890523,-6.53476709934561,5.53442587680047,-10.4481971668055,-2.6213370318857,-8.49148213307557,-4.57805206561565,-6.29614199808341,5.70517451480618,-10.3303095853555,-2.2619744108113,-8.31322579171947,-4.27905820444736,2
2183,"ssp585",-25.0541305074684,11.454047209561,-33.9344096876738,-12.1257237950339,-31.5183338636856,-20.6139909173656,-32.0908796947506,7.07518656798448,-38.8075765773006,-24.7047834693231,-35.7839278074644,-28.7325312534756,-29.3414153374296,8.76308350518261,-36.9448231539777,-19.7576032755281,-34.1333213683804,-25.5397114291556,3
2184,"ssp126",-8.86315011936554,7.78853095398245,-17.7553641391551,-3.25187711664568,-11.6687866207255,-4.41704310947075,-10.2189045292088,7.53705115367879,-18.8013788039311,-4.67747077292385,-12.9896214073513,-5.92766739184766,-9.69159433446284,7.63212632867494,-18.3900499227397,-4.11680337143641,-12.4789898159761,-5.34236654032443,3
2184,"ssp534-over",-5.45424751798655,6.8125599285057,-10.2714548406727,-0.637040195300433,-7.86285117932961,-3.04564385664349,-6.21079559785558,6.35775666553214,-10.7064084491873,-1.71518274652383,-8.45860202352146,-3.96298917218971,-5.91326654577864,6.53664104679629,-10.5353697561506,-1.29116333540666,-8.22431815096464,-3.60221494059265,2
2184,"ssp585",-24.9286656259898,10.7739325570813,-31.8726860038739,-12.5172450265013,-31.134375925734,-21.4566554370477,-31.9837044510287,5.99531624834117,-36.4483667419671,-25.169462144425,-35.3908256043305,-29.7513733055594,-29.2259571700662,7.88066960179955,-34.6993265075645,-20.1935100817027,-33.7421807142479,-26.489272501317,3
2185,"ssp126",-7.16170040300732,7.05925939412771,-15.1540278346296,-1.77803178166118,-9.85353471368039,-3.16553668719617,-8.26353614378499,7.05758508459369,-16.1571988880085,-2.56254583171868,-11.1140312998181,-4.31670477167322,-7.83580167623567,7.05308525755216,-15.7627175858574,-2.25400668247438,-10.6266991731163,-3.8723437214248,3
2185,"ssp534-over",-6.82871959234318,7.44699729490261,-12.0945418790467,-1.56289730563967,-9.46163073569494,-4.19580844899143,-8.21010140536985,7.50012454715617,-13.5134903324077,-2.90671247833204,-10.8617958688888,-5.55840694185095,-7.6668592846178,7.47928309687443,-12.9555110808316,-2.37820748840397,-10.3111851827247,-5.02253338651088,2
2185,"ssp585",-24.7091097233342,12.2082372942085,-32.5395116014852,-10.6423245408172,-31.7425023145927,-20.7939087842587,-31.8113521628107,7.55053172442331,-37.2825069520124,-23.1969672125937,-36.1185446379192,-29.0757747682099,-29.0356572922476,9.39092566506938,-35.469511208976,-18.2593899075957,-34.4237909845736,-25.8187303338834,3
2186,"ssp126",-8.69084125676923,9.49559621673446,-19.1719588521803,-0.661738399050473,-12.7053926856286,-3.45028245906368,-10.121243479854,10.0765024798083,-21.199903396701,-1.50240494688174,-14.4306627463402,-4.58191352143059,-9.56395564303528,9.84596159204223,-20.4024459721489,-1.17178175224682,-13.7600425884295,-4.14471047847846,3
2186,"ssp534-over",-5.3209504489915,4.32006915718915,-8.37570064523481,-2.2662002527482,-6.84832554711315,-3.79357535086985,-6.54181708509169,3.47418544618098,-8.99843717318587,-4.0851969969975,-7.77012712913878,-5.31350704104459,-6.0616825389784,3.80688365792363,-8.75355578868445,-3.36980928927235,-7.40761916383142,-4.71574591412538,2
2186,"ssp585",-25.3559980846275,12.0407989660406,-33.6862668188745,-11.5505417907204,-32.2587262315811,-21.1908637175041,-32.2935209926436,7.26093620407012,-37.3564743276373,-23.9744651934775,-36.4530488922267,-29.7620443251468,-29.5825118500956,9.1526274743728,-35.9132227183082,-19.0882980729754,-34.8296187386558,-26.4171564159894,3
2187,"ssp126",-6.38793541346252,6.55305527498697,-13.0280091074858,0.0744889717896398,-9.6191476060886,-3.06789856645086,-7.40113759182212,6.5685392785797,-13.8479151989122,-0.717257187682458,-10.743077793892,-4.17774878827709,-7.00792762137389,6.56022110433374,-13.5254999722187,-0.405873744080585,-10.3089545600205,-3.74914144595147,3
2187,"ssp534-over",-6.32350994462759,8.53414628290837,-12.3580626529101,-0.288957236345116,-9.34078629876883,-3.30623359048635,-7.36862899702549,8.89846305112472,-13.6607925626137,-1.07646543143727,-10.5147107798196,-4.22254721423138,-6.95763157837933,8.75523049575255,-13.1485144327772,-0.766748723981446,-10.0530730055783,-3.86219015118039,2
2187,"ssp585",-26.7476646635433,13.4841872192941,-36.5292806590765,-11.3657510828593,-34.4386214538853,-21.8568566657767,-33.725894404363,9.24733701360374,-40.9330959440133,-23.2991399415369,-38.939271635776,-30.1222936345378,-30.9984435602324,10.9182461104882,-39.2013645686079,-18.6058936627891,-37.1947185089541,-26.8969830560447,3
2188,"ssp126",-9.06435826610432,8.88409268374471,-19.1500429344875,-2.39783911960611,-12.3976178393534,-4.02151593191275,-10.470121423915,8.85234184861004,-20.5647994846222,-4.03099852289014,-13.6896828744275,-5.42278239356146,-9.92158119889559,8.86156887372455,-20.0084686333241,-3.3886982188578,-13.1880226889145,-4.87813748168135,3
2188,"ssp534-over",-5.84241903637655,8.00470286640796,-11.502598714597,-0.182239358156081,-8.67250887548678,-3.01232919726631,-6.5152341986668,7.84480601450714,-12.0623497286178,-0.968118668715786,-9.28879196364231,-3.74167643369129,-6.25063949555986,7.90771219286563,-11.8422364108067,-0.659042580313022,-9.04643795318327,-3.45484103793644,2
2188,"ssp585",-24.3750379980254,11.0908581534658,-32.3788519265688,-11.7151083652549,-30.7050028144107,-20.3731310337538,-31.4702659921355,6.47596964849369,-37.2617789749952,-24.477929718102,-34.9664341291522,-28.5745095007056,-28.6978382823926,8.26689077016824,-35.3952947602531,-19.4584784515814,-33.3175181977982,-25.3491100434624,3
2189,"ssp126",-8.8956904536479,10.2897536515793,-20.7347569290105,-2.1064394720124,-12.2903159444657,-2.9761572159666,-10.397078704075,9.74082000595242,-21.6151865691546,-4.08154311293257,-13.5548464996462,-4.78802477153515,-9.81268466650505,9.95203181846604,-21.2689714050242,-3.30476059770017,-13.0666467009075,-4.08454129724548,3
2189,"ssp534-over",-5.0238538830976,7.45565917181617,-10.2958010417045,0.248093275509292,-7.65982746240105,-2.38788030379415,-5.22724711172803,7.52484758197621,-10.5481178643386,0.0936236408825483,-7.88768248803332,-2.56681173542274,-5.14726184589448,7.49764607202431,-10.4488982263596,0.154374534570587,-7.79808003612702,-2.49644365566195,2
2189,"ssp585",-24.7591638513487,11.4841562769794,-33.7862047243575,-11.83313812796,-31.2221767130431,-20.2456434148443,-31.635809612243,7.14188219263732,-38.7003983149059,-24.4190653562221,-35.2441817402534,-28.1035152609115,-28.9494535569031,8.78739999839429,-36.821962558242,-19.4691842429725,-33.6895882138683,-25.0131990562336,3
2190,"ssp126",-6.89103897550299,7.42893570209115,-15.2641435071949,-1.08973408407469,-9.79169142121714,-2.70448670965705,-8.21186541854862,7.21774544653973,-16.2513247543886,-2.2891986729573,-11.1731987913443,-4.19213575062862,-7.69895396077548,7.29576482766975,-15.8631311930409,-1.81746488593925,-10.6396984981936,-3.61686534464278,3
2190,"ssp534-over",-4.6162097515329,3.86261273256153,-7.34748940782467,-1.88493009524114,-5.98184957967879,-3.25056992338702,-5.33384218305261,2.86014334113398,-7.356268934734,-3.31141543137122,-6.3450555588933,-4.32262880721191,-5.05160693356455,3.25440181167745,-7.35281652330746,-2.75039734382164,-6.202211728436,-3.9010021386931,2
2190,"ssp585",-25.6400708410594,11.778447644361,-33.7994462044271,-12.1369934205022,-32.3916095513381,-21.5603831593756,-33.0106126794235,6.71731100138981,-37.813290203666,-25.3345242987901,-36.8486568697403,-30.6092739173023,-30.1299779337407,8.71921680215175,-36.2349089274939,-20.1441074426308,-35.1229131792956,-27.0775124368641,3
2191,"ssp126",-5.92659975592144,6.06522466980526,-12.3236456644794,-0.259210051883417,-8.76029460794046,-2.72807680164246,-6.68703445794166,6.21719124336916,-12.7768770467429,-0.349875339606836,-9.85561401710908,-3.64211316354103,-6.39436699228182,6.14315723976144,-12.5986509054993,-0.314217863825339,-9.43444155651006,-3.29222503567309,3
2191,"ssp534-over",-4.03014344544115,7.09766667028663,-9.04895167860258,0.98866478772027,-6.53954756202186,-1.52073932886044,-5.08170658772076,7.0594240446421,-10.0734732009586,-0.0899399744829673,-7.57758989433966,-2.58582328110186,-4.66816747157409,7.07450249786492,-9.67059616133554,0.334261218187357,-7.16938181645482,-2.16695312669337,2
2191,"ssp585",-24.5293214968118,12.2125328361245,-33.7073601706943,-10.6683734042687,-31.4597955430834,-19.9403021598706,-31.4408317767258,7.46635460346051,-38.3434362029532,-23.5160532681696,-35.4032210310038,-27.9895295636121,-28.7397426131981,9.29833214327037,-36.5713100485507,-18.4632282554366,-33.8779997920788,-24.8239588955218,3
2192,"ssp126",-8.59795583883657,8.68751633243338,-18.1576414750025,-1.18519678024038,-12.3043353681347,-3.81811302075358,-9.95855833611214,8.84773375920375,-19.7448166223481,-2.52490675852078,-13.6753841249078,-5.06542919299417,-9.42772905486321,8.78283248887529,-19.1206848586196,-1.99801628804109,-13.1425854382743,-4.58125115298499,3
2192,"ssp534-over",-6.88636456741955,9.59032479240218,-13.6677482619086,-0.104980872930497,-10.2770564146641,-3.49567272017502,-7.73933953629937,9.73487553552978,-14.6229360414795,-0.855743031119238,-11.1811377888894,-4.29754128370931,-7.40390073553444,9.67806115942143,-14.2473234100995,-0.560478060969405,-10.825612072817,-3.98218939825192,2
2192,"ssp585",-27.7112479660615,13.5909169236067,-36.2170160818976,-12.0368073419788,-35.5484682781028,-23.4583639081434,-34.7631307150951,8.71554567254008,-40.6431852438271,-24.7499531324843,-39.7697195064005,-31.8231034507291,-32.0060758647684,10.6454522697789,-38.9512953608557,-19.7500386170799,-38.1340944886127,-28.5334661167248,3
2193,"ssp126",-4.7087989056332,6.32062735065644,-11.7036889154103,0.592521211120604,-7.3594589640101,-1.21135390074466,-5.73030256744158,6.36492272205425,-12.704449187612,-0.23494629721433,-8.47798070255521,-2.24322925735639,-5.33312555720524,6.34510011746554,-12.3109158873941,0.0904858872446212,-8.04493127943017,-1.84423039211079,3
2193,"ssp534-over",-3.95626606955797,6.54254205194934,-8.5825419206895,0.670009781573559,-6.26940399512373,-1.64312814399221,-4.39453924257647,6.62011893867501,-9.07567023637506,0.28659175122212,-6.73510473947577,-2.05397374567718,-4.22218509329284,6.58962731192248,-8.88175525104531,0.43738506445963,-6.55197017216907,-1.8924000144166,2
2193,"ssp585",-23.6840227724233,10.8623210564547,-32.9514168637342,-11.730723702016,-29.660672307627,-19.0503257267678,-30.6340038653139,6.48297537739389,-37.5159506033806,-24.6419372865554,-33.6300371546931,-27.1930304962806,-27.9175235229298,8.11507226123555,-35.7711712756916,-19.5641252896981,-32.0942226395457,-23.990699646549,3
2194,"ssp126",-6.9621479036617,9.9496964926244,-18.0666275608001,1.14241615068537,-11.0144299308352,-1.40990807509252,-7.66081552796403,10.0683287532606,-18.7571610379043,0.891451287909511,-11.9369489359008,-2.11264277299387,-7.39029933602207,10.0176996940666,-18.4856195651819,0.990152496951462,-11.5805252525088,-1.84263922144215,3
2194,"ssp534-over",-5.4798760263502,7.61471022144391,-10.8642892607037,-0.0954627919966937,-8.17208264352696,-2.78766940917345,-6.50742514522657,7.7591736475559,-11.9939894478173,-1.02086084263583,-9.25070729652194,-3.7641429939312,-6.10333319918464,7.70240010648658,-11.5497525458933,-0.656913852475997,-8.82654287253897,-3.38012352583032,2
2194,"ssp585",-26.8451906685549,13.5824127196972,-36.0839031934164,-11.2501076215135,-34.6427321920756,-22.2258344061241,-34.0404320979755,8.59854805459949,-40.1892906438432,-24.2148042215018,-38.9532460362124,-30.9660028250417,-31.2273269622111,10.5680153326373,-38.5749113395119,-19.1159580518538,-37.2830114173898,-27.5535347735607,3
2195,"ssp126",-8.06029906951509,7.85490635078259,-16.7533507509656,-1.47263665836681,-11.3541302750892,-3.71377322878983,-9.48321482893801,7.72395801853754,-17.8334118189359,-2.59422887435218,-12.9277078062309,-5.30811633393906,-8.93122643843158,7.76846230361325,-17.4086947230224,-2.15312127647835,-12.3202790194082,-4.69249229613619,3
2195,"ssp534-over",-5.83672340394368,9.41805092631403,-12.4962910795006,0.822844271613215,-9.16650724172213,-2.50693956616523,-6.34460153748737,9.39650755062699,-12.9889357460063,0.299732671031577,-9.66676864174684,-3.02243443322789,-6.14487265184738,9.40499861298649,-12.7952109481402,0.505465644445437,-9.47004179999379,-2.81970350370097,2
2195,"ssp585",-25.1314548975148,12.3338740405837,-33.8355264431856,-11.0170524677222,-32.1886561124111,-20.7794191246794,-32.189358844527,7.397236525052,-38.4103018315342,-24.0099614813871,-36.2790575260969,-29.0788873510234,-29.4304756066475,9.32912936100979,-36.6616076643552,-18.900019737207,-34.6957035413678,-25.8149095777936,3
2196,"ssp126",-6.61689403371272,7.06496141007081,-14.5937078197783,-1.14811181914306,-9.35128514099755,-2.62848714067993,-7.56021087116308,6.92578196209419,-15.3671035745566,-2.15484057840104,-10.2628960175441,-3.65676451946632,-7.19309357074039,6.97846985580244,-15.0629778091695,-1.75890728073932,-9.91018671574092,-3.25815145152585,3
2196,"ssp534-over",-6.98094634477977,10.8028695681906,-14.6197286727212,0.657835983161614,-10.8003375087505,-3.16155518080908,-8.08052057513252,11.3637508197649,-16.1159058395025,-0.0451353107625845,-12.0982132073175,-4.06282794294755,-7.64811173534931,11.1432192144783,-15.5275576061552,0.23133413545656,-11.5878346707522,-3.70838879994638,2
2196,"ssp585",-26.9487671871972,13.4366039142747,-34.8179072838298,-11.4340503197004,-34.7061256209457,-23.014197138881,-34.4413846920777,8.53777068437218,-39.4515025632465,-24.5832605829299,-39.3704467466516,-31.9363257564933,-31.5125886283334,10.4795977194888,-37.5948682586241,-19.4118475947829,-37.5629591451087,-28.4714488131881,3
2197,"ssp126",-7.71512145964902,8.42791024505068,-16.8756285920501,-0.289959651245992,-11.4277023638505,-3.13486789344846,-9.05247526077038,8.63198613811284,-18.3886872968528,-1.36153228027907,-12.897946751016,-4.38436924272917,-8.5317909135502,8.5500413091535,-17.7937006631265,-0.9400967339162,-12.3276380033672,-3.90083603876206,3
2197,"ssp534-over",-5.62036495143281,6.74410970981964,-10.3891706603123,-0.8515592425533,-8.00476780587256,-3.23596209699305,-6.36634766394774,6.82932122108139,-11.1954070102756,-1.53728831761989,-8.78087733711166,-3.95181799078381,-6.07298360329561,6.79583864818541,-10.8783671952771,-1.26760001131409,-8.47567539928638,-3.67029180730485,2
2197,"ssp585",-24.9539123116638,11.0193996761109,-33.4230880290805,-12.4954588033651,-31.1831390658131,-20.7193244529554,-32.1117344920074,6.19412243264275,-38.119884892241,-25.747041895236,-35.2940807903931,-29.1076592918906,-29.3140023330879,8.04171417565363,-36.3245483823981,-20.5353670080798,-33.7033199955919,-25.8087293084327,3
2198,"ssp126",-7.04647129272257,5.25293688875012,-13.0989670482854,-3.67552455526463,-8.73194466145154,-4.02022341494116,-8.38533364351822,5.07378592847437,-14.227828713325,-5.08693604902671,-10.034532440764,-5.46408610861484,-7.86422915526639,5.14012179499784,-13.7839215470712,-4.53184630718328,-9.53042057930795,-4.90438295936399,3
2198,"ssp534-over",-4.21827022801823,9.40925927859731,-10.8716212698568,2.43508081382037,-7.54494574893753,-0.89159470709893,-4.79606897548573,8.94100464127045,-11.1183139879485,1.526176036977,-7.95719148171709,-1.63494646925436,-4.56883475171314,9.12517226668231,-11.0213059409796,1.88363643755334,-7.79507034634638,-1.3425991570799,2
2198,"ssp585",-26.1732909798847,12.9408440432558,-34.1498685160362,-11.2421459731849,-33.6388634832346,-22.1850022118089,-33.6115681314703,7.79906541180096,-38.4098318290131,-24.6125938289594,-38.1110552827257,-31.2124362826988,-30.7035040346238,9.83527381466887,-36.7346679881519,-19.3541709796382,-36.3781705621166,-27.6879220578598,3
2199,"ssp126",-8.1357912972206,8.28886164066181,-17.5067413489754,-1.763841058459,-11.3217664166014,-3.45031627134322,-9.66357233805559,8.41527031244339,-19.2133716818873,-3.33375343965085,-12.828481787258,-4.88867266613974,-9.06755491991605,8.3625472132425,-18.5422660376903,-2.71632736494193,-12.2431686974031,-4.33019936102893,3
2199,"ssp534-over",-2.97950458357607,4.61681178126071,-6.24408350156747,0.28507433441532,-4.61179404257177,-1.34721512458038,-3.13454995561433,4.51400644267613,-6.32643452155038,0.0573346103217284,-4.73049223858235,-1.5386076726463,-3.0735747989447,4.55444150686145,-6.29405127296391,0.146901675074509,-4.68381303595431,-1.4633365619351,2
2199,"ssp585",-25.0604636296501,11.7261753344822,-32.9687207720421,-11.5880479382642,-31.7966714753431,-21.1063350584541,-32.1821386249935,6.81439634275249,-37.5664620700276,-24.5207925332303,-36.0128116708751,-29.4899769024765,-29.3982635881785,8.74636279665816,-35.8089892527911,-19.4345126706426,-34.3801390469465,-26.1929007558722,3
2200,"ssp126",-6.31467366595919,6.2848779242842,-13.0491629962624,-0.605489501550782,-9.16926574816339,-2.9474290008076,-7.39960507326319,6.2288962157302,-13.9970033835036,-1.61999888272921,-10.2894081685302,-4.10090591814297,-6.97768850189681,6.24934053255322,-13.6242799990609,-1.22100556789158,-9.85602996889943,-3.65439275331475,3
2200,"ssp534-over",-4.25788629246739,7.59812658930024,-9.6305731280754,1.11480054314062,-6.9442297102714,-1.57154287466339,-5.11216630526381,7.19315125733556,-10.1984923374263,-0.0258402731012953,-7.65532932134507,-2.56900328918255,-4.7762040569065,7.35244391112359,-9.97516700475573,0.422758890942735,-7.37568553083111,-2.17672258298188,2
2200,"ssp585",-27.9561911016657,14.4335098500171,-36.7287589219707,-11.2976723922131,-36.285450456392,-23.5699071915132,-35.5663974487903,9.49652082887418,-41.6969970722898,-24.6273616086038,-41.0359153688835,-32.5010976370405,-32.5917650714274,11.4532920958559,-39.7979029447953,-19.3849686008374,-39.1951633067224,-28.9886961347434,3
2201,"ssp126",-7.15690945034131,7.96800548675902,-16.3221234965842,-1.87555350812562,-9.79758742144915,-2.57430242721984,-8.69693528889113,7.88982886390046,-17.8070653160456,-4.08230797271996,-11.0042489469767,-4.14187027531388,-8.0947056842332,7.91176780884856,-17.2231352070311,-3.21442020825344,-10.5348484222231,-3.53049092283424,3
2201,"ssp534-over",-4.2391770426092,3.92842374254679,-7.01699211033827,-1.46136197488013,-5.62808457647374,-2.85026950874467,-4.79658705316578,3.66505119147155,-7.38816960405115,-2.20500450228041,-6.09237832860847,-3.5007957777231,-4.57737472961175,3.76864599577075,-7.24220986911278,-1.91253959011073,-5.90979229936227,-3.24495715986124,2
2201,"ssp585",-27.715633066378,13.283134430988,-36.3868143562513,-12.4233266000689,-35.3617862995325,-23.3800424214413,-35.2062079385727,8.34625818833993,-40.8682755104736,-25.6212294641567,-39.9986971757807,-32.3751741526223,-32.2779769347742,10.299853295042,-39.1060111132877,-20.4306663108314,-38.2016322467455,-28.8639598455174,3
2202,"ssp126",-6.25532302315217,6.90424715130913,-13.3172869356093,0.479582777477949,-9.62277592346722,-2.72434106692358,-7.34434312146391,7.27342756741591,-14.5787806697672,-0.0325426932923691,-11.0002433355497,-3.72712434731228,-6.92156368891693,7.12605700025828,-14.0827180200028,0.16886957847793,-10.4667803226144,-3.34098652337397,3
2202,"ssp534-over",-6.74559793426223,7.09138917442441,-11.7599673075306,-1.73122856099385,-9.25278262089641,-4.23841324762804,-7.9876052015434,7.13863666648207,-13.0353835968398,-2.939826806247,-10.5114943991916,-5.4637160038952,-7.49917349579966,7.12010230775873,-12.5338461203578,-2.46450087124148,-10.0165098080788,-4.98183718352057,2
2202,"ssp585",-24.5113718461245,10.4211430361061,-32.8115602664152,-12.8160555504646,-30.3590299939545,-20.3612776359792,-31.9980362387872,5.67300989168536,-37.749970475654,-26.407390385728,-34.7933591653168,-29.1220691203538,-29.071870966473,7.47505815114697,-35.8622779891491,-21.0620955667772,-33.0767586663209,-25.6766674551349,3
2203,"ssp126",-6.79334355112643,8.41970182458849,-16.3628045230597,-0.521857757463531,-9.92908644795788,-2.00861306515978,-7.96560813499501,8.14891195277055,-17.225420932383,-1.88771477779488,-11.0045548135951,-3.33570173630102,-7.50932789188235,8.25265788796275,-16.8862105422301,-1.35054101652,-10.5887213295635,-2.82088656670847,3
2203,"ssp534-over",-4.09810394579746,6.58034864244045,-8.7511130934388,0.554905201843871,-6.42460851961813,-1.7715993719768,-4.99714987830895,6.5851996209336,-9.65358918573818,-0.340710570879717,-7.32536953202356,-2.66893022459433,-4.64359058102327,6.58332537954004,-9.29870459965353,0.0115234376069944,-6.9711475903384,-2.31603357170814,2
2203,"ssp585",-28.2830234210279,14.1489840607492,-38.1538482016937,-12.0729108766608,-36.3880796932115,-23.3476110306951,-35.9524410927732,8.71993077061811,-42.481646187484,-26.0497436931447,-40.9037897925874,-32.6878385454178,-32.9535442953066,10.8617092800715,-40.7798074241634,-20.552837543393,-39.1538976712634,-29.0404127308783,3
2204,"ssp126",-5.4580024483469,6.25659438404514,-12.6227198160305,-1.07246752769603,-7.65076990867234,-1.87564376450509,-6.23079257193272,5.80956936650983,-12.9013174715215,-2.27976279817225,-8.20630745881296,-2.89553012213835,-5.92993268475378,5.98291485025302,-12.7917633077085,-1.80494930616139,-7.99242437404998,-2.49901737327643,3
2204,"ssp534-over",-4.10808527869724,3.01827688734772,-6.24232933323943,-1.97384122415504,-5.17520730596834,-3.04096325142614,-4.55495478711483,2.4826558821473,-6.31045759673385,-2.7994519774958,-5.43270619192434,-3.67720338230531,-4.37920862745513,2.69331117669007,-6.2836672243382,-2.47475003057207,-5.33143792589667,-3.4269793290136,2
2204,"ssp585",-25.906797307388,11.3293572305094,-33.883048375553,-12.9387553243795,-32.3908182988923,-21.9186717733055,-33.4225148422304,6.10488505909058,-38.6593318737294,-26.7173677590339,-36.7750883838287,-30.8041063264809,-30.484327811266,8.14680201228894,-36.8336118361235,-21.2984191015261,-35.0772821661359,-27.3096857988372,3
2205,"ssp126",-7.30290804734967,9.9100721391249,-18.6596645680959,-0.408967859707394,-10.7498781411708,-1.62452978697657,-8.38598988865601,9.77162334879283,-19.5880137743259,-1.61424376619925,-11.7718629498844,-2.78497794582109,-7.96414967516682,9.82330937074817,-19.2229549914881,-1.14022446371974,-11.3761122808904,-2.33474701700616,3
2205,"ssp534-over",-5.24493025907769,4.40123163068799,-8.3570709907099,-2.13278952744549,-6.80100062489379,-3.68885989326159,-5.88629153719171,3.29902940569764,-8.21905760129434,-3.55352547308909,-7.05267456924303,-4.7199085051404,-5.63404887529237,3.73250603677242,-8.27332920471388,-2.99476854587086,-6.95368904000312,-4.31440871058162,2
2205,"ssp585",-26.1864714896488,11.9986313823763,-33.8849943435945,-12.3614036065241,-33.0990054312112,-22.3372100626759,-33.4793735063182,6.61469851387862,-38.2557970892242,-25.9294207540069,-37.2543498824739,-31.0911617148652,-30.6273238309948,8.74049529040887,-36.5850708527758,-20.5932964776992,-35.6443375076427,-27.6484503201043,3
2206,"ssp126",-5.57260574828481,6.60361398605247,-12.7542834717907,0.237545277982711,-8.47768126141857,-1.98176688653188,-6.64611266986022,6.77847110882471,-13.9841986422824,-0.618671653380069,-9.6598331781003,-2.97706968364914,-6.22811250482949,6.70836886635382,-13.5005537680042,-0.281932695611407,-9.20120240943854,-2.59189187324213,3
2206,"ssp534-over",-5.15494267162226,6.45777421193292,-9.72127860825164,-0.588606734992876,-7.43811063993695,-2.87177470330757,-5.6940739869759,6.32394933840392,-10.1657814480415,-1.22236652591031,-7.92992771750869,-3.4582202564431,-5.48205236550059,6.37659745862853,-9.99098766939372,-0.973117061607448,-7.73652001744715,-3.22758471355402,2
2206,"ssp585",-28.1535620038956,13.7437820548512,-36.738495191802,-12.3018680659268,-36.0794089728799,-23.8610954099424,-35.6905995813854,8.59118630342108,-41.3601076959871,-25.8059525884479,-40.6329230778541,-32.8558455240845,-32.7434671196741,10.63230927197,-39.5935101817981,-20.4949721801349,-38.8677145894438,-29.3184455886122,3
2207,"ssp126",-6.7797755329591,5.25641628731699,-11.9720143079297,-1.46145031869648,-9.43893814009041,-4.18365614547382,-8.18877019764227,5.57952241790338,-13.5550325184025,-2.41800370573765,-11.0741534435946,-5.50563903726218,-7.64086839186164,5.45186932183339,-12.9325354049811,-2.04180372790068,-10.4404007238421,-4.99503488530189,3
2207,"ssp534-over",-3.1181910261956,3.72944616111422,-5.7553076967896,-0.481074355601601,-4.4367493614926,-1.7996326908986,-4.05968577540878,3.32105379109227,-6.40802543177541,-1.71134611904214,-5.23385560359209,-2.88551594722546,-3.6894253395612,3.48169347714114,-6.15135440726066,-1.22749627186173,-4.92038987341093,-2.45846080571146,2
2207,"ssp585",-26.7857774178328,13.1922367592332,-35.6182034699834,-11.6212483265949,-34.3680419634518,-22.3695643917575,-34.2740337497255,8.14976783522934,-40.4923489644753,-25.047839875853,-38.8871306866618,-31.1648761423507,-31.3470099963651,10.1387283193265,-38.6292214723786,-19.7673364437538,-37.1368467726707,-27.7059042583583,3
2208,"ssp126",-7.72233010304154,7.2686764049006,-15.8984106491509,-1.99190228229658,-10.587544013414,-3.63428982998687,-8.98138917624277,7.32138315117498,-17.2556131916428,-3.34242366252373,-11.8008719331023,-4.84427716854274,-8.49017704040418,7.29823132602294,-16.7219145522715,-2.81128120859194,-11.3296249563103,-4.37430828447051,3
2208,"ssp534-over",-3.62536772421762,4.34774814581877,-6.6996899210173,-0.551045527417928,-5.16252882261746,-2.08820662581777,-4.5385404031656,4.27396609307951,-7.56069081014349,-1.5163899961877,-6.04961560665454,-3.02746519967665,-4.17942414925269,4.30301565435804,-7.22211569800113,-1.13673260050425,-5.70076992362691,-2.65807837487847,2
2208,"ssp585",-25.839259999363,12.2735923088106,-35.0580063514212,-11.9077569736051,-32.805011512242,-21.2298868233339,-32.8688641909255,7.33428701326993,-39.5479102184541,-25.0199593886412,-36.7933165920676,-29.5293411771612,-30.1207964585027,9.25105565557089,-37.8316579356707,-19.8631011047677,-35.2496441353702,-26.2653657199187,3
2209,"ssp126",-8.8226545109275,8.93872065483942,-18.6470040493471,-1.16961417488132,-12.6491746789506,-3.91047974171772,-10.3364958618983,9.40791264550449,-20.76305292572,-2.4823839025264,-14.2635518415843,-5.12321732998748,-9.74525365738176,9.22104135168486,-19.930949852814,-1.96608868143816,-13.6348361453536,-4.65240555966563,3
2209,"ssp534-over",-3.29843178310519,3.03554615560015,-5.44488705433481,-1.15197651187557,-4.37165941872,-2.22520414749038,-3.57063832371821,2.28095597795085,-5.18351776331525,-1.95775888412118,-4.37707804351673,-2.76419860391969,-3.46357616184363,2.57771673152184,-5.28629714268075,-1.64085518100651,-4.37493665226219,-2.55221567142507,2
2209,"ssp585",-26.1869600868242,12.8301933588349,-35.3663706841804,-11.5266203771991,-33.5171299416367,-21.597254788146,-33.4242699088781,7.48335437697087,-40.1249725881861,-25.3488756663538,-37.4619670301402,-30.073918569224,-30.5954968262362,9.55005045779378,-38.3060112869045,-19.9127628430836,-35.9368638178124,-26.740239595902,3
2210,"ssp126",-9.33677489245978,11.2194000915714,-22.0226967352063,-0.718846132951801,-13.6457392722138,-2.99381397108653,-11.0361332701064,11.671661222291,-24.2550530906819,-2.15229547326875,-15.4780521685252,-4.42667335981857,-10.3731076694207,11.490864368348,-23.3772139235657,-1.58853853365273,-14.7653922373046,-3.87105454234817,3
2210,"ssp534-over",-4.9026493768778,7.21057652883724,-10.0012969366832,0.195998182927574,-7.45197315678049,-2.35332559697511,-5.79653504998953,6.88939139843044,-10.668070426068,-0.924999673911098,-8.23230273802875,-3.36076736195032,-5.44499901302991,7.01573413701905,-10.405872196318,-0.484125829741791,-7.92543560467397,-2.96456242138585,2
2210,"ssp585",-26.5823606989757,12.6984181470718,-35.2982541161077,-12.0129143506027,-33.8670838731623,-22.2244139904098,-34.1557008843806,6.88162511190129,-39.8774018290172,-26.5195632054266,-37.9737697238577,-31.2948504120624,-31.1941198777402,9.15662288792959,-38.1270363538924,-20.8142873142873,-36.3840361594667,-27.7276616396642,3
2211,"ssp126",-7.76061345085302,7.74785903047179,-16.3420950269597,-1.27945032332511,-11.001195014617,-3.46987266279966,-9.4136639925852,7.76494452698624,-18.1215215037977,-3.20925511536483,-12.5158684311954,-5.05973523697897,-8.76817167186165,7.75423814545032,-17.4217899163472,-2.45028804689761,-11.9271134843437,-4.44136254961887,3
2211,"ssp534-over",-4.22185119295822,7.03805976012642,-9.19851097573978,0.754808589823335,-6.710181084349,-1.73352130156744,-4.19726305344466,6.66169571068579,-8.90779326467192,0.513267157782596,-6.55252815905829,-1.84199794783103,-4.206925598062,6.80970396626495,-9.02211345048087,0.608262254356879,-6.61451952427144,-1.79933167185256,2
2211,"ssp585",-25.1388399914865,12.4054682844089,-34.8195823590473,-11.1547242921829,-32.1308978411382,-20.2984688077061,-32.2752482238364,7.33467808042007,-39.1825407139075,-24.5772545158979,-36.1242450778057,-28.8216019788009,-29.4847111003748,9.29768743093812,-37.5148129722963,-19.2983483501928,-34.5778924754658,-25.469660164414,3
2212,"ssp126",-7.44462007549271,6.90226695286875,-14.4690774716073,-0.671404133318611,-10.8312280465798,-3.93239137743543,-8.79187212243797,6.61722574619847,-15.2457907129715,-2.02261446364705,-12.1765009518334,-5.56491282717119,-8.26907196183373,6.72521312881141,-14.9403603979526,-1.49120105462132,-11.6580074154399,-4.93342774377427,3
2212,"ssp534-over",-4.28037420616509,3.31594656591744,-6.62510250897756,-1.93564590335263,-5.45273835757132,-3.10801005475886,-5.09413686499692,1.94902587616453,-6.47230627874091,-3.71596745125293,-5.78322157186891,-4.40505215812492,-4.77409059841863,2.48661227851934,-6.53239100274138,-3.01579019409587,-5.65324080058,-3.89494039625725,2
2212,"ssp585",-27.6890371796714,13.1962796105293,-35.5929506503569,-12.4548860901611,-35.3061127244265,-23.7370804443286,-35.1530299618166,8.00987204407372,-40.0626885646444,-25.910013165556,-39.7745383599469,-32.6982006604028,-32.2340562358569,10.062990999822,-38.3050341479193,-20.6182870830061,-38.0419408122824,-29.1985672798258,3
2213,"ssp126",-8.03079178518442,7.18623126859889,-16.2892258434088,-3.20113202089808,-10.4456216673276,-3.90157475607224,-9.68196485763444,7.37824589927758,-18.1635758811562,-4.74458315875418,-12.1506557070746,-5.44115934587355,-9.03826431845971,7.2987214785934,-17.4265170903477,-4.13756394610995,-11.4886145046346,-4.8441379325157,3
2213,"ssp534-over",-6.48373860508733,7.34902959572994,-11.6802872673686,-1.28718994280606,-9.08201293622797,-3.8854642739467,-7.58150843363171,6.95994919921303,-12.5029357091091,-2.66008115815429,-10.0422220713704,-5.120794795893,-7.14979151789391,7.11300006171555,-12.1794420961133,-2.12014093967451,-9.66461680700361,-4.63496622878421,2
2213,"ssp585",-27.6447825784394,12.9888816412021,-35.3466941246264,-12.648358435188,-35.1429946500651,-23.7938268053459,-35.3371321948874,7.28217336803456,-39.8696476664039,-26.937174385971,-39.5371110993455,-33.0708744591291,-32.3276068896085,9.53847404645226,-38.0910670377867,-21.3175693363996,-37.8326256662129,-29.4458768155194,3
2214,"ssp126",-6.14734108717544,4.87411197892305,-11.5937619981579,-2.1955778129618,-8.12322272428226,-3.4241306316842,-7.49032140490046,5.03890691005919,-13.1133272776002,-3.38385261381537,-9.543555800443,-4.67881846855056,-6.96703304600494,4.97192036041265,-12.5157820353218,-2.91651962456308,-8.99228975672587,-4.19265855134649,3
2214,"ssp534-over",-5.1298459050171,4.67190723300653,-8.4333831905505,-1.8263086194837,-6.7816145477838,-3.4780772622504,-5.83632058708169,3.85768330719623,-8.5641146132703,-3.10852656089309,-7.200217600176,-4.47242357398739,-5.55847674412586,4.17791182839363,-8.51270652918249,-2.60424695906924,-7.03559163665417,-4.08136185159755,2
2214,"ssp585",-26.8678983066888,12.3805601341472,-36.1775602743585,-12.8175410059823,-33.8930769570421,-22.213067322854,-34.4098664794129,6.88450323809527,-40.8430288274441,-27.1488815807118,-38.0403589287634,-31.1932853053973,-31.4609412461048,9.0064421784104,-39.0596674701376,-21.512552150878,-36.4351357937182,-27.6615781340884,3
2215,"ssp126",-8.38443249004546,7.27363828251723,-16.2104897173338,-1.83124572369412,-11.6610258732211,-4.47140387640128,-9.6368997151534,7.32032096735032,-17.4025259041347,-2.86299919811998,-13.0238499736701,-5.75408662066278,-9.14998526830081,7.29968502491389,-16.9337763468218,-2.45722400619593,-12.4963658993533,-5.2580897290403,3
2215,"ssp534-over",-4.22922481277781,6.74098244029987,-8.99581920817329,0.537369582617675,-6.61252201047555,-1.84592761508007,-5.08159699076065,6.90670892650387,-9.9653777083732,-0.197816273148105,-7.52348734956693,-2.63970663195438,-4.74639563795804,6.84156694148238,-9.58411401622194,0.091322740305864,-7.16525482708999,-2.32753644882609,2
2215,"ssp585",-26.7711157395876,12.8531140958336,-35.3420856462632,-11.9924711998973,-34.1604380094328,-22.4856307862498,-34.2622706162528,7.32657541957034,-39.8403886128049,-25.9648400717701,-38.4109858884941,-31.4732116179768,-31.3327209783277,9.50498261138983,-38.1209257994328,-20.4696895332436,-36.7642367008697,-27.9386185677751,3
2216,"ssp126",-6.27544877666514,5.9810807248578,-12.8307665189237,-1.11518967957489,-8.85557832521027,-2.99778990553587,-7.38072285909966,5.54961411725657,-13.4764245587408,-2.62113825597581,-9.76051516066159,-4.33287200927911,-6.95032859702209,5.71776958219755,-13.2225296487616,-2.02886831188196,-9.41105873959216,-3.81422807115235,3
2216,"ssp534-over",-6.4032875753387,9.78474627400545,-13.3221480178778,0.515572867200365,-9.86271779660823,-2.94385735406917,-7.28593606131523,10.2332882655705,-14.5219635877368,-0.0499085348936254,-10.903949824526,-3.66792229810443,-6.93883349038111,10.0569271978775,-14.0501549098997,0.172487929137531,-10.4944942001404,-3.38317278062179,2
2216,"ssp585",-27.2629985976784,13.1440034477514,-34.9039218671379,-12.0857308394306,-34.8516324768022,-23.4425369629486,-34.9021194960757,7.85672693324103,-39.4511371123659,-25.8299649816198,-39.4381967533037,-32.6276106879307,-31.9148559060344,9.95090864521999,-37.6630159489243,-20.4245368583955,-37.6600154298538,-29.0407758845894,3
2217,"ssp126",-8.19467726350107,7.33219517531711,-16.5302378139326,-2.74240922208804,-10.9208112842076,-4.02689698828529,-9.37939120873934,7.23831648208648,-17.6431820270684,-4.16326958792873,-11.9874520191446,-5.24749579957482,-8.91723301109923,7.272387607836,-17.2055341494302,-3.60446372786889,-11.5736176527144,-4.77308244193374,3
2217,"ssp534-over",-3.07544613179966,3.03703403328562,-5.22295349143026,-0.927938772169068,-4.14919981161496,-2.00169245198437,-3.64230166904234,1.88971127738604,-4.9785293277667,-2.30607401031798,-4.31041549840452,-2.97418783968016,-3.41935834363666,2.3409292650668,-5.07464530124344,-1.76407138602989,-4.24700182244005,-2.59171486483328,2
2217,"ssp585",-27.1505293083572,12.9472953246762,-35.8532070346885,-12.2716073171371,-34.5899903039672,-22.7991904451916,-34.6794293412798,7.33091751877323,-40.2731822226173,-26.3802989811747,-38.8289945213323,-31.8825529006111,-31.7347477492206,9.54528720397125,-38.5836599676248,-20.8315344655448,-37.1863543910585,-28.3102916400185,3
2218,"ssp126",-6.09016009466929,8.29531939332801,-15.649186601781,-0.780474213967007,-8.74500303502043,-1.31064684111342,-6.82007410884218,8.06864010444339,-16.133045496541,-1.93040161442422,-9.26491035605116,-2.16358841499276,-6.53506284091899,8.15496430407529,-15.9427755657855,-1.47815015786489,-9.06351918244604,-1.83120647848572,3
2218,"ssp534-over",-4.0375418267114,2.06817669861583,-5.49996359499466,-2.57512005842814,-4.76875271085303,-3.30633094256977,-5.02218540094167,1.05488272274779,-5.76810012755316,-4.27627067433018,-5.39514276424741,-4.64922803763592,-4.63494497457248,1.45340801309209,-5.66265963646076,-3.6072303126842,-5.14880230551662,-4.12108764362834,2
2218,"ssp585",-28.1142120497684,13.7598112405947,-36.5659377720496,-12.2367975918105,-36.0529192787473,-23.8883491886278,-35.8816791710611,8.33621746431256,-41.1478968275252,-26.2705523356605,-40.6872425887614,-33.248570342829,-32.8437793802775,10.4846666986334,-39.396456725139,-20.7512595338896,-38.8900393034714,-29.5674407078467,3
2219,"ssp126",-6.89480778240064,9.09408070001011,-17.225112453748,-0.0968946479110426,-10.2937643496454,-1.72965544672693,-7.6671023395464,9.76668525363764,-18.6284846102844,0.11015468420581,-11.5557308514225,-2.18641120417738,-7.36751722772273,9.49643668885038,-18.0766304934333,0.0287248809049684,-11.0656382820366,-2.01296059486745,3
2219,"ssp534-over",-4.68008439889972,4.79818993452741,-8.07291703902509,-1.28725175877435,-6.3765007189624,-2.98366807883703,-5.21625954130188,3.60032793763406,-7.7620758404983,-2.67044324210546,-6.48916769090009,-3.94335139170367,-5.00538066750817,4.07141987830837,-7.88430927251773,-2.12645206249861,-6.44484497001295,-3.56591636500339,2
2219,"ssp585",-25.9997977165601,12.1279208984058,-35.4122907048771,-12.3135625182521,-32.842915315714,-21.2935512224016,-33.3844315046016,6.84526255373687,-39.906467841409,-26.2562566357763,-36.9485189390142,-30.1234133361979,-30.4967550260949,8.88396293741438,-38.18858211418,-20.7727767913057,-35.3587441434895,-26.6508414820524,3
2220,"ssp126",-8.18942159405489,9.37183242663946,-18.3685636022183,0.0813510723304301,-12.3248079272475,-3.09985058997319,-9.59365679143907,9.49995253035934,-19.9677600872236,-1.31911689492532,-13.7309267396959,-4.40660514354682,-9.04588142530869,9.4479153951755,-19.3389011207736,-0.768331099400941,-13.1846565882626,-3.89937157757621,3
2220,"ssp534-over",-4.21081836115071,6.96564885483914,-9.13627590177178,0.714639179470353,-6.67354713146125,-1.74808959084018,-5.28746526970337,7.03520799199043,-10.2621085478976,-0.312821991509137,-7.77478690880048,-2.80014363060625,-4.86406370122997,7.00789318741527,-9.81939249588232,0.091265093422374,-7.34172809855614,-2.3863993039038,2
2220,"ssp585",-27.0755940303583,13.2562274429491,-36.0642155388525,-11.8513681528694,-34.6877069691027,-22.5812832761112,-34.7504519605819,7.44561241221303,-40.1782419827576,-26.2623500083394,-38.9945029367031,-32.036556949494,-31.7486609038375,9.73822076939523,-38.5604655295701,-20.5946987009654,-37.3256420052736,-28.3427585909713,3
2221,"ssp126",-5.51834935284832,6.59043229095143,-12.6048143459848,0.427029726966634,-8.49103889275579,-1.97511685628009,-6.51139051513885,6.72455398817013,-13.681124405729,-0.344699932682044,-9.59473580636725,-2.92652356984377,-6.12502162762763,6.67050163289327,-13.2578823350411,-0.041188717532821,-9.16693808267504,-2.55859127392088,3
2221,"ssp534-over",-3.90290339789721,5.34719475790477,-7.68394107153683,-0.12186572425759,-5.79342223471702,-2.0123845610774,-4.86664989267312,4.11984172065368,-7.7798179107626,-1.95348187458365,-6.32323390171786,-3.41006588362838,-4.48762348229512,4.60254723888157,-7.7421158456397,-1.23313111895054,-6.11486966396741,-2.86037730062283,2
2221,"ssp585",-27.7142886477119,13.1776734736924,-38.7091574856659,-13.1072042570621,-35.0178308430368,-22.2168542287349,-35.4429054615209,7.836072912886,-43.2587371761382,-27.5867470011479,-39.3709846917074,-31.5349896042123,-32.4201565374227,9.89143975386271,-41.5196739888816,-21.8921315900164,-37.6841690111258,-27.8703978116932,3
2222,"ssp126",-7.78619105396048,11.3406436203111,-20.8408142813974,-0.368482329312538,-11.4950454162844,-1.25887944024203,-9.35811887557704,11.9784647554865,-23.1494512172058,-1.54977418497026,-13.2622912208804,-2.46245270476268,-8.74445178574743,11.7243090032527,-22.2416159068025,-1.08518749703633,-12.574083930103,-1.99586972521989,3
2222,"ssp534-over",-6.06391788826085,6.77372794218274,-10.8536668500911,-1.27416892643064,-8.45879236917596,-3.66904340734575,-6.91325878617165,6.9682276466357,-11.8405398079593,-1.98597776438397,-9.37689929706549,-4.44961827527781,-6.57925005193037,6.89177017430343,-11.4524674765595,-1.70603262730122,-9.01585876424494,-4.14264133961579,2
2222,"ssp585",-27.7097613439625,13.3430927567678,-37.7693447950666,-12.5734514292212,-35.2779163013332,-22.6799696184105,-35.531343065308,8.21950229786466,-42.5757417220942,-26.5007361904634,-40.0466465027303,-32.0091437369149,-32.4727115103172,10.2229194240253,-40.6857014223442,-21.0233166449477,-38.197408943002,-28.3662165543037,3
2223,"ssp126",-4.58041009614139,2.559875690481,-7.53540771359197,-3.04001962372644,-5.35060533234887,-3.10291128741611,-5.47416285928037,1.97622125051849,-7.74349344908739,-4.13200193400003,-6.14524332192054,-4.33949756437687,-5.12622079947192,2.19785065221639,-7.66166699324936,-3.76267527153162,-5.80799356344207,-3.8584977025832,3
2223,"ssp534-over",-5.42409645812977,6.56871448773844,-10.0688790160879,-0.779313900171604,-7.74648773710885,-3.10170517915069,-6.20910258089803,6.43084516022022,-10.7563968024504,-1.66180835934562,-8.48274969167423,-3.93545547012182,-5.90038799765245,6.48509295516068,-10.4860412028717,-1.31473479243323,-8.19321460026206,-3.60756139504284,2
2223,"ssp585",-25.8240030507277,11.6034154066861,-33.5657254220497,-12.4827379589944,-32.4946355965943,-21.9531418650667,-33.6449961751247,5.77834776836244,-37.5219684681231,-27.003732411979,-36.9656280566975,-31.7065100286254,-30.5875184068066,8.08260711972577,-35.9662378644693,-21.2928145840872,-35.2348703181664,-27.8981586779753,3
2224,"ssp126",-6.92153768496187,5.97129013274659,-13.1842256806994,-1.29212240098648,-9.73624532694956,-3.79019368709309,-8.07418875485944,5.54764924785795,-13.7469715165916,-2.66077118458347,-10.7808975399974,-5.23779737399334,-7.62649370446872,5.71185324806982,-13.5256805319932,-2.12249945920864,-10.3784908270988,-4.67690029070647,3
2224,"ssp534-over",-3.98864031225979,3.74667026618645,-6.63793626435024,-1.33934436016934,-5.31328828830501,-2.66399233621457,-4.87770483873985,2.57094314966172,-6.69563617391076,-3.05977350356895,-5.7866705063253,-3.9687391711544,-4.52804886835322,3.03334344550887,-6.67294658834031,-2.38315114836614,-5.60049772834677,-3.45560000835968,2
2224,"ssp585",-28.5340258532564,13.9911312406005,-38.1303812779528,-12.4804394271439,-36.5608190663126,-23.7358481409082,-36.2903286776584,8.36982330991448,-42.8779208856731,-26.8722641344931,-40.999360949241,-32.996532573651,-33.2574192197637,10.5828161799593,-41.063188113958,-21.2121470837493,-39.2800552877709,-29.3545347726665,3
2225,"ssp126",-8.35266327641559,9.15141874351116,-18.7214129395732,-1.40328480853353,-11.8273525103566,-3.16828844483677,-9.70846122736839,9.51239709874844,-20.4184748477921,-2.24219774113836,-13.4415929704834,-4.35345441715651,-9.18090894251413,9.36651553553857,-19.7511318367171,-1.91226422051249,-12.815231303515,-3.89579749541266,3
2225,"ssp534-over",-6.50098913585229,7.48209460384021,-11.791628967707,-1.2103493039976,-9.14630905177963,-3.85566921992494,-7.1566702882732,7.17065179405346,-12.2270867973759,-2.08625377917051,-9.69187854282454,-4.62146203372185,-6.89881089716497,7.29315439663895,-12.0558498272689,-1.74177196706109,-9.47733036221692,-4.32029143211303,2
2225,"ssp585",-28.4412426718282,14.2169998185025,-36.8202458771318,-12.0260585604805,-36.6488347275021,-24.2517410691764,-36.1313610674648,8.74117731427554,-41.3467378317795,-26.0398190827649,-41.1771320598148,-33.5236726853075,-33.1236878811273,10.9088175732769,-39.56676577773,-20.5283897476982,-39.4213369478418,-29.9021489328259,3
2226,"ssp126",-7.79888024581007,9.61650777297785,-18.739011611538,-0.681888328044879,-11.3573762046927,-2.32881456294612,-9.67722993806901,10.3397767139633,-21.4485478839252,-2.06297677974331,-13.4843565172319,-3.7915709651409,-8.94423048658621,10.0519764733385,-20.3830651894667,-1.51981269506323,-12.6564393823477,-3.22481313514595,3
2226,"ssp534-over",-2.72765585727662,3.83176398777903,-5.43712215694158,-0.0181895576116602,-4.0823890071091,-1.37292270744414,-3.12116378056908,3.52647658366243,-5.61475928657235,-0.627568274565804,-4.36796153357072,-1.87436602756744,-2.96640691842277,3.64654875076459,-5.54490626801574,-0.38790756882979,-4.25565659321926,-1.67715724362628,2
2226,"ssp585",-27.5766987771686,12.7327370907595,-36.4519983493652,-12.9879708734402,-34.8710627290328,-23.1390489910703,-35.3502948981299,6.70365784528587,-41.1157967325617,-27.99448351245,-39.0282005909699,-32.4675439809141,-32.3102676410989,9.05337514700903,-39.3330737926845,-22.0926177110352,-37.4190926061308,-28.7988645653061,3
2227,"ssp126",-5.86551406575501,6.53814262948751,-13.2099726315811,-0.679512896239008,-8.45851465051302,-2.19328478284196,-6.67641341053937,6.20374554185873,-13.6455252338697,-1.75656343716753,-9.13633839722529,-3.19185749887422,-6.36089084808224,6.33359760034129,-13.4742509959146,-1.33297349946428,-8.87484952239122,-2.80421077416607,3
2227,"ssp534-over",-4.83397795534734,8.51099950567091,-10.8521634204826,1.18420750978792,-7.84307068791497,-1.82488522277971,-5.50753512149564,8.9509248098405,-11.8367947524248,0.821724509433489,-8.6721649369602,-2.34290530603107,-5.24265977851539,8.77794456499859,-11.4496039053055,0.964284348274706,-8.34613184191045,-2.13918771512034,2
2227,"ssp585",-26.9850384320382,12.959121408747,-34.7903506967545,-12.0258614624389,-34.4646269168378,-23.08238229968,-34.8224445911602,7.08608719085715,-39.5750911749181,-26.6779418192503,-38.8946959771152,-32.4461212992812,-31.7577741978199,9.40682762454003,-37.7461384820844,-20.9154696141722,-37.1789264896438,-28.7635920556877,3
2228,"ssp126",-5.27991972262551,5.34957435765472,-11.1298646440345,-0.636938495808931,-7.6014103360338,-2.35494726192102,-6.36698133416246,5.37523689271201,-12.2221296066963,-1.65584315846353,-8.72255042201192,-3.43940719789553,-5.94370537695969,5.36371603939343,-11.7926135203683,-1.25512123671664,-8.28799744708122,-3.01925130525537,3
2228,"ssp534-over",-5.73199377084544,9.17542275099381,-12.2199974183265,0.756009876635606,-8.97599559458597,-2.48799194710492,-6.38907797101929,9.33566323419858,-12.990388750795,0.212232808756461,-9.68973336090717,-3.08842258113142,-6.13067559317319,9.27267141073312,-12.6874444274172,0.426093241070827,-9.4090600102952,-2.85229117605118,2
2228,"ssp585",-27.9690984869836,13.3870265491362,-36.4562743202088,-12.5367499326052,-35.6852727641728,-23.725510570371,-35.804210470329,7.7488459618805,-41.1229983277784,-26.9136460627506,-40.2494926741183,-33.1448165416044,-32.7400148244151,9.97952810163704,-39.339157076762,-21.2594002268175,-38.4803221232138,-29.4404436982416,3
2229,"ssp126",-6.50474679244219,8.24657319771915,-15.7244081329155,0.16769219751402,-9.8409662874203,-1.89491612220554,-8.09041031483753,8.74011186880868,-17.8451811407733,-0.971844391648752,-11.6496932764319,-3.21302490186962,-7.47233449479948,8.54351936015116,-17.011220377164,-0.52367950572064,-10.9466619893389,-2.70289155361721,3
2229,"ssp534-over",-4.75671255623033,6.62741263045191,-9.44300096894426,-0.0704241435164092,-7.09985676258729,-2.41356834987337,-5.31316090987375,5.79033265398372,-9.40754439483154,-1.21877742491596,-7.36035265235264,-3.26596916739486,-5.09431609301973,6.11954397735552,-9.42148713717711,-0.767145048862347,-7.25790161509842,-2.93073057094104,2
2229,"ssp585",-26.8921701451553,13.2004623500266,-35.1426015210591,-11.6674052394155,-34.5045525980252,-22.7669544572034,-34.578305863693,7.67636545215903,-40.1375548850797,-25.8197475606117,-38.9575850152337,-31.7986813529997,-31.5738988615732,9.85377388236052,-38.2282489472975,-20.2538158105355,-37.233940387092,-28.246723818711,3
2230,"ssp126",-9.8346315317833,10.1345623169024,-21.3671337210758,-2.34779963529967,-13.5780474800251,-4.06838043713707,-11.4895377780159,10.5588466476558,-23.5317176454843,-3.8165790364259,-15.326017148811,-5.46844784428174,-10.8436220698009,10.3888249084916,-22.6805289252358,-3.23892724444356,-14.6459694824796,-4.92516864208346,3
2230,"ssp534-over",-3.81548699076655,4.84224174789448,-7.23946896684734,-0.391505014685761,-5.52747797880694,-2.10349600272616,-4.79338035753401,5.05530333090058,-8.36801962376875,-1.21874109129927,-6.58069999065138,-3.00606072441664,-4.4088173412525,4.97155098616652,-7.92423475658552,-0.893399925919488,-6.16652604891901,-2.651108633586,2
2230,"ssp585",-27.4019816205668,14.4416651524901,-36.9811895616381,-10.7911774659156,-35.7073836978924,-22.6123776500311,-35.0800589226754,8.81762108080884,-41.7585286077558,-25.0850766747854,-40.0775500466204,-31.7408240801352,-32.0780212827488,11.0335252402077,-39.9324050901162,-19.4634724460719,-38.3852957010873,-28.1508293790652,3
2231,"ssp126",-7.32968956354746,7.09579398741076,-15.4131950644307,-2.12905958722398,-9.9300045517092,-3.28793681310585,-8.50144185816441,7.06087549611359,-16.5480277647997,-3.34003458415168,-11.0821454951708,-4.47814890484678,-8.04493042287973,7.07201019380573,-16.1017725824384,-2.86377390369504,-10.6355086824721,-4.01650934310041,3
2231,"ssp534-over",-7.98088983875015,8.55774871752763,-14.0321319886044,-1.92964768889589,-11.0065109136773,-4.95526876382302,-9.04968325150658,8.67831099372806,-15.1861758044175,-2.91319069859571,-12.117929527962,-5.98143697505115,-8.6293711029212,8.63093836928854,-14.7323661518483,-2.52637605399411,-11.6808686273847,-5.57787357845766,2
2231,"ssp585",-27.0889843261426,13.0915462546475,-35.7292584161976,-12.0265090312684,-34.6202219735797,-22.7688472811151,-34.9529775874647,7.31918516276436,-40.5675872649841,-26.6750612587837,-39.0919357518053,-32.1456727487051,-31.8780485590275,9.59179328874048,-38.7181505782529,-20.9139766209663,-37.3600845280581,-28.4579975494148,3
2232,"ssp126",-7.2028714258569,5.93227176769378,-13.7390325369242,-2.1597424841081,-9.7244358967313,-3.93479087032323,-8.16334472677188,5.910279846911,-14.6654035665116,-3.11681231269014,-10.6866109338127,-4.912315306902,-7.78929190039691,5.91757439233674,-14.3011226706507,-2.74040922512728,-10.3137332380317,-4.53337651527003,3
2232,"ssp534-over",-6.43467288887681,6.11891618294759,-10.7614000153512,-2.10794576240246,-8.59803645211398,-4.27130932563964,-7.55653695724319,5.46560011401912,-11.4212998611201,-3.6917740533663,-9.48891840918163,-5.62415550530475,-7.11533980839694,5.72256536538936,-11.161804584047,-3.06887503274685,-9.13857219622198,-5.09210742057189,2
2232,"ssp585",-28.0067665275817,12.9960567250462,-36.7093067176215,-13.0679171019888,-35.4761912403782,-23.6554964325618,-35.7733152518874,7.14624260039661,-41.3842061962473,-27.7279069543051,-39.7960194006785,-32.9678697797075,-32.7361060094277,9.44611959818817,-39.5972398959473,-21.9623240477503,-38.1229969902664,-29.3055390661679,3
2233,"ssp126",-7.92630020111794,8.75890183849102,-17.3460401169477,-0.027427835723016,-11.8757363838154,-3.21643024320304,-9.27293065480346,8.75575270147412,-18.6732939412088,-1.34969410482777,-13.2345489297913,-4.5727490116008,-8.74845828551249,8.75570394447351,-18.1513721661376,-0.829664017776936,-12.7078554193803,-4.04700134519991,3
2233,"ssp534-over",-4.05469554327912,4.29802258724934,-7.09385646041608,-1.01553462614216,-5.5742760018476,-2.53511508471064,-4.57542165658197,4.39958804289008,-7.6864001961368,-1.46444311702715,-6.13091092635938,-3.01993238680456,-4.37064245679216,4.3596657243865,-7.45339165421241,-1.2878932593719,-5.91201705550229,-2.82926785808203,2
2233,"ssp585",-27.3686464929859,12.5790283682903,-34.8699021255142,-12.8462812290373,-34.6298291249603,-23.6180186767218,-35.2173971619748,6.77396288488838,-39.647143427835,-27.4195513279724,-39.116320078976,-33.0025240290448,-32.1482396350961,9.06958159807967,-37.8210572724685,-21.6880741699749,-37.3783223676568,-29.3118308164099,3
2234,"ssp126",-6.07770925691455,5.82717464782985,-12.7890906014934,-2.30490383777417,-7.96411196648474,-2.72201858462514,-7.08344971336702,6.2325053687478,-14.2510372958778,-2.93984402803648,-9.15525255603228,-3.49965592211162,-6.69131756939676,6.07040012076647,-13.6761496595831,-2.69013032805853,-8.69191119006587,-3.19890152430357,3
2234,"ssp534-over",-6.0297700427324,7.19453785844686,-11.1170765499435,-0.942463535521287,-8.57342329633796,-3.48611678912685,-6.62383439750223,6.7735893487347,-11.4134853589655,-1.83418343603895,-9.01865987823387,-4.22900891677059,-6.39020443067116,6.9391539409817,-11.2969272380367,-1.48348162330564,-8.84356583435392,-3.9368430269884,2
2234,"ssp585",-28.2100535736896,13.972091817895,-37.9920621308593,-12.2080825861148,-36.211039067477,-23.3190492951048,-36.1895867375055,7.94423427106891,-42.6457440148158,-27.3179823337279,-40.6253889393943,-32.9615080988503,-33.068539099506,10.3128900273894,-40.8668880764221,-21.3754557302166,-38.9150807841507,-29.169364611048,3
2235,"ssp126",-7.4691080708499,8.67134404820675,-17.0858577434841,-0.246027889612125,-11.0806481614688,-2.66073323453282,-8.4909460790187,8.5827783959375,-17.7894007885647,-0.872183406277094,-12.3003274153895,-3.8417187242457,-8.09547063340771,8.61024930307897,-17.5127435070294,-0.625924603911146,-11.830243648156,-3.38683419659689,3
2235,"ssp534-over",-4.77938175840358,6.14169727710264,-9.12221755103781,-0.436545965769351,-6.9507996547207,-2.60796386208647,-5.51136782608729,5.75755496261613,-9.58257398320741,-1.44016166896717,-7.54697090464735,-3.47576474752723,-5.22349936168737,5.90865025930488,-9.40154602770151,-1.04545269567324,-7.31252269469444,-3.1344760286803,2
2235,"ssp585",-27.9788879084679,14.04133693069,-36.2946336987362,-11.7671599551009,-36.0847518851513,-23.8210150133337,-35.7268692586564,8.12996527569425,-40.6853542858691,-26.3442648785263,-40.4181714487215,-33.2476267450501,-32.6959220096873,10.4690580195587,-39.0070145142626,-20.6112795340461,-38.7382432475079,-29.5403757573997,3
2236,"ssp126",-6.89173042634341,5.74621101735308,-12.7279287720832,-1.23994643114339,-9.71762242394342,-3.97363125347352,-8.11780609090368,5.85581938034714,-13.9499173615289,-2.23856311582768,-11.0574275784417,-5.20175045559108,-7.64099198285636,5.81185588066188,-13.4693894910778,-1.8458201913497,-10.5385778786097,-4.72679322874562,3
2236,"ssp534-over",-3.9376006042399,5.91037759797089,-8.11686868313818,0.241667474658377,-6.02723464368904,-1.84796656479076,-4.69301756234528,5.56542067466439,-8.62836426155629,-0.757670863134283,-6.66069091195078,-2.72534421273978,-4.39593537988729,5.70110677092738,-8.42722663787858,-0.364644121896001,-6.41158100888294,-2.38028975089165,2
2236,"ssp585",-27.6786146737083,13.5214027414961,-36.8517105607586,-12.1504459186684,-35.4426990512282,-23.0920667301831,-35.6773389481808,7.67870225914522,-41.7004657559576,-27.0307133460836,-40.0006517492295,-32.6657755442925,-32.5494631802923,9.97862686861287,-39.8470436295909,-21.1784981407017,-38.2349457000876,-28.900672955643,3
2237,"ssp126",-6.38193996222262,5.67043538838392,-12.9259129203334,-2.91981948706754,-8.11300019980015,-3.10995348316722,-7.85273872187056,5.87545191835361,-14.6369656650974,-4.42020456272088,-9.5690058014454,-4.46062525025712,-7.27874227258067,5.79067677660011,-13.9641209767163,-3.83012267094727,-9.00305207339737,-3.93605292051285,3
2237,"ssp534-over",-4.23714211655174,6.89979863186541,-9.11603651796543,0.641752284861956,-6.67658931725858,-1.79769491584489,-5.11732900771004,6.64642851284815,-9.81706367981659,-0.417594335603496,-7.46719634376332,-2.76746167165677,-4.77118142449329,6.74610176620325,-9.54139572995016,-0.000967119036420836,-7.15628857722172,-2.38607427176485,2
2237,"ssp585",-27.871076304424,13.6442058268669,-35.8409202650182,-12.1164668567919,-35.74838102824,-23.8861543241269,-35.6901218617148,7.84714549014986,-40.6212477448044,-26.641194241875,-40.2145856716347,-33.22455892017,-32.632657559228,10.1405519470149,-38.7939819073608,-20.92880830045,-38.484582188617,-29.5519953851616,3
2238,"ssp126",-8.41878351280358,11.879058846162,-22.1201425566907,-1.00542350119617,-12.1254635186073,-1.56810399086002,-9.9830700367184,12.7346046944061,-24.6659478802417,-1.9488249393792,-14.000192585388,-2.64163111495675,-9.37233062773788,12.3946495395945,-23.6648498165815,-1.57779745158405,-13.2695972158148,-2.22607103331607,3
2238,"ssp534-over",-5.34897384908302,5.68088103731214,-9.3659633536805,-1.33198434448553,-7.35746860138176,-3.34047909678427,-6.33982719837294,5.59858113269371,-10.2986218823237,-2.38103251442216,-8.31922454034833,-4.36042985639755,-5.95016203507667,5.63098332078513,-9.93186852595218,-1.96845554420116,-7.94101528051442,-3.95930878963891,2
2238,"ssp585",-27.684917290127,12.7750078006069,-36.2503622793152,-13.0014405724749,-35.0266556489531,-23.4021947955329,-35.4503311855402,7.10631155156129,-40.9058876017099,-27.4143195603621,-39.4683369981293,-32.7225529774554,-32.4135015750709,9.34075360129813,-39.1263270145038,-21.7459221355388,-37.747291294837,-29.0570888553545,3
2239,"ssp126",-9.56047318681976,6.05731600819025,-16.5444147843449,-5.73759901115385,-11.4719102746527,-6.06850238805718,-11.551962090993,6.68219631921806,-19.2673980505036,-7.61819403175584,-13.5188461206115,-7.69424411123766,-10.7738280880501,6.4309613407021,-18.1966275363905,-6.87858052491417,-12.721451869618,-7.06242836387984,3
2239,"ssp534-over",-5.05924328856415,7.51748031450354,-10.374904596386,0.256418019257679,-7.71707394247507,-2.40141263465324,-5.67358887121733,7.38899918361542,-10.8984003001337,-0.448777442301006,-8.28599458567549,-3.06118315675917,-5.43198853754786,7.43954861919979,-10.6925438151511,-0.171433259944677,-8.06226617634946,-2.80171089874627,2
2239,"ssp585",-26.9184753963384,13.369089826786,-37.071979474842,-11.7713544962886,-34.4920358463633,-21.8417233570866,-34.6385809628632,7.86049156147961,-41.7262540951256,-26.1844496229179,-38.8656466328358,-31.0947443967319,-31.6195635585586,10.0086217566565,-39.9471715850492,-20.5159671935448,-37.1713617410654,-27.4557595453132,3
2240,"ssp126",-6.90889148262109,5.34997779010814,-13.0738786735889,-3.48440072917748,-8.62113685934289,-3.82639788713719,-8.04948640128375,5.10634720782707,-13.9357365871272,-4.80832461745539,-9.67006729319793,-5.10636130836202,-7.60579243205874,5.19752090191141,-13.59682446356,-4.30225868313283,-9.25755930652169,-4.61027641630811,3
2240,"ssp534-over",-4.20543859177683,3.90626596577774,-6.9675857452965,-1.44329143825717,-5.58651216853667,-2.824365015017,-5.08000961164675,2.91776940269417,-7.14318414223042,-3.01683508106308,-6.11159687693859,-4.04842234635492,-4.73605685093371,3.30653875007845,-7.07413282337028,-2.39798087849715,-5.905094837152,-3.56701886471543,2
2240,"ssp585",-29.2575792941733,14.9843584895883,-39.0343756774899,-12.0062652367545,-37.8832363228827,-24.3691811025151,-37.2138903252648,9.09796107294748,-43.6100122091903,-26.7984812332303,-42.4215948712821,-34.015829383302,-34.1016941635254,11.4260171607379,-41.8609888725487,-20.98089550783,-40.662093491373,-30.2220468090137,3
2241,"ssp126",-6.02041958160727,6.14515907553483,-13.1161128671306,-2.43606729595366,-7.81259572443407,-2.47257293884563,-7.09321938162035,5.91455577009372,-13.9226063394788,-3.63883594900524,-8.82041109792791,-3.67852590269112,-6.67547284704358,6.00155062499013,-13.6054654151303,-3.20698958480995,-8.4097144781604,-3.21047656300024,3
2241,"ssp534-over",-6.39180796100183,3.45748576126966,-8.83661958865155,-3.94699633335212,-7.61421377482669,-5.16940214717698,-6.80558936569137,2.18138319421319,-8.34806021468589,-5.26311851669685,-7.57682479018863,-6.03435394119411,-6.64284167686986,2.68323951752059,-8.54017853525639,-4.74550481848333,-7.59151010606313,-5.6941732476766,2
2241,"ssp585",-26.6342518900648,12.613242331483,-36.9186706951996,-12.5608091184068,-33.6709732758938,-21.4920424874974,-34.217516315073,7.16454048686028,-41.513262243405,-27.1918172896983,-37.7303658277603,-30.569643350907,-31.2520871372227,9.22962262018534,-39.7569934085723,-21.4376325004958,-36.1593144555861,-26.9996340015479,3
2242,"ssp126",-8.38176164920246,8.17093582694922,-17.6742957996203,-2.32099852040752,-11.4121432135999,-3.73549457399351,-9.71816837048802,7.98279201769161,-18.8178688473872,-3.89491449580946,-12.6297953078273,-5.16831813203842,-9.19735064504788,8.05375669402457,-18.3681766603285,-3.2759138596871,-12.1580690377283,-4.61193763740756,3
2242,"ssp534-over",-4.8938323693301,4.53242370531595,-8.09873990656967,-1.68892483209053,-6.49628613794989,-3.29137860071032,-5.8134426554022,3.82639078869109,-8.51910952955542,-3.10777578124899,-7.16627609247881,-4.4606092183256,-5.45178297947365,4.10407997506081,-8.35380576037106,-2.54976019857623,-6.90279436992235,-4.00077158902494,2
2242,"ssp585",-27.6655578461452,13.5319836581653,-36.2386875352297,-12.0656969643971,-35.4654882870192,-23.3789930016029,-35.4078036663308,7.87964878847356,-40.9388064512299,-26.3857160501669,-39.9188474744127,-32.6423022738812,-32.380249489156,10.1133663967782,-39.1422000966556,-20.7538392143581,-38.193454626555,-28.9992741854062,3
2243,"ssp126",-9.29481703354847,7.88242939876299,-18.0231629809139,-2.69576688341611,-12.5943421086146,-4.93064405986577,-10.6286638755631,8.0642679836095,-19.46951291713,-3.67605466964339,-14.1049684785229,-6.20823935477963,-10.1099002972829,7.98967638097368,-18.9007584616631,-3.29052026199962,-13.5195903149245,-5.71447121509278,3
2243,"ssp534-over",-5.74036412098048,7.45387155258484,-11.0110472419067,-0.469681000054241,-8.37570568144361,-3.10502256051736,-6.88665125831917,6.7824123666023,-11.6825410355472,-2.09076148109118,-9.28459614693316,-4.48870636970517,-6.43584913990699,7.04651350086593,-11.4184866200918,-1.45321165972213,-8.92716787999942,-3.94453039981456,2
2243,"ssp585",-27.4346376550753,13.2653174613732,-36.7235958912552,-12.2424057660918,-35.030753599567,-22.7901585369853,-35.3737365069817,7.37802937948702,-41.3765953988058,-27.1368909965902,-39.4921592621774,-32.3723070610696,-32.268590308611,9.69241459593092,-39.5980002967461,-21.2790841145938,-37.7633434056196,-28.6038853145435,3
2244,"ssp126",-8.12694167988143,7.89860199878908,-16.9013099689293,-1.58435516424702,-11.3982349376986,-3.73975753535752,-9.67823459480494,7.82964305510297,-18.3368340281382,-3.09620270139544,-12.9692505415097,-5.34893487813831,-9.07443642311126,7.85402540683941,-17.7723366792179,-2.50161277293634,-12.3608482481987,-4.72548629505792,3
2244,"ssp534-over",-3.24525286190971,7.02372020482972,-8.21177304790177,1.72126732408235,-5.72851295490574,-0.761992768913682,-3.89511333051805,6.85324985727465,-8.74109277776269,0.9508661167266,-6.31810305414037,-1.47212360689572,-3.63954560841885,6.92031332115612,-8.53294608574393,1.25385486890624,-6.08624584708139,-1.1928453697563,2
2244,"ssp585",-26.4843606200561,12.2903289979228,-35.2555199765432,-12.4368836367015,-33.5080991117335,-22.0987809418126,-34.5174581982385,6.11384315834642,-40.1402273892192,-28.0091251133074,-37.771624740704,-31.7060736027481,-31.3761852007787,8.49663506978259,-38.273062635584,-21.8847655347039,-36.1218950338161,-27.9277464833761,3
2245,"ssp126",-7.68189204222431,8.07552288277309,-17.0003299665892,-2.72416710437129,-10.1607545111508,-3.02267308004189,-9.0327522115302,8.37991285268426,-18.7085353083936,-4.10909636153401,-11.4945801365283,-4.19486066309852,-8.50503723306783,8.2566066755264,-18.036810316622,-3.56442173813218,-10.9753449805357,-3.73915069129077,3
2245,"ssp534-over",-2.99532815068353,5.66273887680211,-6.999489210559,1.00883290919193,-4.99740868062126,-0.993247620745799,-3.36518048720191,5.60474841759677,-7.32833610012916,0.597975125725335,-5.34675829366553,-1.38360268073829,-3.21973103799814,5.62756754713771,-7.19902221216456,0.759560136168287,-5.20937662508135,-1.23008545091493,2
2245,"ssp585",-27.8567435732168,13.6564080423357,-36.8830732646212,-12.1457436758037,-35.7122435219234,-23.3435787275147,-35.761749329837,7.44486183620747,-41.7274540632453,-27.4185104998672,-39.9333687448218,-32.7788969631328,-32.6707039943611,9.87686915283181,-39.8757040368455,-21.4119303982647,-38.3000907924093,-29.0682039731189,3
2246,"ssp126",-7.89943431834666,7.6573606789095,-16.6792601857982,-2.60333935553913,-10.5474817997504,-3.50952138462089,-9.27452107422571,8.16363756870018,-18.6328382447995,-3.6148508090994,-12.1043562067889,-4.59536248893884,-8.73802106472847,7.96167829053021,-17.8646242757332,-3.21703654011408,-11.4985133270357,-4.17471945922612,3
2246,"ssp534-over",-3.73644406574396,7.92974657049095,-9.34362163882888,1.87073350734096,-6.54003285228642,-0.932855279201501,-4.15503244220052,6.5169972610018,-8.76324539842905,0.453180514028009,-6.45913892031479,-1.85092596408626,-3.99039181791744,7.07259154990976,-8.9914692634213,1.01068562758643,-6.49093054066937,-1.4898530951655,2
2246,"ssp585",-27.8037175190199,14.0114352914242,-36.1005439411899,-11.6264921298329,-35.8923302136134,-23.6553043079349,-35.6048743820294,7.97010243889622,-40.7724556586469,-26.4260393391193,-40.1942919034844,-33.0210837437206,-32.5540426403793,10.3578269830687,-38.9866314210899,-20.6055703432877,-38.5282787889251,-29.337748250024,3
2247,"ssp126",-10.6038383567244,10.0512921169383,-21.8487497516493,-2.49291947684538,-14.6592977966639,-4.98138265926192,-12.4697831211875,10.9383204196601,-24.671911189541,-3.54420026856061,-16.932574547501,-6.36871908701081,-11.742322958497,10.5865088415833,-23.5617471786765,-3.13074523729775,-16.0481118190966,-5.83261084840722,3
2247,"ssp534-over",-2.64425481643531,5.56804033644438,-6.58145389625536,1.29294426338474,-4.61285435634534,-0.675655276525288,-3.77752751847803,4.74825376729002,-7.13504995612338,-0.420005080832687,-5.4562887373007,-2.09876629965536,-3.33184070538012,5.07068574030539,-6.91735697761599,0.25367556685575,-5.12459884149806,-1.53908256926219,2
2247,"ssp585",-29.256283163483,14.9437023074483,-38.3387746122438,-12.0089168483784,-37.8799663210353,-24.7150374391027,-37.2608513837319,9.00388877095174,-42.5576638831609,-26.8646811979459,-42.4589364766249,-34.6124451340174,-34.1310087091448,11.354647150438,-40.8986517659183,-21.0221027336682,-40.6854616968832,-30.7471871807581,3
2248,"ssp126",-6.50900979962384,5.80401561518323,-11.7564352267861,-0.274896547173229,-9.62606642584915,-3.88529708604272,-7.30899196322555,6.27646344435073,-12.6505923744667,-0.396202583497837,-10.7653866530894,-4.63819175760496,-6.99947997503267,6.08879355758135,-12.2989790830378,-0.348494500713279,-10.3249727121924,-4.3497304210301,3
2248,"ssp534-over",-5.92574058586808,5.66255308007905,-9.92977026762075,-1.92171090411541,-7.92775542674441,-3.92372574499174,-7.08398724962521,5.04940636329216,-10.6544567300756,-3.51351776917482,-8.86922198985041,-5.29875250940001,-6.62848300511856,5.29057594310103,-10.3694851308677,-2.88748087936941,-8.49898406799313,-4.75798194224398,2
2248,"ssp585",-28.0401075101608,13.9125237277113,-37.1362482100998,-12.0245402777276,-36.0478911263774,-23.4920371601913,-35.9409987875864,8.06794853232135,-41.9535142853991,-26.7720276296688,-40.5254843665453,-32.9347410386801,-32.8514813154418,10.3723577836355,-40.1121287806419,-20.9720330970975,-38.7912054246139,-29.2211575828417,3
2249,"ssp126",-6.83387486157611,8.35564857603817,-16.4372142691184,-1.22674423764304,-9.63744017354264,-2.03220515780498,-8.20028314068406,9.22313760335401,-18.7751515601422,-1.81951198208545,-11.3906687199834,-2.91284893095501,-7.66723373021403,8.87853560316867,-17.8557943440381,-1.58638415530361,-10.7076585176692,-2.57295342330201,3
2249,"ssp534-over",-4.34810690112155,6.96601621926297,-9.27382420761787,0.577610405374768,-6.81096555436971,-1.88524824787339,-5.84998059387144,6.99968361917836,-10.7995043471529,-0.900456840590018,-8.32474247051214,-3.37521871723073,-5.25935339611874,6.98649944711776,-10.1995545319318,-0.31915226030571,-7.72945396402526,-2.78925282821223,2
2249,"ssp585",-29.1370514602485,15.1084083556489,-39.4702361662892,-11.7974162085041,-37.8068690861207,-23.9704591072282,-37.1070428994555,9.3509992681622,-44.0938535660363,-26.4841533740804,-42.418487662143,-33.6136375661651,-33.9895568191801,11.619211116637,-42.2756884521634,-20.7080510978888,-40.6303096798258,-29.8464910026885,3
2250,"ssp126",-7.1457807233405,8.84068699384813,-17.3456587395524,-1.68582384902099,-9.87575916050026,-2.04584171523454,-8.32145882251709,9.02783345264424,-18.7394984347076,-2.79602974379515,-11.0841733618781,-3.11243901642183,-7.86286899042801,8.95119346709319,-18.1913928089694,-2.35940023762568,-10.6146033668292,-2.6986070811573,3
2250,"ssp534-over",-5.98115174381021,8.2740017680696,-11.8317545015617,-0.130548986058707,-8.90645312268596,-3.05585036493446,-6.90802841763404,8.67240898487138,-13.0403476200597,-0.775709215208346,-9.97418801884689,-3.84186881642119,-6.54353170794035,8.51576559720614,-12.5650873087199,-0.521976107160778,-9.55430950833013,-3.53275390755056,2
2250,"ssp585",-29.0221307214806,14.8135031085646,-38.1357075824388,-11.9295171507481,-37.5684375068468,-24.4653422910015,-37.0587087377031,9.25808729534572,-43.0309574122309,-26.3939540085371,-42.3910861022861,-34.0725844004391,-33.9155933617796,11.4554259538926,-41.105977100342,-20.7052795455713,-40.5207502698838,-30.3204014924984,3
2251,"ssp126",-6.82963224913842,7.72170500273428,-15.7145065070617,-1.73990444751084,-9.37449614995221,-2.38719512017676,-8.05017208078217,7.79591067624527,-16.9942642991146,-2.69572353255047,-10.727396354898,-3.57812597161594,-7.57541994638748,7.76224420282031,-16.491019594688,-2.3198123461186,-10.2032237465219,-3.11762012223723,3
2251,"ssp534-over",-1.72421579855941,3.40355234533931,-4.13089074207221,0.682459144953395,-2.92755327031581,-0.520878326803006,-2.27581969190126,1.27237213993536,-3.17552266024239,-1.37611672356013,-2.72567117607183,-1.82596820773069,-2.05885593099529,2.11050197985916,-3.55120619266134,-0.56650566932925,-2.80503106182832,-1.31268080016227,2
2251,"ssp585",-29.9534665420254,16.4591930308102,-40.8729453826543,-11.0223214188058,-39.4190391036352,-24.493727121711,-37.8105799881308,10.5786964910198,-45.374018379807,-25.7219588896215,-43.8548905373854,-34.0288607922927,-34.7371202620287,12.9036293508399,-43.6534967305444,-19.940783091543,-42.1352888472716,-30.2789320277709,3
2252,"ssp126",-6.54299296958851,4.71698410013803,-11.7095274797174,-2.46636377993135,-8.5813075644171,-3.95972571452408,-7.63297775281098,4.33743999682953,-12.2591834418882,-3.65793284614784,-9.62050020614254,-5.31987490827236,-7.20993629470221,4.48243693860263,-12.0430398450789,-3.18930426527119,-9.22025230941772,-4.79338451951384,3
2252,"ssp534-over",-4.0073353641161,3.64645917595023,-6.58577137475042,-1.42889935348179,-5.29655336943326,-2.71811735879894,-4.53308964973613,2.61797960907887,-6.3842807843239,-2.68189851514836,-5.45868521703002,-3.60749408244225,-4.32631204059391,3.02245971746415,-6.46351380267599,-2.18911027851184,-5.39491292163495,-3.25771115955287,2
2252,"ssp585",-26.8631924284791,13.462995530572,-36.7982834608271,-11.5408063393933,-34.524385473022,-21.8956469123051,-34.5893052509358,7.7865519129177,-41.7379327939606,-26.2923615044103,-38.7377771241985,-31.0149914794234,-31.5689648189162,9.97806509266113,-39.8497666560646,-20.4907671539828,-37.1080636513829,-27.428563900342,3
2253,"ssp126",-8.69045644473259,9.39694354785403,-19.2288667702662,-1.18317646204328,-12.4440964360772,-3.42125128196581,-10.2137025480097,10.3361859438669,-21.7088662683481,-1.68535673738487,-14.4778754533221,-4.46612068784043,-9.62051541557175,9.96305705798817,-20.7336453147109,-1.48785578133469,-13.6868452326903,-4.06395046600215,3
2253,"ssp534-over",-4.3000423017772,4.15074950069514,-7.23506542072541,-1.36501918282899,-5.76755386125131,-2.83253074230309,-5.22068177239099,3.8088936414856,-7.91397629510378,-2.5273872496782,-6.56732903374738,-3.8740345110346,-4.85862413501759,3.94336635994303,-7.64700522883622,-2.07024304119896,-6.25281468192691,-3.46443358810828,2
2253,"ssp585",-28.4417718892134,14.587854976043,-38.2846486319151,-11.6820969146751,-36.8216093764826,-23.5203335178626,-36.2330746855629,8.54963279637147,-42.7995161778577,-26.5656855872342,-41.0667692347272,-32.9498539394155,-33.1855412612636,10.9277754845021,-41.0737216037058,-20.7121641794318,-39.4222298021795,-29.2414510900425,3
2254,"ssp126",-8.14644491381965,6.32326955347304,-15.2337387508278,-3.08245678466287,-10.678438978398,-4.60279799531558,-9.47026370678163,5.99831572871966,-16.241594079436,-4.82301010909275,-11.7938905056261,-6.08459852045445,-8.95414151439695,6.12314713987557,-15.8452707594298,-4.13847317582233,-11.3619756836843,-5.50857689188055,3
2254,"ssp534-over",-4.27149371395552,5.46072272075078,-8.13280777997786,-0.410179647933192,-6.20215074696669,-2.34083668094436,-4.79771128690865,4.95848885426431,-8.30389238019686,-1.29153019362044,-6.55080183355276,-3.04462074026455,-4.59076127707868,5.156017253844,-8.23661604118661,-0.944906512970747,-6.41368865913265,-2.76783389502471,2
2254,"ssp585",-28.5829952601476,14.6551302529638,-37.4848473842445,-11.6684977074762,-37.0402440364833,-24.1320691980991,-36.5121148130464,8.57902094719641,-42.0585717900542,-26.6306367746121,-41.4528538322636,-33.7388863245425,-33.4106012901219,10.9823454061094,-40.3102793577976,-20.7462225205773,-39.7427906748943,-29.9607622562841,3
2255,"ssp126",-8.15744529518759,7.45641206356575,-16.6967873793853,-2.93498443446339,-10.7686757255497,-3.88777425308873,-9.168987955044,7.34739972307284,-17.5208451888106,-3.70110606861269,-11.9029288982597,-4.99305933816069,-8.77649142307571,7.38491537484884,-17.1967973640504,-3.39980041678817,-11.4648369262195,-4.56633845258836,3
2255,"ssp534-over",-5.66824010309301,7.07977619338221,-10.6743978587167,-0.662082347469368,-8.17131898090483,-3.16516122528119,-6.3747985900631,6.37429851978422,-10.8821082987099,-1.8674888814163,-8.6284534443865,-4.1211437357397,-6.09692381340533,6.65176142230057,-10.8004294219491,-1.39341820486152,-8.44867661767723,-3.74517100913342,2
2255,"ssp585",-27.4368485638354,13.1588892444651,-35.130623034823,-12.2426822738597,-35.0339317088232,-23.5899613283416,-35.2227551901444,7.01119675548641,-39.3855363726843,-27.1280194762441,-39.2701230470945,-33.1413645988745,-32.1770998798404,9.44269437827413,-37.68518857612,-21.2738103944546,-37.6287446225333,-29.4230555317006,3
2256,"ssp126",-5.28355532863035,6.91495449017986,-12.9126571515889,0.571632648193148,-8.2111493170421,-1.46900441715108,-6.101962125674,7.02585039374839,-13.7576621530433,0.050810805773145,-9.17834859139757,-2.27411211198932,-5.78411718022046,6.97969774267244,-13.4253771731537,0.255643247150493,-8.80399739390594,-1.96348718375387,3
2256,"ssp534-over",-4.29935138377674,6.62897639051006,-8.98674554183193,0.38804277427844,-6.64304846280434,-1.95565430474915,-5.34571783806809,6.64366125703663,-10.043495764825,-0.64793991131115,-7.69460680144656,-2.99682887468962,-4.93422335965162,6.63792521690786,-9.62794529353636,-0.24050142576689,-7.28108432659399,-2.58736239270926,2
2256,"ssp585",-28.6403790480397,14.5052830485021,-38.296363712176,-11.9601841172291,-36.9804765134449,-23.8123867159715,-36.6874260674696,8.49606395967867,-43.014761296121,-27.0309374572169,-41.515670372596,-33.5237584531439,-33.5400673677947,10.8676841344334,-41.2111679755636,-21.1038066255261,-39.758197738929,-29.7045170639103,3
2257,"ssp126",-7.80704107604284,10.501433067803,-19.8363717973686,-0.468933886180973,-11.4760946709738,-1.79237571537997,-8.9341092519106,10.3044763794612,-20.7567578667591,-1.86047334588724,-12.4709272049223,-3.02278494448634,-8.49479911087993,10.3790587151477,-20.3948304627417,-1.31319901599327,-12.0855991583233,-2.54478343494907,3
2257,"ssp534-over",-5.46141221922287,7.20371225761426,-10.5552060062986,-0.367618432147177,-8.00830911276072,-2.91451532568502,-6.52766094537183,7.20496526556088,-11.6223407428635,-1.4329811478802,-9.07500084411765,-3.98032104662601,-6.10834730187663,7.20451218677339,-11.2027067242852,-1.01398787946805,-8.65552701308092,-3.56116759067234,2
2257,"ssp585",-29.3341458071445,14.5136862862357,-39.8777821349333,-12.780887604152,-37.6107749086407,-24.0623276432501,-37.3840647514176,8.4543336001338,-44.4067609217179,-28.0001481909674,-42.0760230316427,-33.8727166662675,-34.2348803710689,10.8366382558668,-42.6755723680901,-22.0146113949865,-40.3450148591102,-30.0145343725584,3
2258,"ssp126",-7.43784897646012,10.8439597160246,-19.561145798254,1.33686374454349,-11.8252053369619,-1.37620056556316,-8.8310211409401,11.764988064859,-21.9517212454895,0.778979012761212,-13.6360212177908,-2.27067108866539,-8.28767690030009,11.400661929879,-21.0116648990275,0.998387805386233,-12.9307092531433,-1.9256829009364,3
2258,"ssp534-over",-4.75556511806537,5.31964365814578,-8.51712122223626,-0.994009013894471,-6.63634317015081,-2.87478706597992,-6.33879441122295,4.55327209430578,-9.55844398569405,-3.11914483675186,-7.9486191984585,-4.72896962398741,-5.71615837066348,4.8547147925437,-9.14896012119778,-2.28335662012919,-7.43255924593063,-3.99975749539634,2
2258,"ssp585",-27.3005500942144,13.5872314848912,-37.1188157404904,-11.7935823884985,-35.0540339470724,-22.3914172710765,-35.0437060765651,7.99684247354854,-41.7810597838556,-26.2064335792565,-39.4623423252195,-31.6750292229199,-32.0156536491735,10.1901547136152,-39.9989309857157,-20.5380470866817,-37.7544569304194,-28.0240149809024,3
2259,"ssp126",-8.49073327275199,8.7359779613144,-18.5226219683741,-2.55924655041225,-11.4564766339219,-3.47478892494092,-9.89483710705709,9.10763133881089,-20.3865971759167,-4.02351595085568,-12.8304976851578,-4.6489570726273,-9.34590742802099,8.95772445147428,-19.6536181245654,-3.44763788335116,-12.2950422003559,-4.19205207974879,3
2259,"ssp534-over",-4.11917985815533,4.28261997505066,-7.14744948375861,-1.09091023255204,-5.63331467095697,-2.60504504535368,-4.90053021821302,3.91563733816956,-7.66930393269995,-2.13175650372608,-6.28491707545649,-3.51614336096955,-4.59324903941561,4.05998624596251,-7.46409284545982,-1.72240523337141,-6.02867094243771,-3.15782713639351,2
2259,"ssp585",-27.8048404178395,13.1707970508889,-38.1159806535697,-12.9678352185914,-35.2233430174636,-22.6492702999744,-35.6462588557819,7.31343260234769,-42.8335601802752,-28.2129049260568,-39.3629358206444,-32.0526081935352,-32.5797543204848,9.55116036365604,-41.0302795596433,-22.2172177393626,-37.7610226110459,-28.3544917009056,3
2260,"ssp126",-9.61716800829421,10.7130679997845,-21.3821758110716,-0.424336401308014,-14.2135838117873,-3.73466410690551,-10.9965116212058,10.9350454187229,-23.0108423956266,-1.62525492405186,-15.6821399697828,-4.98934623399543,-10.4588773955357,10.8460508751854,-22.3703947741754,-1.15294932379914,-15.1118414314039,-4.5031187062158,3
2260,"ssp534-over",-5.11576657213545,6.97510953612268,-10.0479138246468,-0.18361931962415,-7.58184019839111,-2.6496929458798,-5.72678140408309,6.70379418492562,-10.4670797319229,-0.986483076243232,-8.09693056800301,-3.35663224016316,-5.48648826584686,6.8105145748389,-10.3022493050853,-0.670727226608457,-7.89436878546606,-3.07860774622766,2
2260,"ssp585",-28.028330800397,13.2102702434553,-35.7361538972757,-12.7747114822147,-35.6551404594882,-24.1744192519577,-36.0959526488188,6.85956876703997,-40.1926700895846,-28.1767879081654,-40.0555350191455,-34.0475939284359,-32.9401316958336,9.37138416261903,-38.4272458582129,-22.1193520257742,-38.3505215308634,-30.196574614644,3
2261,"ssp126",-6.35325347388216,10.3118220651203,-17.6804925827829,2.4890316700953,-10.7743960458709,-0.68963391943178,-7.3639309300613,11.1675433243528,-19.3547997536842,2.73982705010482,-12.4158099201444,-1.36849651824984,-6.97239337059565,10.8242175268315,-18.6964046866083,2.64119249642554,-11.7791863041062,-1.11038771258932,3
2261,"ssp534-over",-3.96857325898608,5.46734793033382,-7.83457205563136,-0.102574462340797,-5.90157265730872,-2.03557386066344,-4.82462395462018,4.89544332793136,-8.28622512871488,-1.36302278052547,-6.55542454166753,-3.09382336757282,-4.48796226028355,5.12038276096442,-8.10861963283218,-0.867304887734911,-6.29829094655787,-2.67763357400923,2
2261,"ssp585",-28.6809960067006,14.4051479251993,-38.834617102736,-12.1942656199863,-36.9243612000578,-23.6041854586829,-36.5599070994491,8.11888209262386,-43.3989805220388,-27.5873034450814,-41.0462089266329,-33.1403703881542,-33.4780954235721,10.5765446760793,-41.6542662987901,-21.5334223265827,-39.4504319720667,-29.390009985963,3
2262,"ssp126",-8.54838250733131,9.52703533480802,-18.4289431045695,0.580608092073482,-13.1128778070337,-3.60810220871219,-9.67363319530708,10.1622329672812,-20.0097886298741,0.305254953249893,-14.6630772695856,-4.50555547802356,-9.23670643954308,9.91035608806195,-19.3881458908603,0.413547753344612,-14.0618335359869,-4.16098671388448,3
2262,"ssp534-over",-1.99305593109011,2.06241851660258,-3.45140604982449,-0.53470581235572,-2.7222309904573,-1.26388087172291,-2.82297430657189,1.56278881358411,-3.92803287421969,-1.71791573892409,-3.37550359039579,-2.27044502274799,-2.49659077027484,1.75930440022518,-3.7406068418454,-1.25257469870429,-3.11859880606012,-1.87458273448957,2
2262,"ssp585",-28.3584326002309,13.1260278088916,-36.2005733840467,-13.2048991220313,-35.9351993393306,-24.4373622083229,-36.3796625266386,7.14176004050155,-41.088954780006,-28.1622814297908,-40.4883530750625,-34.0250163999549,-33.2430805396262,9.50746093780869,-39.2203856572832,-22.2797379472114,-38.7247518358336,-30.2544279807977,3
2263,"ssp126",-6.46253346021274,6.52599708602672,-13.7846483753658,-1.25920078601664,-9.06419979731078,-2.8014760026362,-7.64517536969317,6.47168428714929,-14.9019185427876,-2.47166417704385,-10.2319309660178,-4.01680378314595,-7.1845602563371,6.49090526818377,-14.4625695513922,-1.99481813059006,-9.77943131921062,-3.54555560880955,3
2263,"ssp534-over",-7.23306568917555,10.4473386055711,-14.6204496625269,0.154318284175775,-10.9267576758512,-3.53937370249989,-8.4731127717894,10.5376781171842,-15.9243764264114,-1.02184911716737,-12.1987445991004,-4.74748094447838,-7.98545273136587,10.5021972899053,-15.4116276524169,-0.559277810314829,-11.6985401918914,-4.27236527084035,2
2263,"ssp585",-28.1944129954686,13.1831067910588,-36.4970871113232,-12.9934828880712,-35.7948780491673,-24.0430759375414,-36.259774068836,6.69458318003575,-41.1911021904739,-28.6386327098443,-40.0703447483319,-33.794110008017,-33.1051142780635,9.24904399688072,-39.3968290092229,-22.4855992294936,-38.4148718023485,-29.9592569124838,3
2264,"ssp126",-6.89692069849931,7.65396032888288,-15.5793418030582,-1.1257515669437,-9.78250526427711,-2.55571014621985,-7.96394782734576,8.22555993934834,-17.2599780991646,-1.62841907522946,-11.1317122034039,-3.31593269143636,-7.54807485997155,7.99841632937965,-16.5990942027469,-1.43072649681374,-10.6067490415505,-3.02256518858386,3
2264,"ssp534-over",-5.27297106005088,7.65947427164187,-10.6890372578527,0.14309513775098,-7.98100415895181,-2.56493796114995,-5.9576653314633,7.46274576534026,-11.2346234684066,-0.680707194520013,-8.59614439993494,-3.31918626299166,-5.68839835684874,7.54013682611404,-11.0200802376684,-0.356716476029087,-8.35423929725856,-3.02255741643891,2
2264,"ssp585",-29.0913629515315,13.9097858430595,-37.1321824580066,-13.0297299029641,-37.1221794758152,-25.070953198294,-37.1210213035753,7.50964622619515,-41.9527456957458,-28.4693258839997,-41.4468690133631,-34.7051591074901,-33.9809414011594,10.0372847779244,-40.1024526406736,-22.397134049685,-39.7728450768967,-30.9201857814024,3
2265,"ssp126",-6.05264921886445,5.69394339176183,-12.2564090337941,-1.06502954473351,-8.54645905592991,-2.9507693113996,-7.17254352422189,5.49600199522921,-13.0386169525054,-2.14238382082729,-9.68762337591919,-4.23950681008011,-6.7376378413179,5.57046668315804,-12.7310259416935,-1.71867442804291,-9.24711954795539,-3.74094379113011,3
2265,"ssp534-over",-4.25762937341377,6.69927730220973,-8.99473378285539,0.479475036027846,-6.62618157813458,-1.88907716869296,-5.13476262868353,5.91677878288444,-9.31855702884181,-0.950968228525259,-7.22665982876267,-3.0428654286044,-4.7898060746713,6.2245373010913,-9.19121861002157,-0.388393539321033,-6.99051234234643,-2.58909980699617,2
2265,"ssp585",-27.3848661707204,12.5837075606719,-34.8723351022994,-12.8567423980907,-34.6489280570353,-23.641131704931,-35.596467783531,6.0179668896656,-39.4366243286708,-28.660831339957,-39.0642860053181,-33.6763895109611,-32.3854597214404,8.61003288394658,-37.5211451198529,-22.4452891755469,-37.3555449943872,-29.8176170222342,3
2266,"ssp126",-7.12827206675337,7.22378582125628,-15.0285609009167,-0.860335846256414,-10.2622401770019,-3.17812764967172,-8.53202532848132,7.62811437925141,-16.9206369744225,-2.01145104010803,-11.792312472668,-4.33771950551072,-7.9842791406585,7.46737623662094,-16.1766076977289,-1.55873243989033,-11.1970524910426,-3.88811486212331,3
2266,"ssp534-over",-3.94344510289445,6.91805095448236,-8.835245845403,0.948355639614091,-6.38934547414873,-1.49754473164018,-4.54453137096561,7.04455209135022,-9.52578192518122,0.43671918325,-7.03515664807342,-2.05390609385781,-4.30815014848455,6.99482654121037,-9.25423942899805,0.637939132028942,-6.7811947887413,-1.83510550822781,2
2266,"ssp585",-26.991936291676,13.5063086258665,-36.1898448420585,-11.4856802685154,-34.7450643032563,-22.3929820164848,-35.1623946205144,7.26988725613067,-41.0173772026879,-27.0252349197604,-39.2309744708914,-32.2349033294277,-31.9668978325438,9.71838616688872,-39.1720674411637,-20.9137306434777,-37.4934814270769,-28.3643130282338,3
2267,"ssp126",-6.76151131592238,5.86081160298727,-12.7658155358363,-1.05559132174286,-9.61447131301214,-3.75935920596544,-7.71823523887937,6.05550063716132,-13.6170882301081,-1.51738782195001,-10.818658947344,-4.76880874326498,-7.3477132444981,5.97365994495392,-13.2823385782009,-1.33576927823183,-10.3536852276312,-4.38040057764672,3
2267,"ssp534-over",-5.39022365571673,8.38694582407115,-11.3206899213616,0.540242609928177,-8.35545678853919,-2.42499052289428,-6.22665290275602,8.45290664603197,-12.2037605129021,-0.249545292609975,-9.21520670782903,-3.238099097683,-5.89771942096921,8.4269979776422,-11.8565068360053,0.0610679940669158,-8.87711312848727,-2.91832571345115,2
2267,"ssp585",-27.4772228264888,13.4228895680541,-36.0836341508768,-12.010629352221,-35.2105195636227,-23.1740171642948,-35.3818051101171,6.97850603958392,-40.6264910471045,-27.4613965879252,-39.3420093712131,-32.7594621416234,-32.2898188613517,9.51349310967081,-38.8899976277785,-21.3848112447738,-37.7423226696407,-28.9897294781383,3
2268,"ssp126",-6.55858109141504,6.80751088932253,-13.9986318157211,-0.641640067917713,-9.51705160316371,-2.83855572926203,-7.27970447036216,6.12278578912886,-13.8603170310842,-1.75105961779873,-10.0440268966439,-3.98939819000116,-7.00048114172173,6.38918439069498,-13.9147071534532,-1.31473937082523,-9.84335202716998,-3.54336813585601,3
2268,"ssp534-over",-5.11424988849127,6.1121320866441,-9.4361799344652,-0.792319842517343,-7.27521491147823,-2.95328486550431,-6.06107983692364,5.15601680989505,-9.70693428711225,-2.41522538673502,-7.88400706201795,-4.23815261182933,-5.68871108554292,5.53205456065774,-9.60046437927797,-1.77695779180786,-7.64458773241044,-3.73283443867539,2
2268,"ssp585",-27.4143034324831,13.2198684400183,-35.7345874121446,-12.1706341410785,-35.0361380781854,-23.2541614426524,-35.7424920642978,6.84153466367996,-40.3189734119773,-27.8776520315216,-39.674912080686,-33.4542513904581,-32.4844752436437,9.36126141221942,-38.5162354315642,-21.7002866462529,-37.8765695423391,-29.4685951496835,3
2269,"ssp126",-8.43409608264616,10.3756006116992,-20.229125353216,-0.71695197043633,-12.2926681387511,-2.53658144736124,-9.13012400585169,10.7371806747993,-21.2434895247207,-0.785028980676908,-13.3026715184391,-3.07344124641721,-8.86010384473533,10.591110993919,-20.8446067042059,-0.758255179976752,-12.9110281771146,-2.86785241500006,3
2269,"ssp534-over",-4.88705553931528,2.22194866248011,-6.45821050600335,-3.31590057262721,-5.67263302265931,-4.10147805597125,-6.1462614244073,1.08732533589101,-6.91511654277178,-5.37740630604283,-6.53068898358954,-5.76183386522506,-5.65104418767293,1.53357490323406,-6.73544540120723,-4.56664297413862,-6.19324479444008,-5.10884358090577,2
2269,"ssp585",-27.5862389829689,13.4627418378441,-36.6388044788288,-12.115381722989,-35.3216676129588,-23.0599562350389,-35.7780286059087,7.15566842983697,-41.0714175838942,-27.6369173577347,-39.8485842299957,-33.131334116916,-32.5733883295775,9.64105691446486,-39.3283619168386,-21.5324997257517,-38.0938326314905,-29.195901535947,3
2270,"ssp126",-7.50462564830184,8.6182384522133,-17.2854402066117,-1.02494685327126,-10.7444650458171,-2.61421836914693,-8.93427606611685,8.5384195199571,-18.6480299556489,-2.61560333226614,-12.0936124330422,-4.07739912135085,-8.37695247592866,8.5667820208917,-18.1122128816938,-1.99001887430388,-11.5704192767411,-3.5093222730461,3
2270,"ssp534-over",-5.20529800318634,5.27722973094785,-8.93686293181882,-1.47373307455385,-7.07108046750258,-3.3395155388701,-6.45813400835816,5.06689624376931,-10.0409707018961,-2.87529731482023,-8.24955235512712,-4.6667156615892,-5.96543899323998,5.1496587512826,-9.60679761706855,-2.3240803694114,-7.78611830515426,-4.14475968132569,2
2270,"ssp585",-26.128501860873,12.6457511967754,-35.7123048663575,-11.7957375410267,-33.2948840207961,-21.3366003581307,-33.7115516155818,6.81990584557104,-40.3430225204863,-26.7176629620641,-37.2084959423406,-30.3958161631295,-30.7463340597548,9.04155442579391,-38.5729445900481,-20.8490642108293,-35.6949689842175,-26.8330287946081,3
2271,"ssp126",-7.34098491101942,8.58686266919288,-16.6820137914575,0.20930297353415,-11.1161288532962,-2.67047047080037,-8.81433950046842,9.25682232572805,-18.8269186525364,-0.56768673294218,-12.9376658842315,-3.80804992443444,-8.24043921975768,8.99151157205462,-17.9834684156713,-0.262106809943727,-12.2296054246647,-3.36892462180085,3
2271,"ssp534-over",-1.88783277407804,3.06122801453023,-4.0524478619106,0.276782313754517,-2.97014031799432,-0.805525230161763,-2.04101859206329,1.95673827041321,-3.4246414920797,-0.657395692046874,-2.73283004207149,-1.34920714205508,-1.98075608622791,2.39109632553189,-3.67151651248174,-0.28999565997407,-2.82613629935482,-1.13537587310099,2
2271,"ssp585",-27.3425296808764,13.3953639432894,-36.5197160596777,-11.9710698596503,-35.0282595914895,-22.7539364914758,-35.3359860217044,7.01947456705986,-41.1362300156617,-27.5327119359647,-39.2376230645743,-32.4358640247258,-32.2093192619984,9.51521690721816,-39.3715814062261,-21.4125209633259,-37.6077184113346,-28.6281881898845,3
2272,"ssp126",-8.1803457658647,10.4595342396319,-20.1507803508659,-0.804668695201265,-11.8681843011964,-2.19512847336412,-9.57772483141569,10.7027676964114,-21.8538911676391,-2.20633658045583,-13.2634189568956,-3.43964166330399,-9.03218520489212,10.6040530061745,-21.1841695180307,-1.65507887282421,-12.7207383709261,-2.95619304832282,3
2272,"ssp534-over",-2.68607606219382,4.30347059926574,-5.72908930557156,0.356937181183915,-4.20758268388269,-1.16456944050495,-3.41890044708589,3.72310526438065,-6.05153342660078,-0.786267467570995,-4.73521693684334,-2.10258395732844,-3.13069865434344,3.95136738475928,-5.92473732706608,-0.336659981620798,-4.52771799070476,-1.73367931798212,2
2272,"ssp585",-29.0344226145877,14.2465113321211,-38.2118671367488,-12.6222503845578,-37.2405087296026,-24.4457003535071,-36.9483103495767,8.09435709704759,-42.7397182134367,-27.6993936059789,-41.5727687213756,-34.0526064176467,-33.8526164743632,10.5232969193483,-41.00896072361,-21.7697497172166,-39.8940498529365,-30.2744443497398,3
2273,"ssp126",-8.56472764678668,9.14122302342387,-18.9906094033734,-1.92430627397538,-11.8849383331923,-3.35178676849333,-10.2224770700626,9.48318053799446,-21.0650363034278,-3.47458708502693,-13.5964220625804,-4.80119745337994,-9.57550483687846,9.34529587721353,-20.2493004207043,-2.86488185094409,-12.9308163298456,-4.23860704496554,3
2273,"ssp534-over",-4.65837707675659,6.67404902472558,-9.37764240011151,0.0608882465983336,-7.01800973843405,-2.29874441507913,-5.15420175163316,6.40622134488373,-9.68408430638245,-0.624319196883867,-7.4191430290078,-2.88926047425851,-4.95920843430424,6.51156588414775,-9.56358082712809,-0.354836041480387,-7.26139463071617,-2.65702223789231,2
2273,"ssp585",-28.1984235854642,14.2910570547853,-36.6356102281148,-11.6979442969538,-36.4486632297193,-23.9798302641388,-36.207234477561,7.75058129976402,-41.0242122647715,-27.2665901791607,-40.6775566267611,-33.7987455839557,-33.0736949433405,10.3363153410385,-39.3466823027286,-21.1436447009635,-39.0387200645291,-29.9372012636465,3
2274,"ssp126",-9.24793536215237,9.21188704978762,-19.789108827601,-2.74381326449677,-12.4999964109802,-3.97734862942806,-10.5851138592154,8.91564317625318,-20.7702561280637,-4.19413948667114,-13.7806010454876,-5.49254272479133,-10.0650508090084,9.02827810883155,-20.3844353217466,-3.62374508942158,-13.2857036688018,-4.90535855263932,3
2274,"ssp534-over",-4.67514971692336,3.49004596649378,-7.14298488648387,-2.20731454736285,-5.90906730170362,-3.44123213214311,-5.58727173115005,3.06274922642991,-7.75296247823249,-3.42158098406761,-6.67011710469127,-4.50442635760883,-5.22856208438885,3.2308221642319,-7.51309834552502,-2.94402582325267,-6.37083021495693,-4.08629395382076,2
2274,"ssp585",-27.5367121847096,12.8951783422733,-35.4532789423301,-12.6568170860964,-34.9766597340161,-23.5784288058993,-35.6551004415931,6.27965246495745,-39.9979794711871,-28.4548850935162,-39.2552081156316,-33.4836609267961,-32.4790390025716,8.89054767950638,-38.2607813288197,-22.2417108841371,-37.5977030617889,-29.5881678394476,3
2275,"ssp126",-8.05691549580398,10.2051876905714,-19.0711347132006,1.07801536994909,-12.6243809286805,-2.54980588710569,-9.69303744991016,10.5722199419594,-21.1335589829217,-0.283917131905049,-14.3975976089127,-3.97277668340437,-9.0550693304546,10.4263241800087,-20.3225429465566,0.25171316741136,-13.7084605793876,-3.4213325224036,3
2275,"ssp534-over",-3.2538464598267,4.16991777821292,-6.2024235977914,-0.305269321861999,-4.72813502880905,-1.77955789084435,-4.01793094280679,4.27129544923211,-7.03819291941005,-0.997668966203525,-5.52806193110842,-2.50779995450516,-3.71744846894833,4.23145603549507,-6.70953972593964,-0.725357211957024,-5.21349409744399,-2.22140284045268,2
2275,"ssp585",-27.8904805069553,14.9262359706285,-37.0318980224688,-10.6659824113684,-36.5027295547487,-23.3197717491985,-35.7873875443444,9.01805881401654,-41.5077530510104,-25.3917254681235,-40.9852185824548,-32.9272047910113,-32.6982353877507,11.3541954999408,-39.747693174929,-19.600282683398,-39.2472117399271,-29.1735064941616,3
2276,"ssp126",-6.94577177228254,6.64850543474297,-14.5726719065892,-2.37375709232948,-9.23177911225907,-3.13232170512923,-7.84324141421735,6.30928615419549,-15.1041588463376,-3.69664288330836,-9.91654067967184,-4.21278269815723,-7.49337159034436,6.439677197306,-14.8951599329797,-3.17636914638029,-9.6518728123264,-3.79247741902668,3
2276,"ssp534-over",-4.18019071918448,5.95166045883543,-8.38865018894686,0.0282687505778911,-6.28442045406567,-2.0759609843033,-4.65324522113067,4.84571128581387,-8.07968053100184,-1.2268099112595,-6.36646287606626,-2.94002756619509,-4.46719092165922,5.28065518065045,-8.20117800900502,-0.733203834313416,-6.33418446533212,-2.60019737798632,2
2276,"ssp585",-29.0395072109133,14.1583492901832,-37.6835700925329,-12.7000306465847,-37.2092454930776,-24.7174757701035,-37.2627371335297,7.82313803093658,-42.295550102029,-28.2498251371477,-41.7691931317206,-34.74633064928,-34.0453179832813,10.3264641735367,-40.4819612095736,-22.1342936655441,-40.00083014215,-30.8269963701352,3
2277,"ssp126",-8.41945167061215,9.09249137586358,-18.8240270814229,-1.99978673906923,-11.6292841363836,-3.21716396520679,-9.75617042436575,9.89150411359468,-21.0738066716263,-2.76499125346571,-13.2517600098158,-4.0973523007355,-9.23415805335334,9.57492708068522,-20.1891160903868,-2.46404629288473,-12.6192139335876,-3.7566790348366,3
2277,"ssp534-over",-3.07649137137735,3.61503920705395,-5.63271010894044,-0.520272633814256,-4.35460074015889,-1.7983820025958,-3.59004988532763,2.63533794270714,-5.45351521533406,-1.72658455532121,-4.52178255033084,-2.65831722032442,-3.3880693009066,3.02063501028953,-5.52398080017183,-1.25215780164138,-4.45602505053922,-2.32011355127399,2
2277,"ssp585",-29.0074719160629,14.9144770656573,-39.3959971173942,-11.9178096059298,-37.5523030711294,-23.8132093153973,-37.1950241315663,9.07038974647437,-43.9956855727106,-26.8964890703597,-42.3442916621695,-33.7946934109941,-33.9933893915054,11.3754710046172,-42.1869301413902,-21.0055696936839,-40.4872992404162,-29.8966190165631,3
2278,"ssp126",-5.99358209681917,6.38653864343653,-13.1132601415427,-0.769256892862758,-8.60574469879737,-2.43374307445741,-6.94925658273418,6.21497547292353,-13.8143876269064,-1.70605527761549,-9.57085723529353,-3.51669106064806,-6.57793762977924,6.27983659997594,-13.5386802263902,-1.33762468465944,-9.19809410233914,-3.09756633147375,3
2278,"ssp534-over",-3.03516983526443,1.5401228993008,-4.12420118122071,-1.94613848930816,-3.57968550824257,-2.4906541622863,-3.65643013890481,0.0171633235439959,-3.66856644137047,-3.64429383643916,-3.66249829013764,-3.65036198767199,-3.41208393142135,0.595279188156917,-3.83300988206633,-2.99115798077637,-3.62254690674384,-3.20162095609886,2
2278,"ssp585",-27.4262705172083,14.1091568072815,-37.3322035326437,-11.2718454378252,-35.5034830568999,-22.4733040094907,-35.6410782311929,7.98620138340412,-42.1333873527097,-26.7233406251738,-40.0999470342024,-32.3949236704345,-32.4280467869955,10.3933567110624,-40.2981492417663,-20.64646898813,-38.3188356864282,-28.4929955596101,3
2279,"ssp126",-9.47647880546169,9.48531317593966,-20.290919240786,-2.56690223900237,-12.9312670886914,-4.06925858779953,-10.9715554686275,9.7538685850678,-22.0655891079388,-3.74234793976414,-14.5861592330592,-5.42453864897188,-10.3892416423941,9.64466541048522,-21.3677279827352,-3.28006046834242,-13.9438322294199,-4.89999847222357,3
2279,"ssp534-over",-3.21786122151778,1.95264060671214,-4.59858663574415,-1.83713580729141,-3.90822392863097,-2.5274985144046,-3.71174094660185,0.732353955219853,-4.2295933945666,-3.1938884986371,-3.97066717058423,-3.45281472261948,-3.51749477884155,1.21226305612799,-4.37469420641159,-2.66029535127152,-3.94609449262657,-3.08889506505654,2
2279,"ssp585",-27.2602779659196,13.2957836891448,-36.1901623306244,-11.9800346858965,-34.9003996059312,-22.7953357835672,-35.4240168787878,6.76557105792277,-40.9066934924824,-27.8631200234802,-39.2044653064416,-32.6826785719404,-32.2307498335039,9.32463142662881,-39.1038136061682,-21.616509606403,-37.5378699470543,-28.7942179471717,3
2280,"ssp126",-7.42430080070352,6.12654253279355,-14.2016647525798,-2.27919438745417,-9.9968540073282,-4.03561882476536,-8.78179387094983,5.63143203450371,-14.948039955771,-3.91091142769546,-11.217235092577,-5.69867082853925,-8.25415795993786,5.82315505043234,-14.6545395990209,-3.26917838624572,-10.7466477467839,-5.05396714039636,3
2280,"ssp534-over",-4.77065201166491,5.57648987004637,-8.71382581399279,-0.827478209337029,-6.74223891282885,-2.79906511050097,-5.24989395902188,5.2845908799214,-8.98666400601089,-1.51312391203287,-7.11827898251638,-3.38150893552737,-5.06142152799038,5.39940110118881,-8.8793746609871,-1.24346839499366,-6.97039809448874,-3.15244496149202,2
2280,"ssp585",-27.6045289710694,13.3334530471369,-37.0351776427657,-12.3498441525601,-35.2318713803241,-22.8892046352213,-35.8765767920487,7.03486597625785,-41.9057732121478,-28.1475398879648,-39.7410952440906,-32.8619785819991,-32.6412847157287,9.49610421369078,-40.044002668274,-21.9345120883164,-37.9946710294349,-28.9399257394561,3
2281,"ssp126",-5.69854095280935,5.25549176780748,-11.7040514921733,-1.94042080925265,-7.5776010245877,-2.69578568312739,-6.44497138057908,4.71898677656116,-11.7703201255501,-2.78263118608823,-8.2761414778245,-3.78229700809356,-6.15630855951449,4.92429748899321,-11.7442610235672,-2.45140082363071,-8.00876242745639,-3.36233232748812,3
2281,"ssp534-over",-1.1241772694434,1.94421013427826,-2.49894143944316,0.250586900556366,-1.81155935444328,-0.436795184443515,-0.991956904898312,1.33036574319648,-1.93266754337083,-0.0512462664257979,-1.46231222413457,-0.521601585662055,-1.04394254940439,1.57176166674427,-2.15534588236833,0.0674607835595504,-1.59964421588636,-0.488240882922421,2
2281,"ssp585",-28.1743261734335,13.6960009027859,-36.8892806251525,-12.3880424741289,-36.0674680230858,-23.816848947574,-36.5282235268528,7.3671348425826,-41.9076641713799,-28.1314120407123,-40.726629269923,-33.8385032045892,-33.2612876224642,9.86266379685006,-39.9894021167432,-21.939750015085,-38.9220564261539,-29.8972303753247,3
2282,"ssp126",-8.99256873775601,8.75374199632103,-18.6697840947314,-1.62579450241446,-12.6759558554268,-4.15396105926831,-10.3259993024213,9.57702273559031,-20.8450407858022,-2.11153538340963,-14.4332312619271,-5.06647856073079,-9.80654519071285,9.25099848962015,-19.9896551672517,-1.92049982685785,-13.7495678726403,-4.71499020244342,3
2282,"ssp534-over",-2.16379217064649,3.36265135754203,-4.54154574833061,0.213961407037631,-3.35266895948855,-0.97491538180443,-2.80217293509461,2.40028923053479,-4.4994337268148,-1.10491214337443,-3.65080333095471,-1.95354253923452,-2.55110499397689,2.77877214290122,-4.51599361959462,-0.586216368359162,-3.53354930678575,-1.56866068116803,2
2282,"ssp585",-27.9441648482035,13.3867241750903,-36.8465306330183,-12.5492487392486,-35.641622902681,-23.4929819557962,-36.136513442083,7.32538100345375,-41.2167193794866,-27.7393773019762,-40.3350815121363,-33.5964104733811,-32.9331077006766,9.72125170304569,-39.498211113577,-21.7652977513144,-38.5170126753577,-29.6505559942264,3
2283,"ssp126",-7.33871148293268,7.79944670772984,-15.9159716661004,-0.672198980588769,-10.6719677341046,-3.05008139134882,-8.44432777609753,7.98285319238589,-17.2213749505356,-1.61684390538626,-11.8580697114532,-4.05580418887852,-8.01345201506857,7.90932204732649,-16.7080455579641,-1.24532737051528,-11.3975143373452,-3.66615524362082,3
2283,"ssp534-over",-4.50634460735702,5.47272470761254,-8.37614535967701,-0.636543855037029,-6.44124498351702,-2.57144423119703,-5.21623706418287,5.31559944319858,-8.97493347654002,-1.45754065182572,-7.09558527036145,-3.3368888580043,-4.93706137170859,5.37741704507485,-8.73946942954914,-1.13465331386804,-6.83826540062886,-3.03585734278831,2
2283,"ssp585",-29.1164151986806,14.4123672740734,-38.1174729216652,-12.4935082559946,-37.4278686700236,-24.6158863371883,-37.3619316336795,8.19448489249754,-42.8724218076103,-27.9451960088818,-42.0702994460784,-34.6066865467141,-34.1366551297076,10.6536379704141,-41.0548568615228,-21.8682486383218,-40.2708583754005,-30.6775542638,3
2284,"ssp126",-7.99144614586944,9.17481470559354,-18.3216009153124,-0.790895422710114,-11.5917215074491,-2.82636876114795,-9.43515976978451,9.46547237526845,-20.1068496111467,-2.05445685053852,-13.1255112294075,-4.09931484910339,-8.87211630199557,9.34873414208533,-19.4048285272806,-1.55751461230645,-12.5294171468401,-3.60576018935308,3
2284,"ssp534-over",-3.46651126825512,4.72927880751794,-6.81061638317288,-0.12240615333736,-5.138563825714,-1.79445871079624,-4.24510120389492,4.34948473456726,-7.3206513543748,-1.16955105341504,-5.78287627913486,-2.70732612865498,-3.9389053530119,4.49887177330494,-7.12008809160457,-0.757722614419228,-5.52949672230824,-2.34831398371556,2
2284,"ssp585",-29.3147405062764,15.3520013332855,-38.8420258629012,-11.6047828991018,-38.1697193098637,-24.5510978279639,-37.3909358836865,9.10822301573614,-43.5225709057728,-26.9249821934012,-42.6239127288292,-34.3251183726434,-34.2319720399365,11.5762251264113,-41.7334466054774,-20.8997475195675,-40.8980843001209,-30.481234757166,3
2285,"ssp126",-5.92051635972946,6.70460515951808,-13.6067120535826,-1.27521706560829,-8.24316600679005,-2.07741851280287,-7.27507810030432,6.80085616680727,-15.101917589954,-2.80750828190192,-9.50886300950552,-3.3616583554795,-6.74618601715245,6.7591303114689,-14.5139514350449,-2.20487812093146,-9.01683996526294,-2.86230330820622,3
2285,"ssp534-over",-4.58446963344158,5.45305966667654,-8.44036510196341,-0.728574164919743,-6.51241736770249,-2.65652189918066,-5.41878452585332,4.60938552613321,-8.67811228848523,-2.1594567632214,-7.04844840716928,-3.78912064453736,-5.09066561072804,4.94120041542269,-8.58462193167521,-1.59670928978087,-6.83764377120163,-3.34368745025446,2
2285,"ssp585",-28.1970408813852,14.6048829920968,-36.9109993776632,-11.3359502011333,-36.6275862215112,-23.8400616332463,-36.3263191477487,8.42497539634342,-41.8201244853047,-26.6264467815125,-41.1762553308669,-33.5794164789708,-33.1473189724675,10.8680173867689,-39.9436261410257,-20.6128937978697,-39.4145315597663,-29.7491653881883,3
2286,"ssp126",-6.65536428278953,7.64350728786954,-14.9961349376851,0.0143934301861137,-9.99024313927736,-2.48497895534174,-7.7955789570656,7.66321913881877,-16.1220682288122,-1.03866705741799,-11.1740349068894,-3.63233432119228,-7.35173639966237,7.65392704442077,-15.6793125997268,-0.624512094961506,-10.7153485520128,-3.18794829963015,3
2286,"ssp534-over",-2.44668859881844,4.62788605140746,-5.7190982083273,0.825721010690409,-4.08289340357287,-0.810483794064017,-2.93408879594948,3.66657145334904,-5.5267463343176,-0.34143125758136,-4.23041756513354,-1.63776002676542,-2.74239559032187,4.04463679513151,-5.60238569559599,0.117594514952249,-4.17239064295893,-1.31240053768481,2
2286,"ssp585",-28.2293329854295,13.9822653551994,-36.601353780785,-12.0877508609454,-36.3001240476715,-24.0433225877517,-36.49337844084,7.3615923652643,-40.8540021659854,-27.9939081930002,-40.7431135647599,-34.3130665782673,-33.2611745437555,9.97919808811421,-39.0471480141763,-21.7382238612558,-39.0226498850053,-30.3681878085451,3
2287,"ssp126",-7.10582571222439,6.73964320426013,-14.7601519282474,-2.06159310958375,-9.62794201354471,-3.27866260421288,-8.13127553640832,6.8230133758073,-15.8036450092965,-2.74442270844201,-10.8247019503915,-4.29509079996421,-7.73296587667338,6.78577401728335,-15.3933077014053,-2.47587472833241,-10.3615114508439,-3.90279496430742,3
2287,"ssp534-over",-4.13622870017755,4.05840728581953,-7.00595601279743,-1.26650138755767,-5.57109235648749,-2.70136504386761,-5.15831421519083,3.96851553048916,-7.96447845804384,-2.35214997233782,-6.56139633661734,-3.75523209376433,-4.75636652884646,4.00390445701411,-7.58755452162418,-1.92517853606874,-6.17196052523532,-3.3407725324576,2
2287,"ssp585",-28.8761239811714,14.3872742062733,-38.7751044182609,-12.372357549203,-37.1280071971556,-23.9266337626267,-37.0218100439561,7.89935142144028,-43.3892745423523,-28.1819925959956,-41.4417187679363,-33.838077794758,-33.8352683960373,10.4465581886673,-41.6255218556258,-21.964269220815,-39.7707679836485,-29.9401416662431,3
2288,"ssp126",-8.1963408338731,10.2643341436239,-20.0365327807961,-1.81370144949965,-11.3876605260598,-2.27624486041162,-9.61974235845234,11.0598960641084,-22.3671948251187,-2.57658154546165,-13.1413227649477,-3.24601612511914,-9.06430808463956,10.7433935286266,-21.4506984858137,-2.27655074835067,-12.458186752784,-2.87111288405247,3
2288,"ssp534-over",-5.71931255524812,7.54530237582452,-11.0546470312966,-0.383978079199634,-8.38697979327236,-3.05164531722388,-7.20631068307019,7.82452905666472,-12.739088238629,-1.67353312751138,-9.97269946084959,-4.43992190529078,-6.62153802883104,7.71477552865547,-12.0767081204754,-1.16636793718672,-9.3491230746532,-3.89395298300888,2
2288,"ssp585",-28.8388416802697,13.9120248541611,-37.3975445073761,-12.7863899961523,-36.8650675223284,-24.5594902667165,-37.0555609888399,7.21663189640393,-41.6976319080388,-28.7413494835999,-41.21266674146,-34.7345255292405,-33.8399337695812,9.86380969048473,-40.0539364000473,-22.4664719003069,-39.5266647042184,-30.7329324543482,3
2289,"ssp126",-7.37086337247206,9.82027294524991,-18.6947687631585,-1.19448308621482,-10.4590535156007,-1.70891067712883,-8.70343207185081,10.3351413598066,-20.5973666910095,-1.91036406875535,-12.0999660733985,-2.75646476227147,-8.18445909045673,10.1278208061192,-19.8491998599186,-1.62881741028947,-11.4622799305404,-2.35208870572578,3
2289,"ssp534-over",-5.03055116506452,2.55133574065182,-6.83461796836302,-3.22648436176602,-5.93258456671377,-4.12851776341527,-5.85529039298161,1.6004417952267,-6.98697363928078,-4.72360714668244,-6.42113201613119,-5.28944876983202,-5.53093521483038,1.97442165829328,-6.92706215833114,-4.13480827132961,-6.22899868658076,-4.83287174307999,2
2289,"ssp585",-28.6158856989796,13.1355734398406,-36.3072952747051,-13.4487431204795,-36.1994569882297,-24.7701809111169,-37.0407565689057,6.14099688045932,-40.8243545436065,-29.9551985902089,-40.583535558254,-35.1489575815552,-33.7440619814269,8.90584863388813,-39.0977221899292,-23.4634248261879,-38.8843805590463,-31.0672318771757,3
2290,"ssp126",-6.62024556580814,6.73517221344589,-14.2144627157378,-1.37108872905607,-9.24482398418417,-2.82313699084331,-7.62860047036163,6.97924468370966,-15.4431945306574,-2.01574015798643,-10.4350306265492,-3.72130344021373,-7.23628736089258,6.88049548251817,-14.9600149924208,-1.76220715443256,-9.97332746412259,-3.37442354512847,3
2290,"ssp534-over",-4.39106289056488,2.77774267593871,-6.35522357311241,-2.42690220801735,-5.37314323183864,-3.40898254929112,-5.01922498038646,1.94563868314403,-6.39499928697647,-3.64345067379645,-5.70711213368146,-4.33133782709145,-4.77217806563847,2.27289581673545,-6.37935811058264,-3.1649980206943,-5.57576808811056,-3.96858804316638,2
2290,"ssp585",-29.0563862389194,14.6000481724348,-38.3530876635008,-12.2285481152449,-37.4703053007566,-24.4080355266286,-37.3513389509707,7.98280565551038,-42.6211568033229,-28.1668536273533,-41.9435816127795,-34.7164300247946,-34.1063338183489,10.5976217705405,-40.9428054730319,-21.8985258354659,-40.2102378097904,-30.6880979910073,3
2291,"ssp126",-7.890250291108,10.2567187145952,-19.5784507138596,-0.390928962020192,-11.6399109556519,-2.0461500797322,-9.30322430696739,11.1840923309807,-22.0170460567255,-0.983414134000285,-13.4631293934509,-2.94631343208834,-8.75200766860512,10.8165258155678,-21.0581066385344,-0.750397439284377,-12.7528127832655,-2.59895818364048,3
2291,"ssp534-over",-5.26301866701072,5.77706309385624,-9.34801915601901,-1.17801817800243,-7.30551891151486,-3.22051842250658,-6.50197936299573,5.37820659688123,-10.3049457182727,-2.69901300771878,-8.4034625406342,-4.60049618535726,-6.01473745308703,5.53510726935164,-9.92864933784053,-2.10082556833354,-7.97169339546378,-4.05778151071028,2
2291,"ssp585",-29.3191328879185,13.6321242235785,-37.5913638626273,-13.5850668543307,-37.1861659047124,-25.1830174005641,-37.3240470238089,6.93629101867019,-41.4412864095229,-29.3157728892025,-41.3281840911121,-35.2654273309519,-34.1922036693167,9.58309954874117,-39.9273646766691,-23.12909126552,-39.723759871215,-31.3246231656405,3
2292,"ssp126",-6.09045291975481,5.90828685095291,-12.8161329356544,-1.73676743649652,-8.26729566138395,-2.72761291180499,-7.0991379991982,5.58891606842224,-13.4674242894667,-3.00963298511189,-9.14389050624135,-3.91499485406397,-6.70650170481418,5.71205608183374,-13.2113141670043,-2.50903155745949,-8.80523677849153,-3.45409547371913,3
2292,"ssp534-over",-4.51561360780328,4.84127399747679,-7.93891128100122,-1.09231593460534,-6.22726244440225,-2.80396477120431,-5.06229037454074,3.78092080329384,-7.7358051136791,-2.38877563540238,-6.39904774410992,-3.72553300497156,-4.84728418379966,4.1979363336847,-7.81567343233751,-1.87889493526182,-6.33147880806859,-3.36308955953074,2
2292,"ssp585",-28.8515181565297,13.7340528746815,-37.360592542045,-13.007289501491,-36.7736324840491,-24.5969809637721,-37.1093780216329,7.23376903440676,-41.4650223006893,-28.7591425267886,-41.2844957690551,-34.9315558821047,-33.8798369816648,9.80468557082738,-39.8510195936494,-22.5641440674363,-39.5376834387791,-30.8942456756726,3
2293,"ssp126",-7.24921792059771,6.59575634401711,-14.8028113145312,-2.62896293836395,-9.55934541171458,-3.47242122363098,-8.08333236228249,5.79000792847195,-14.6903535840427,-3.89401999978102,-10.1779885435332,-4.77982175140237,-7.76025109465886,6.103222936019,-14.7345758249164,-3.39648954835508,-9.94213186781074,-4.27308872953008,3
2293,"ssp534-over",-3.42929932601513,2.49435744890211,-5.19307639283698,-1.66552225919327,-4.31118785942606,-2.5474107926042,-3.82618562203384,1.62941812514009,-4.97835822770867,-2.67401301635901,-4.40227192487126,-3.25009931919643,-3.67008976524617,1.96957949550451,-5.06279278260339,-2.27738674788895,-4.36644127392478,-2.97373825656756,2
2293,"ssp585",-27.4427580646441,13.8757480329828,-36.133700764597,-11.4402279211971,-35.4440231363675,-23.0972867146676,-35.7223281753273,7.60046507508853,-41.0293493529059,-27.0154124271926,-40.0757860493947,-33.0688175865381,-32.4841737352581,10.0791394529367,-39.1580023677102,-20.8898953934945,-38.2813129061399,-29.1472594190321,3
2294,"ssp126",-6.28425574485054,5.93530329786669,-13.0333829268015,-1.87780701053068,-8.48748011201047,-2.90969215387504,-7.16385504067296,6.10336867961946,-14.0233858292585,-2.3336478376301,-9.57895864219439,-3.7340896463802,-6.82232752866674,6.03264851781071,-13.6340826961795,-2.15437158250918,-9.15630550174552,-3.41644994491037,3
2294,"ssp534-over",-0.401986655958447,1.04410007548776,-1.14027689957323,0.336303587656331,-0.771131777765836,-0.0328415341510577,-0.525273620022899,2.14730737719859,-2.04364922773192,0.993101987686124,-1.28446142387741,0.233914183831612,-0.476769180769074,1.71345476888522,-1.68836466710424,0.734826305566091,-1.08256692393666,0.129028562398508,2
2294,"ssp585",-29.1548023735765,14.4967928250369,-38.9574643377895,-12.5023920357865,-37.4810075424716,-24.2534713914701,-37.17889722383,8.28528653990645,-43.661565749966,-27.8443511940876,-41.8461702387012,-33.937562960762,-34.0405069884075,10.7282729632989,-41.8634370981764,-21.8105586493958,-40.1554811579133,-30.129041933523,3
2295,"ssp126",-7.66808315192034,8.19849842999667,-17.0651689026909,-1.97633282028225,-10.5139583177394,-2.96954027653505,-8.86690502448703,8.41048740521505,-18.5144721482897,-3.07894573323304,-11.760884670114,-4.0431214625857,-8.39929336433033,8.32448799746202,-17.9445563501714,-2.64530244783532,-11.2762888225778,-3.62666187140979,3
2295,"ssp534-over",-2.74192502691347,4.86468509506992,-6.18177684597453,0.697926792147593,-4.461850936444,-1.02199911738294,-3.87310499387304,4.0098796517282,-6.708518087352,-1.03769190039408,-5.29081154061252,-2.45539844713356,-3.42824051952838,4.34608309207889,-6.50138534553756,-0.355095693519194,-4.96481293253297,-1.89166810652379,2
2295,"ssp585",-27.6097564006389,12.6115697286898,-35.1458945323557,-13.0501787485648,-34.889545226676,-23.8416873347806,-36.0436048517056,5.83268418344418,-39.705586223343,-29.3174508275359,-39.4066818637904,-34.2126141658869,-32.7454180365028,8.50997340856143,-37.7666802482082,-22.9197447731914,-37.6582546681584,-30.2347869306501,3
2296,"ssp126",-6.61155094467145,6.68232395686079,-14.1619599633705,-1.45904973446295,-9.1878015497757,-2.83634643532194,-7.6819667954644,6.55135825533685,-15.0160545104278,-2.40910133154967,-10.3183995274218,-4.01492293798268,-7.26617929489944,6.5990472819236,-14.6801952091168,-2.03545842294678,-9.88153973087576,-3.55917133779077,3
2296,"ssp534-over",-5.17060087910016,5.1336407400423,-8.80063305855959,-1.54056869964073,-6.98561696882988,-3.35558478937044,-6.2028633748761,4.59855803800858,-9.45453494723187,-2.95119180252032,-7.82869916105398,-4.57702758869821,-5.79690519868169,4.80902342421573,-9.19739827282958,-2.39641212453379,-7.49715173575564,-4.09665866160774,2
2296,"ssp585",-28.43877628839,14.5974827597911,-37.8427378102182,-11.6223151963029,-36.8470068344336,-23.7367955274759,-36.7587060672966,8.28340940790371,-42.7277495507352,-27.301722557551,-41.4871978221694,-33.7741843255772,-33.5046400346674,10.7760614925531,-40.8604684686958,-21.1352160334937,-39.6893520352542,-29.8267258176532,3
2297,"ssp126",-8.80669742064482,11.6336765487669,-22.0658299491481,-0.309249070977266,-13.0554215954786,-2.17713115639316,-10.0823245125716,11.9195202209089,-23.6370665046498,-1.23693769386598,-14.5050179219244,-3.30495351653248,-9.5855514330091,11.8039734153808,-23.0192023424872,-0.872089851499472,-13.9422822237639,-2.86872597827004,3
2297,"ssp534-over",-1.15006488654133,2.78950427835874,-3.12254227791768,0.822412504835022,-2.1363035822295,-0.163826190853154,-1.44099177919799,2.27899267425736,-3.05248295343983,0.170499395043855,-2.24673736631891,-0.635246192077067,-1.32657218114886,2.47976762608062,-3.08003268531733,0.426888323019619,-2.2033024332331,-0.449841929064619,2
2297,"ssp585",-27.9939220323926,13.2230247168543,-36.7132760683169,-12.7793828983233,-35.6011915994272,-23.6342450144304,-36.1859405326805,6.90021424776989,-41.353886728464,-28.3500910317075,-40.103865283167,-33.6019674347888,-32.9812804080352,9.3937828380995,-39.5800272261558,-22.226334497005,-38.3587533635504,-29.6819069989749,3
2298,"ssp126",-9.81526538486676,9.42169738079282,-20.2969976507794,-2.05084064063685,-13.6974777569817,-4.57439925191045,-11.4907158290103,10.2303156122923,-22.887349921743,-3.10039097352006,-15.6858782567555,-5.79239878264399,-10.8369305676059,9.91011515150507,-21.868734468837,-2.68761650915819,-14.9115875968297,-5.32102861699029,3
2298,"ssp534-over",-3.45454254007801,4.70327588730489,-6.78026081378247,-0.12882426637355,-5.11740167693024,-1.79168340322578,-3.99298388229469,5.39513419777079,-7.80791985894986,-0.178047905639527,-5.90045187062228,-2.08551589396711,-3.78124896380409,5.12307358691629,-7.40380903763028,-0.158688889977892,-5.59252900071719,-1.96996892689099,2
2298,"ssp585",-28.3539152835114,13.8637138931028,-36.6417286353178,-12.3488672083151,-36.3564393211095,-24.2100086076082,-36.4473746113618,7.64827255508554,-41.0105388974953,-27.6175696673977,-40.8622770833438,-34.165792468295,-33.2825708943293,10.1065028170462,-39.1224723129786,-21.6125880275605,-39.1175623277137,-30.3626201850046,3
2299,"ssp126",-8.11732658953369,6.51176631667466,-15.2317402279607,-2.45252884725158,-10.9497254606747,-4.56011977032017,-9.4836565318396,6.16289833571753,-16.2657920741546,-4.22623027136638,-12.1123696620762,-6.09258876068212,-8.95106665223647,6.29808157741989,-15.859167383974,-3.5286566225966,-11.6622716670564,-5.49701628636769,3
2299,"ssp534-over",-6.53408536227339,8.64801743084309,-12.649157131442,-0.419013593104776,-9.5916212468577,-3.47654947768908,-7.78946223088271,8.95261804536561,-14.1199191601338,-1.45900530163163,-10.9546906955082,-4.62423376625717,-7.29577757567027,8.8328773280371,-13.5415650317142,-1.04999011962632,-10.4186713036922,-4.1728838476483,2
2299,"ssp585",-28.2309972510227,15.1728438029117,-38.0820403795436,-10.7582488605838,-36.9673714462422,-23.3054756867623,-36.3312804648719,9.11938015001954,-42.9229960754493,-25.9238083349363,-41.5350165298397,-33.0354226595832,-33.1634346648434,11.5094993404306,-41.0725552842878,-19.9593914864586,-39.7654562540358,-29.2088743551212,3
2300,"ssp126",-1.9565144322608,3.33741554198744,-4.31642359363749,0.403394729115899,-3.13646901294914,-0.776559851572448,-2.93389696428495,4.10454090532371,-5.83624567209691,-0.0315482564729878,-4.38507131819093,-1.48272261037897,-2.55789454615152,3.81470489029083,-5.25529824230165,0.139509149998613,-3.90659639422658,-1.20919269807645,2
2300,"ssp534-over",-0.700361270591431,NA,-0.700361270591431,-0.700361270591431,-0.700361270591431,-0.700361270591431,-1.62844970532415,NA,-1.62844970532415,-1.62844970532415,-1.62844970532415,-1.62844970532415,-1.26344462217119,NA,-1.26344462217119,-1.26344462217119,-1.26344462217119,-1.26344462217119,1
2300,"ssp585",-25.6336254946304,18.6482971800756,-38.8199628882438,-12.447288101017,-32.2267941914371,-19.0404567978237,-36.100666465868,10.646402923341,-43.6288101682067,-28.5725227635292,-39.8647383170373,-32.3365946146986,-32.0106604481193,13.8309835724936,-41.7906427227092,-22.2306781735293,-36.9006515854142,-27.1206693108243,2
