"Date","scenario","Zoop_Mean","Zoop_SD","Zoop_Min","Zoop_Max","Zoop_Q25","Zoop_Q75","Fish_Mean","Fish_SD","Fish_Min","Fish_Max","Fish_Q25","Fish_Q75","TCB_Mean","TCB_SD","TCB_Min","TCB_Max","TCB_Q25","TCB_Q75","n_models"
1970,"historical",0.930274918205339,1.63740636281227,-0.335668191103913,2.77944572872736,0.0056895129443269,1.56324647285997,1.18850801158786,2.09641072131619,-0.0507216331612181,3.60900326534333,-0.0217396152898781,1.8081228339624,1.08545513120363,1.90629886116051,-0.127665070094416,3.28268486473178,-0.0131597355604436,1.69201523185265,3
1971,"historical",0.214018314670415,0.225796400707696,-0.0390436918054687,0.394897549078748,0.123578697466248,0.340549317908356,0.26785037705021,0.208922703749879,0.0605576348805268,0.47836575872741,0.162592686211611,0.371496748135052,0.246593392491255,0.213297730868863,0.0213726009217911,0.445532336725638,0.147123920374064,0.359203788275987,3
1972,"historical",-1.2094255217682,2.43243282871643,-3.88583214059116,0.866588857130515,-2.24743271121755,0.128777787643282,-1.2399636151697,2.31357154754842,-3.71332436921286,0.871061225375773,-2.29547603544244,-0.00328323814812459,-1.22792965220718,2.35855888516267,-3.78118278477119,0.869351436738787,-2.27657019668016,0.0486969140748297,3
1973,"historical",1.08356097293326,2.56503361836821,-1.6048079694103,3.50426845163485,-0.126792766417538,2.42774544410504,1.1756307504828,2.89719691509076,-2.02656530705241,3.61530213420563,-0.0442049413786154,2.7767287792504,1.13983091372126,2.76083409034825,-1.86063804335286,3.57285390132934,-0.0766805800827834,2.64006539225832,3
1974,"historical",1.24213924499275,1.20103225228097,-0.143679202890282,1.98097115558694,0.872723289695655,1.93504846893426,1.72165711789631,1.21369218892514,0.354792648039153,2.67306299003478,1.24595418182707,2.40508935282488,1.53393739814575,1.20441803050184,0.158684452937264,2.40081870253831,1.10049674594947,2.22156387074999,3
1975,"historical",1.66214293684065,0.973172667318415,0.840099688865364,2.73667696784064,1.12487592134066,2.0731645608283,1.63990740850272,0.659869324561304,1.1615865619588,2.39271596164388,1.26350313193215,1.87906783177469,1.64737972840469,0.779007397026243,1.03510758362982,2.5242124278815,1.20896337866629,1.95351580079212,3
1976,"historical",0.946957153224198,0.2611311990995,0.65045205352811,1.14267598093139,0.8490977393706,1.09520970307224,1.11308526779683,0.205073760135217,0.98338251159923,1.34951212016878,0.994871841610852,1.17793664589562,1.04714966383315,0.0260612499421163,1.02264172797841,1.0745267782139,1.03346110664277,1.05940363176052,3
1977,"historical",0.214391849707466,0.633766612245179,-0.464693007124214,0.790139563231734,-0.0734820070546676,0.553934278123306,0.385819574503926,1.10191473010535,-0.569559509540898,1.59128255431477,-0.216911915401497,0.863509116526339,0.317716727473997,0.907458604772911,-0.52830305648895,1.27614142428801,-0.161495620933009,0.740726619455471,3
1978,"historical",1.20923587453509,0.241818834733718,0.984219352664691,1.4649294087912,1.08138910740704,1.32174413547029,1.53799732829826,0.316516570948859,1.24517409680312,1.87381236536599,1.3700898097644,1.68440894404584,1.40785808935843,0.102578669748781,1.32918666346845,1.5238781458734,1.34984806110095,1.44719380230343,3
1979,"historical",1.70603940637039,1.46309770461666,0.503954321809729,3.33513762825282,0.891490295429175,2.30708194865072,2.11882825917657,1.67806897654244,0.571418226828806,3.9025120542742,1.22698636162775,2.89253327535045,1.95668968172069,1.58991464777383,0.545626741896575,3.67932715500554,1.09537094507826,2.66222115163274,3
1980,"historical",1.09350597963976,1.78267740425717,-0.775441883931291,2.77511720810441,0.252700365407437,2.02797991142529,1.33934212590297,2.69961707730585,-1.29730766126862,4.09780270369959,-0.0398881629953385,2.65766701948877,1.24241491138066,2.33475066239982,-1.09199585582114,3.5775053205965,0.0748697067727361,2.40962029498156,3
1981,"historical",-1.55100776047422,2.30883227537291,-3.78364315581405,0.827138320697374,-2.74008080106001,-0.434690062804302,-1.77965640208148,2.18175943376009,-3.86894353246343,0.48409900864149,-2.91153410744297,-0.735012836890514,-1.69097461259587,2.22972365582521,-3.83538940119323,0.615243110743959,-2.84408347426579,-0.618767218297192,3
1982,"historical",0.434825680916806,1.04606302323064,-0.754244946269183,1.2132934039516,0.0455918193994075,1.0293609945098,0.933237380828727,1.67708226278589,-1.00153600966245,1.97199537097982,0.413858385753179,1.90062407607431,0.736254204913796,1.4277865970133,-0.906996511339904,1.67350775709204,0.267627428824675,1.55787956304065,3
1983,"historical",0.129980931792951,0.46239947885731,-0.36301582080079,0.554043182502753,-0.0820501935619504,0.376479308089821,0.20316064182719,0.596068122078818,-0.323619754077824,0.850183498746821,-0.120350786632625,0.466550839779697,0.172625047904232,0.473063322183052,-0.339116764129546,0.593962401145792,-0.0380436287165483,0.428495953921121,3
1984,"historical",-0.764041439078739,4.43278445402024,-5.67211310793737,2.94804939645902,-2.62008685684762,1.68999439535058,-0.979755923525166,4.93788389114901,-6.41511501911377,3.22968464701057,-3.08447620879303,1.73792362426914,-0.895591770271228,4.73872426285914,-6.1228445199565,3.11888404601425,-2.90282967841396,1.71803460457141,3
1985,"historical",1.75563243893978,0.484984953382036,1.21437765194485,2.15073009665033,1.55808361008451,2.02625983243725,2.49643865582318,0.506353548265701,1.98792326949505,3.00060231578662,2.24435682584146,2.75069634898725,2.20630295013404,0.463701548796353,1.68363796368158,2.56830872834006,2.02530006103103,2.46763544336027,3
1986,"historical",0.0331614479471234,1.1260743085874,-0.98841369358611,1.2406064101994,-0.570561033179015,0.54394901871374,-0.0233977240307529,1.32873331731054,-1.20460603932669,1.41519960306959,-0.742696387580923,0.567206433617215,-0.0019498349035319,1.24999047664068,-1.12195559645571,1.34651135945663,-0.676180432083613,0.558053045872559,3
1987,"historical",-0.0550032182586229,2.31291071277176,-2.70950755785996,1.52673077512209,-0.845870214948981,1.27224895154204,0.0162745429248619,2.47760282009539,-2.80551287137166,1.83539928212841,-0.893287826676913,1.42716825007312,-0.0106252534412751,2.41317534318385,-2.76774779906197,1.71739515614051,-0.874635458232169,1.36793601936907,3
1988,"historical",0.54889392898266,0.861549014397731,-0.248971528969367,1.46243790683005,0.0921219400589673,0.947826657958674,0.582372368397458,0.418315853589075,0.190212666323045,1.02267799492865,0.362219555131863,0.778452219434665,0.568314930795901,0.544066998791278,0.22614424517629,1.19568780970625,0.254628491340728,0.739400273605707,3
1989,"historical",0.13711668073086,1.39853353140375,-1.43859082800812,1.23116550958449,-0.409907733695957,0.924970435100347,0.0979910718497112,2.01244920291341,-2.02912485767119,1.97178675548694,-0.838906769968902,1.16154903661016,0.112406003489823,1.7635500077012,-1.79679767111585,1.68045272529089,-0.671617357410713,1.06700784079266,3
1990,"historical",-0.216399546667957,0.566953969660583,-0.552178489320892,0.438189195222018,-0.543693917612945,-0.04851007534149,-0.228021216291223,0.887724088450747,-0.74697228303592,0.79700731979166,-0.740535484332664,0.0314543170811254,-0.224127086717749,0.762075299203131,-0.664550502780609,0.655841525478527,-0.664111392815887,-0.0039153786863193,3
1991,"historical",-0.334602097451013,1.9098651804874,-2.22417366248473,1.59492958279793,-1.29936793757549,0.610183685065846,-0.318095329294966,2.30805884771163,-2.68074384316821,1.93119645730692,-1.44274122259591,0.863228927641658,-0.323351443319142,2.15236098848447,-2.5011453891112,1.80264146149614,-1.38634789572678,0.765545529576888,3
1992,"historical",-1.28694447932636,1.51407048494015,-2.89822542540742,0.106267025985165,-1.98355023198212,-0.481304006285827,-1.31326386084815,1.64568898469821,-3.02046807680382,0.263098621060358,-2.1014451018024,-0.459661752870308,-1.30233030496365,1.59414648789677,-2.97238216988419,0.203141823123213,-2.05506636900709,-0.467304372503384,3
1993,"historical",1.15315709311785,1.825591124248,-0.0873993583119654,3.24942573920986,0.105022770071846,1.77343531883276,1.4665510483355,2.25528829405771,-0.038353493735934,4.05959344994166,0.170029847532422,2.21900331937122,1.34345243518244,2.08603938178964,-0.0571037525127311,3.74090231650732,0.144727494520001,2.04373052903003,3
1994,"historical",0.389855354926234,1.74612389295456,-1.60385099648714,1.64709264650267,-0.238763290861982,1.38670853063292,0.675038087923399,1.94446073134456,-1.51311624085443,2.20490535182026,-0.0898955440250337,1.76911525231231,0.563188227048976,1.86460637914296,-1.54780418371911,1.98548169305564,-0.147958505954357,1.61868443243302,3
1995,"historical",-0.321278221110983,0.508818636955004,-0.890049437225786,0.090664758753046,-0.527249711042998,-0.0368926130535815,-0.379614952791154,0.759213272009427,-1.21444353911293,0.269533489752713,-0.704189174063088,0.037799340369732,-0.356779341813909,0.660444912121296,-1.08683844866018,0.199163169079435,-0.63475059726058,0.00825021160922863,3
1996,"historical",-0.384073854310724,1.35314396039601,-1.59143511140639,1.07850587989765,-1.11536372141491,0.219606774237109,-0.554687840631543,1.32947065555065,-1.62554520728786,0.933337609003686,-1.29870056544916,-0.019259157303384,-0.488103717850048,1.33591322340201,-1.61212750997159,0.988835512220849,-1.2265733328855,0.07390817821072,3
1997,"historical",0.579287038232021,0.794227248799662,-0.100429928063774,1.4523298769579,0.14276561886908,0.919145521379919,0.403762168251685,0.754479944313643,-0.253077248792703,1.22782436035868,-0.00826892780181288,0.732181876773878,0.472247154518974,0.770810178528999,-0.194720101049585,1.31613683763902,0.0503023129589514,0.805730782303253,3
1998,"historical",-0.00403722624549144,0.466486780871788,-0.496429898024913,0.431294006772078,-0.221702842754276,0.242159109644219,-0.0639640145822137,0.563190610442365,-0.43125809670453,0.584446360466134,-0.388169202106387,0.119683026478944,-0.0401533753653525,0.506734961860455,-0.456173309236115,0.524193345972856,-0.322326736034457,0.167856591570029,3
1999,"historical",0.425035938836423,1.22449648241679,-0.687148857121391,1.73722050724253,-0.231056345366629,0.98112833681533,0.312295909928645,1.70741354957087,-1.24024825236977,2.14093009479644,-0.602021182505254,1.08856799107785,0.355957453279485,1.51760709104381,-1.02264855458973,1.98212511610919,-0.457126378135369,1.04526045721409,3
2000,"historical",-2.03969570154551,1.49142545496974,-3.36809328496197,-0.426355306591646,-2.84636589902244,-1.37549690983728,-2.16639307957222,1.79239508801917,-3.83216269533663,-0.269746624537653,-3.1147163070895,-1.33350827169001,-2.11597595756978,1.67436371856533,-3.64961431131018,-0.329618202714299,-3.00915483499752,-1.34915678069958,3
2001,"historical",-1.52114495473446,0.570443090452622,-1.91884304302058,-0.867562480574082,-1.84793619181464,-1.32229591059139,-1.65798002547433,0.555123618142701,-2.18035743143321,-1.07507154422878,-1.94943426609711,-1.3967913224949,-1.60563767723467,0.542391476705431,-2.02616489878475,-0.993433578384314,-1.91173972665986,-1.39537406645964,3
2002,"historical",-0.771677492617719,0.530998589903992,-1.12404632749274,-0.160939677268464,-1.07704640029235,-0.595493075180208,-1.10159184371333,0.56349024171919,-1.51515840683591,-0.459787555862712,-1.42249398763865,-0.894808562152045,-0.973598940363301,0.54828548927035,-1.32969986976983,-0.342215183477252,-1.28929081880633,-0.795548475660038,3
2003,"historical",-0.368573572697988,1.09181371321643,-1.29957674014618,0.833122286349221,-0.969421502221592,0.096928011026107,-0.51251396905845,1.01574903986119,-1.36388667961487,0.611827875548223,-1.07468489136179,-0.0868276137802408,-0.456428171602481,1.04584443113525,-1.33858943902026,0.698889256060283,-1.03408688543386,-0.0153475378935914,3
2004,"historical",-1.13783696004299,1.38328548484452,-2.45673509357448,0.30190661369234,-1.85770874691065,-0.478387893277241,-1.27280610848891,1.71992471250427,-2.91830093826884,0.512957968021478,-2.1656881467441,-0.450058693598941,-1.22142011599465,1.58993318467019,-2.74184408292817,0.429926398447147,-2.04709337321556,-0.461208132527896,3
2005,"historical",-0.219653002302366,1.72515842130069,-1.29051276321712,1.77046451057816,-1.21471175874263,0.315776878155011,-0.678744022962366,2.10797865930226,-2.11663360278948,1.74106207677108,-1.88864707282909,0.040200766951193,-0.499501323348143,1.95330193181351,-1.73197905755111,1.75262794743167,-1.62556595873805,0.11673754375334,3
2006,"historical",-2.7217689755589,0.922632841568776,-3.72043861127431,-1.90111565626328,-3.13209563520671,-2.22243415770119,-3.26997655090008,0.883984446695413,-3.86709669650661,-2.25446867610386,-3.77773048829819,-2.97141647809682,-3.05486567087623,0.862513720463301,-3.81102923651613,-2.11545295670962,-3.52457202795953,-2.67678388805628,3
2007,"historical",-0.579446975449091,1.65402129469136,-2.2971133751334,1.00257572088698,-1.37045832361713,0.279386224393063,-0.900290625582608,2.11258124674175,-3.03566483231051,1.18873494862037,-1.9448034126841,0.167396477781342,-0.775598108959208,1.93151600306225,-2.74514498330944,1.11549640950471,-1.72114536819117,0.20917532821591,3
2008,"historical",0.75002099902224,1.64757165635074,-0.794031351316769,2.48455385851646,-0.117245430724869,1.52204717419174,0.688538795292151,2.25310254029966,-1.23596314450848,3.16693298728018,-0.550658300701863,1.65078976519247,0.711101581074805,2.01419504794431,-1.06701239696496,2.89850933240358,-0.382602294589584,1.60015857009469,3
2009,"historical",-1.3323845060446,2.0874735331239,-3.6637808943913,0.363397560544934,-2.18027553933937,-0.166686311871253,-2.01912051601945,2.46857493746361,-4.8280772936723,-0.194899839792743,-2.9312308541328,-0.614642127193017,-1.75021800503691,2.31603713719803,-4.37008454201696,0.0247448508876754,-2.63769943299921,-0.440284736546886,3
2010,"historical",-0.0576228473330663,1.09464018329306,-1.31657866630303,0.669373343982076,-0.421120942990638,0.571855062151916,-0.566763647116867,1.47858988465892,-2.26157113460145,0.459382179779734,-1.07983656056517,0.280640096625421,-0.367253469784183,1.32661910321003,-1.88984474163413,0.539661907819429,-0.82071115858599,0.394042166140789,3
2011,"historical",0.566776909661417,1.40343861963366,-0.950832311003772,1.81780773739128,-0.0587385042035117,1.32558151999401,0.801115435363578,2.44080685238871,-1.35873806765858,3.44910236581546,-0.522878029862365,1.88104218687466,0.707440096231853,2.01182364472619,-1.20279549105323,2.8074091371033,-0.342544424203868,1.66255788987439,3
2012,"historical",0.863851254789971,2.83904138365731,-1.49215186711776,4.01595842216149,-0.712202328895788,2.04185281574383,0.645499302180018,3.35495517680794,-1.80803196556236,4.46858203476012,-1.26604206411003,1.87226493605121,0.730240589322721,3.14849331829198,-1.68727084452848,4.29053602008015,-1.04990712605599,1.93899630624832,3
2013,"historical",-1.11812689793035,1.58047119218882,-2.63850003362697,0.516266931113937,-1.93532381245249,-0.357940330082034,-1.78097514017797,2.05937519649004,-3.32761129927465,0.556620294397093,-2.9497728574655,-1.00765706062962,-1.52275136464035,1.85829893745565,-3.06416371468023,0.540746717960703,-2.55450040594087,-0.752045189620406,3
2014,"historical",-0.855771890888114,1.8496607802806,-2.91591179843461,0.662265964605117,-1.61479081863473,0.174298062885132,-1.19212995275604,1.93381464684418,-3.32693942040322,0.442355455206667,-2.0093726567374,-0.124725218932457,-1.06132766500189,1.90302258435178,-3.16980335311306,0.52886042024781,-1.85642170762673,-0.00708982094630106,3
2015,"ssp126",-0.734000381536111,1.80465266527205,-2.64851415748423,0.935821586660223,-1.56891136563428,0.223256506437949,-1.16811744905098,1.73677123512326,-3.17017292691594,-0.0660712919230094,-1.71914052761496,-0.167089710118491,-0.99925327887328,1.72135408096921,-2.97074251612427,0.205540449821166,-1.6016501432205,-0.0135086602477862,3
2015,"ssp534-over",-1.60716077509759,2.12402667973789,-4.0084274859012,0.0258242588347324,-2.42365329206374,-0.406527419695778,-2.34369836362772,2.45826005456598,-5.01040796058298,-0.168003111411376,-3.43154598973589,-1.01034356515008,-2.05764758415993,2.32730353006778,-4.62735031949568,-0.0917583246887214,-3.04059221389554,-0.772796216492056,3
2015,"ssp585",-0.591434559276394,1.96945346549161,-2.39291314610931,1.51128357281558,-1.64279362532238,0.309304734140065,-1.22737034210709,1.9917702610925,-3.19681974070634,0.785994514264126,-2.2340527702927,-0.242645642807469,-0.980167473472373,1.98423581343638,-2.88948584392689,1.0713368619503,-2.00591964118371,-0.0255082882451135,3
2015.99649122807,"ssp534-over",-100,0,-100,-100,-100,-100,-100,0,-100,-100,-100,-100,-100,0,-100,-100,-100,-100,2
2016,"ssp126",-0.516970092311633,1.79408131262519,-1.72159476906013,1.54492687787995,-1.54791857740743,0.0853422460626155,-0.604651141471706,3.02566327372003,-2.88083103072619,2.82884553830146,-2.32139948135829,0.533438803155535,-0.571569436400581,2.5400400547677,-2.42476569715098,2.3237976479608,-2.01925297858127,0.355028693974618,3
2016,"ssp534-over",-1.45178853055327,NA,-1.45178853055327,-1.45178853055327,-1.45178853055327,-1.45178853055327,-1.80925490063913,NA,-1.80925490063913,-1.80925490063913,-1.80925490063913,-1.80925490063913,-1.66864035733128,NA,-1.66864035733128,-1.66864035733128,-1.66864035733128,-1.66864035733128,1
2016,"ssp585",-0.583055614007004,1.84484165294627,-2.67409496929224,0.814751638539603,-1.28195924028031,0.462464063635616,-1.03075979008522,1.75036383517766,-3.03068871487933,0.222160750172685,-1.65722006021418,-0.030795327688168,-0.855944092876871,1.76538475266741,-2.89436274599808,0.178110128637516,-1.37297120363406,0.163265233683735,3
2016.99298245614,"ssp534-over",-100,0,-100,-100,-100,-100,-100,0,-100,-100,-100,-100,-100,0,-100,-100,-100,-100,2
2017,"ssp126",-1.36023387143273,0.561564630727875,-1.99259197185588,-0.91976781825441,-1.58046689802189,-1.04405482122115,-1.87296821563683,1.01016519775547,-2.98906274946584,-1.02135073493336,-2.29877695598857,-1.31492094872232,-1.67163334479772,0.832789178865321,-2.59703241655037,-0.982515534626502,-2.01619224988332,-1.20893380892139,3
2017,"ssp534-over",6.16417642971297,NA,6.16417642971297,6.16417642971297,6.16417642971297,6.16417642971297,6.74543670587984,NA,6.74543670587984,6.74543670587984,6.74543670587984,6.74543670587984,6.51678960753443,NA,6.51678960753443,6.51678960753443,6.51678960753443,6.51678960753443,1
2017,"ssp585",0.492381771759068,3.33655057166594,-2.32617485981537,4.17638503866458,-1.34961986169369,1.90166008754629,0.212325320989402,3.85508194093131,-2.72517023810926,4.57762219411568,-1.97032311557374,1.68107310053873,0.321033352413315,3.64865420747876,-2.57263410364761,4.41978978219299,-1.72834486247652,1.76786708044378,3
2017.98947368421,"ssp534-over",-100,0,-100,-100,-100,-100,-100,0,-100,-100,-100,-100,-100,0,-100,-100,-100,-100,2
2018,"ssp126",-2.68081560083334,0.729890895205942,-3.38187544129983,-1.92515971998,-3.05864354126,-2.33028568060009,-3.18984998387906,0.526623836257777,-3.77904032876845,-2.7649715890621,-3.40228918128754,-2.89525481143437,-2.99105875767584,0.556747623182881,-3.62720399187302,-2.5926285231664,-3.19027387493056,-2.67298614057725,3
2018,"ssp534-over",2.61347047986183,NA,2.61347047986183,2.61347047986183,2.61347047986183,2.61347047986183,2.45063543267903,NA,2.45063543267903,2.45063543267903,2.45063543267903,2.45063543267903,2.51468894291167,NA,2.51468894291167,2.51468894291167,2.51468894291167,2.51468894291167,1
2018,"ssp585",0.548709954143613,3.22194871966453,-2.48085821584423,3.93358523469333,-1.14372768613124,2.06349403913754,0.0711627271957825,3.67561885075985,-3.26454133102449,4.01167459953824,-1.89909320897545,1.73901475630592,0.256135792332347,3.5002411237343,-2.96493888063119,3.98095702358213,-1.60627482329254,1.86667312881411,3
2018.98596491228,"ssp534-over",-100,0,-100,-100,-100,-100,-100,0,-100,-100,-100,-100,-100,0,-100,-100,-100,-100,2
2019,"ssp126",-0.275522465568296,3.20542762690336,-2.58007169421909,3.38504956151722,-2.10580847911105,0.876752148757099,-0.4762250571025,4.22052491154861,-3.25859073316293,4.38002076195894,-2.90434796663322,0.914957780927713,-0.399761501216079,3.82200582473435,-2.9991925621824,3.98863451513251,-2.59395950939037,0.899954029267079,3
2019,"ssp534-over",-1.20163783056439,NA,-1.20163783056439,-1.20163783056439,-1.20163783056439,-1.20163783056439,-1.541506814173,NA,-1.541506814173,-1.541506814173,-1.541506814173,-1.541506814173,-1.40781445619496,NA,-1.40781445619496,-1.40781445619496,-1.40781445619496,-1.40781445619496,1
2019,"ssp585",-1.52397304448423,1.61530836467672,-2.92635555570914,0.242212850622939,-2.40706599203782,-0.822781788871781,-2.02396916760866,1.64836682401602,-3.76928030405417,-0.493643496472518,-2.78913200317673,-1.1513135993859,-1.8303838272613,1.62146427241792,-3.44702974740764,-0.204143778857402,-2.64350385146325,-1.02206086718813,3
2019.98245614035,"ssp534-over",-100,0,-100,-100,-100,-100,-100,0,-100,-100,-100,-100,-100,0,-100,-100,-100,-100,2
2020,"ssp126",-1.57135333234502,3.15858063927543,-5.21751439396242,0.327646822833135,-2.5208534099341,0.251727198463679,-2.17772085603327,3.40845024587972,-6.11078613927891,-0.0855650201609191,-3.22379877396945,-0.211188214410453,-1.94248251958987,3.31580726047182,-5.76928790028423,0.0769778075127599,-2.95221268314118,-0.0290798292426877,3
2020,"ssp534-over",-1.77279770466432,NA,-1.77279770466432,-1.77279770466432,-1.77279770466432,-1.77279770466432,-2.03589407878029,NA,-2.03589407878029,-2.03589407878029,-2.03589407878029,-2.03589407878029,-1.93240133208252,NA,-1.93240133208252,-1.93240133208252,-1.93240133208252,-1.93240133208252,1
2020,"ssp585",-1.45482637304695,2.62928706219495,-4.41203609006759,0.619037649689177,-2.49175838441501,0.0237784854633713,-1.89943814839091,2.93299075988482,-5.00082584180524,0.829593756312928,-3.26395410074283,-0.348744301683751,-1.72669781329034,2.80587933999911,-4.77573122260257,0.746768480283555,-2.96343096007729,-0.202181108634228,3
2020.97894736842,"ssp534-over",-100,0,-100,-100,-100,-100,-100,0,-100,-100,-100,-100,-100,0,-100,-100,-100,-100,2
2021,"ssp126",-2.62004016421126,2.20828636570127,-5.13493308143563,-0.99788302010559,-3.43111873626409,-1.36259370559907,-3.45941177494316,2.33917578172813,-6.03221224209433,-1.46078499384674,-4.45872516549137,-2.17301154136757,-3.13091903658674,2.28007977314747,-5.67925456564111,-1.28381733569725,-4.05446988703148,-1.85675127205956,3
2021,"ssp534-over",-0.319475066767961,NA,-0.319475066767961,-0.319475066767961,-0.319475066767961,-0.319475066767961,0.481011907132364,NA,0.481011907132364,0.481011907132364,0.481011907132364,0.481011907132364,0.166128830909444,NA,0.166128830909444,0.166128830909444,0.166128830909444,0.166128830909444,1
2021,"ssp585",-0.708890847113988,2.13591085396275,-2.76524094274059,1.49855659893402,-1.81261457013799,0.319284200699316,-0.851194870155077,3.22054604005524,-3.80952180445183,2.57941501144497,-2.5664998109551,0.627968596993298,-0.796907931511453,2.79290081626785,-3.39868208584428,2.15424379318696,-2.27248379386066,0.50397914565496,3
2021.97543859649,"ssp534-over",-100,0,-100,-100,-100,-100,-100,0,-100,-100,-100,-100,-100,0,-100,-100,-100,-100,2
2022,"ssp126",-0.400562255305854,2.87536705106649,-2.80800538802425,2.78328527937054,-1.99248602264405,0.803159311053344,-0.567660701823048,3.48579948764488,-3.32123765945069,3.35159872508081,-2.52729041527498,0.809127776990773,-0.503812815824395,3.24673342860369,-3.1250287030986,3.12804444889795,-2.31974144818557,0.806795127812706,3
2022,"ssp534-over",1.92893049959005,NA,1.92893049959005,1.92893049959005,1.92893049959005,1.92893049959005,2.77219633855769,NA,2.77219633855769,2.77219633855769,2.77219633855769,2.77219633855769,2.44048557985033,NA,2.44048557985033,2.44048557985033,2.44048557985033,2.44048557985033,1
2022,"ssp585",-1.27118052823102,2.96752634366911,-3.36150951099022,2.12538910864091,-2.96946534666699,-0.226016036851425,-1.98812712384467,4.35477442765278,-5.34216027852434,2.93340891155374,-4.44889514154388,-0.311110546504841,-1.70967754306728,3.8089049985166,-4.56293503957847,2.61556268858458,-3.87229765889322,-0.283048794811689,3
2022.97192982456,"ssp534-over",-100,0,-100,-100,-100,-100,-100,0,-100,-100,-100,-100,-100,0,-100,-100,-100,-100,2
2023,"ssp126",-2.64484686163661,0.394978123626107,-3.00899188962587,-2.22495820629277,-2.85479118930852,-2.46277434764197,-3.36329034010072,0.731030200579685,-4.01753972935649,-2.57424199739513,-3.75781451145351,-3.03616564547284,-3.08246014808504,0.566991311070408,-3.49942714569246,-2.43684618933941,-3.40526712745785,-2.87397664928132,3
2023,"ssp534-over",-0.0488614583210572,NA,-0.0488614583210572,-0.0488614583210572,-0.0488614583210572,-0.0488614583210572,0.0754899211291902,NA,0.0754899211291902,0.0754899211291902,0.0754899211291902,0.0754899211291902,0.026574515669097,NA,0.026574515669097,0.026574515669097,0.026574515669097,0.026574515669097,1
2023,"ssp585",-1.72882159174459,1.44085536026068,-3.05587699309047,-0.196238576082449,-2.49511309957566,-1.06529389107165,-2.04841125928248,1.96087479196491,-3.44366676670046,0.19355340764469,-3.16939359274607,-1.35078350557349,-1.92410879581571,1.74510162376217,-3.29541454056401,0.0402231188018843,-2.9062747531245,-1.23845592344156,3
2023.96842105263,"ssp534-over",-100,0,-100,-100,-100,-100,-100,0,-100,-100,-100,-100,-100,0,-100,-100,-100,-100,2
2024,"ssp126",-2.91465190239859,0.933266640857102,-3.98851470136855,-2.29961391114309,-3.22217089802634,-2.37772050291361,-3.15576364201439,1.71578024166074,-4.73036351866118,-1.32712885887818,-4.0700810335825,-2.368463703691,-3.0636374817971,1.36877504692251,-4.44675434146062,-1.70966985557416,-3.74062129490857,-2.37207905196534,3
2024,"ssp534-over",-2.76074655946619,NA,-2.76074655946619,-2.76074655946619,-2.76074655946619,-2.76074655946619,-2.72941368322482,NA,-2.72941368322482,-2.72941368322482,-2.72941368322482,-2.72941368322482,-2.74173892121055,NA,-2.74173892121055,-2.74173892121055,-2.74173892121055,-2.74173892121055,1
2024,"ssp585",-3.20696582821035,2.11682954444643,-4.54229852262044,-0.766270359227857,-4.42731356270159,-2.5392994810053,-3.53360640949277,1.63199995337214,-4.75576835392912,-1.68028392131028,-4.46026765358401,-2.92252543727459,-3.40673645055739,1.8117141430232,-4.58624111329859,-1.32069380679446,-4.44975777243885,-2.81698411918679,3
2024.9649122807,"ssp534-over",-100,0,-100,-100,-100,-100,-100,0,-100,-100,-100,-100,-100,0,-100,-100,-100,-100,2
2025,"ssp126",-0.280764584472693,1.66234140097683,-1.79368137090252,1.49877299991256,-1.17053337666532,0.475693808742221,-0.634659186878542,2.38437106461271,-2.67646801779886,1.98577262667275,-1.94487509365419,0.386245228581618,-0.498693261015378,2.10343602662272,-2.33897823722118,1.79420431189245,-1.64514204746929,0.421449227087523,3
2025,"ssp534-over",-0.547570712797466,NA,-0.547570712797466,-0.547570712797466,-0.547570712797466,-0.547570712797466,-0.713178119562879,NA,-0.713178119562879,-0.713178119562879,-0.713178119562879,-0.713178119562879,-0.648034061773268,NA,-0.648034061773268,-0.648034061773268,-0.648034061773268,-0.648034061773268,1
2025,"ssp585",-4.05229496387608,3.10363001145162,-7.56190828096838,-1.66941185986372,-5.24373651588226,-2.29748830532993,-4.83473447155028,2.82824579525905,-8.08937072883747,-2.97400382618098,-5.76509979423494,-3.20741634290669,-4.52882724600297,2.93011241415734,-7.88188578080911,-2.46075282638658,-5.56286445581117,-2.8522979785999,3
2025.96140350877,"ssp534-over",-100,0,-100,-100,-100,-100,-100,0,-100,-100,-100,-100,-100,0,-100,-100,-100,-100,2
2026,"ssp126",-3.75607228047771,2.69894040123156,-6.19220313773741,-0.854786983818041,-5.20671492880755,-2.53800685184787,-4.71305950311202,3.08645134788399,-7.45752984412156,-1.37179060172701,-6.38369395380452,-3.34082433260725,-4.34062025974929,2.93504520293231,-6.95979536657981,-1.16839166118457,-5.92673455903166,-3.03103270633403,3
2026,"ssp534-over",-1.25209168628177,NA,-1.25209168628177,-1.25209168628177,-1.25209168628177,-1.25209168628177,-0.805473777308338,NA,-0.805473777308338,-0.805473777308338,-0.805473777308338,-0.805473777308338,-0.981157362000011,NA,-0.981157362000011,-0.981157362000011,-0.981157362000011,-0.981157362000011,1
2026,"ssp585",-2.37376148706489,3.34510346964803,-5.61324305002812,1.06780163072377,-4.09454304595922,-0.754020705583274,-3.08935888460083,4.37015375085939,-6.71063273783791,1.76479994370439,-5.51643829875344,-1.2787219579823,-2.81188381265146,3.95565070831382,-6.29110010642665,1.49062562223585,-4.96313853009511,-1.07227566576386,3
2026.95789473684,"ssp534-over",-100,0,-100,-100,-100,-100,-100,0,-100,-100,-100,-100,-100,0,-100,-100,-100,-100,2
2027,"ssp126",-2.89502686260725,4.15935539308974,-7.68255518753938,-0.169725840193345,-4.2576773738142,-0.501262700141185,-3.58798516842351,4.14145053777962,-8.28439547804679,-0.459132711929996,-5.15241139667026,-1.23978001361187,-3.31644582937241,4.14138454834517,-8.04765293475905,-0.348492318825428,-4.8004225846459,-0.950842276679088,3
2027,"ssp534-over",4.97425052056085,NA,4.97425052056085,4.97425052056085,4.97425052056085,4.97425052056085,5.81374593307016,NA,5.81374593307016,5.81374593307016,5.81374593307016,5.81374593307016,5.48351832589503,NA,5.48351832589503,5.48351832589503,5.48351832589503,5.48351832589503,1
2027,"ssp585",-1.21192825318182,4.56078645252278,-5.68103458182747,3.43531832990765,-3.53555154472655,1.022624911141,-1.75253557668827,5.02613513897473,-6.29885185645567,3.64476895036713,-4.45118784021598,0.520622563195421,-1.54213638753006,4.83902119029005,-6.06266000060416,3.56237853323676,-4.09439384791347,0.718125419006986,3
2027.95438596491,"ssp534-over",-100,0,-100,-100,-100,-100,-100,0,-100,-100,-100,-100,-100,0,-100,-100,-100,-100,2
2028,"ssp126",-1.80285736699152,1.43088476154109,-3.4550031751574,-0.961232220934347,-2.2236699400201,-0.976784462908574,-2.53705393143301,1.00395065916268,-3.51313496664618,-1.50738043333495,-3.05189068048204,-2.04901341382643,-2.25023233579117,1.12394068341402,-3.49026798950957,-1.29858769613849,-2.72605465561751,-1.63021450893198,3
2028,"ssp534-over",-4.71670106122687,NA,-4.71670106122687,-4.71670106122687,-4.71670106122687,-4.71670106122687,-4.88973095719774,NA,-4.88973095719774,-4.88973095719774,-4.88973095719774,-4.88973095719774,-4.82166715641361,NA,-4.82166715641361,-4.82166715641361,-4.82166715641361,-4.82166715641361,1
2028,"ssp585",-3.1797308016492,1.74878349598682,-5.19064564288791,-2.01486873304151,-3.76216183595304,-2.17427338102984,-3.95549990104887,1.74462104506382,-5.9564895616002,-2.75318120039462,-4.556659251376,-2.95500507077321,-3.65314365496512,1.74222207386571,-5.66370704501857,-2.58816358812211,-4.18563368838662,-2.64786195993839,3
2028.95087719298,"ssp534-over",-100,0,-100,-100,-100,-100,-100,0,-100,-100,-100,-100,-100,0,-100,-100,-100,-100,2
2029,"ssp126",-3.50522698809335,2.95506122572583,-6.60846127651587,-0.724854554511041,-4.8954132048845,-1.95360984388208,-4.33827253883167,2.98115940584972,-7.51336814749012,-1.59903583988088,-5.70789088830706,-2.75072473450244,-4.01322173961756,2.97002731279814,-7.15741000136405,-1.25511649168485,-5.39227436358392,-2.44112760874432,3
2029,"ssp534-over",2.67539220083692,NA,2.67539220083692,2.67539220083692,2.67539220083692,2.67539220083692,2.5457470092116,NA,2.5457470092116,2.5457470092116,2.5457470092116,2.5457470092116,2.59674481190861,NA,2.59674481190861,2.59674481190861,2.59674481190861,2.59674481190861,1
2029,"ssp585",-2.88072691244388,1.48725375387683,-3.76034559878287,-1.16356603058068,-3.73930735337548,-2.44091756927438,-3.5812346298266,1.930661802252,-5.08703873581138,-1.40465055809742,-4.66952666569119,-2.8283325768342,-3.30762421151977,1.74936629989258,-4.56509272006023,-1.30981648817579,-4.30652807319176,-2.67888995724954,3
2029.94736842105,"ssp534-over",-100,0,-100,-100,-100,-100,-100,0,-100,-100,-100,-100,-100,0,-100,-100,-100,-100,2
2030,"ssp126",-2.18238937664379,2.93441340635132,-5.35704811992008,0.430580495939437,-3.4888743129354,-0.595060005005639,-3.04305806014984,3.64628714492345,-6.55998286045324,0.720108783303203,-4.92464148187636,-1.28459565999813,-2.70890776632076,3.35380650229527,-6.100100302126,0.606218662975019,-4.36647098096866,-1.01331149841815,3
2030,"ssp534-over",1.31770300833888,NA,1.31770300833888,1.31770300833888,1.31770300833888,1.31770300833888,2.3380597755589,NA,2.3380597755589,2.3380597755589,2.3380597755589,2.3380597755589,1.93668775055063,NA,1.93668775055063,1.93668775055063,1.93668775055063,1.93668775055063,1
2030,"ssp585",-1.76922224111665,1.0133929236924,-2.93482511157401,-1.09701902136439,-2.10532385099278,-1.18642080588797,-2.02899682527369,1.81135393095518,-4.05663105859775,-0.570738908193823,-2.75812578381363,-1.01517970861167,-1.93094135786478,1.4880745530443,-3.62776407896815,-0.848093726061161,-2.47236517376659,-1.08252999731309,3
2030.94385964912,"ssp534-over",-100,0,-100,-100,-100,-100,-100,0,-100,-100,-100,-100,-100,0,-100,-100,-100,-100,2
2031,"ssp126",-4.91572696607359,2.56697561390973,-7.41473078057701,-2.28579079608777,-6.2306950510665,-3.66622505882189,-6.20929478831347,2.37427513723862,-8.48573810396771,-3.74799459907965,-7.43994488293039,-5.07107313048636,-5.70437458447005,2.45567647220583,-8.07629146378686,-3.17273614036993,-6.9701938065201,-4.51841614481164,3
2031,"ssp534-over",-5.36315122241562,NA,-5.36315122241562,-5.36315122241562,-5.36315122241562,-5.36315122241562,-5.73256759486267,NA,-5.73256759486267,-5.73256759486267,-5.73256759486267,-5.73256759486267,-5.58725234607547,NA,-5.58725234607547,-5.58725234607547,-5.58725234607547,-5.58725234607547,1
2031,"ssp585",-2.99517199098536,2.21213497104991,-5.45301919966133,-1.16393496803145,-3.91079050246232,-1.76624838664738,-3.65745839823065,2.59036634876904,-6.6453585322077,-2.04376939492639,-4.46430289988278,-2.16350833124213,-3.40131985586182,2.43442373496718,-6.18952660370044,-1.69762599460167,-4.25316678649189,-2.00721648194251,3
2031.94035087719,"ssp534-over",-100,0,-100,-100,-100,-100,-100,0,-100,-100,-100,-100,-100,0,-100,-100,-100,-100,2
2032,"ssp126",-3.57190284827517,2.03810565124856,-5.7998948930585,-1.80146700995369,-4.45712076743591,-2.4579068258835,-4.31716978038529,1.30650249186646,-5.7532428623798,-3.19885915999821,-4.87632509057883,-3.59913323938804,-4.02724703646464,1.59313226322466,-5.77159411032151,-2.64909882371482,-4.71632114283955,-3.15507349953621,3
2032,"ssp534-over",-4.49633236445246,NA,-4.49633236445246,-4.49633236445246,-4.49633236445246,-4.49633236445246,-4.68092879782791,NA,-4.68092879782791,-4.68092879782791,-4.68092879782791,-4.68092879782791,-4.60831513302606,NA,-4.60831513302606,-4.60831513302606,-4.60831513302606,-4.60831513302606,1
2032,"ssp585",-2.8126535208508,1.49823214086115,-4.46759195870448,-1.54862545927477,-3.44466755163881,-1.98518430192396,-3.51911077114455,1.97608272242563,-5.79504626848914,-2.23975301287385,-4.15878965027991,-2.38114302247226,-3.24609358513383,1.77005113147739,-5.28755981600237,-2.13937948801207,-3.79945063369471,-2.22536046969956,3
2032.93684210526,"ssp534-over",-100,0,-100,-100,-100,-100,-100,0,-100,-100,-100,-100,-100,0,-100,-100,-100,-100,2
2033,"ssp126",-4.90202414802822,1.56687348394364,-6.64954804482285,-3.62241409099361,-5.54182917654553,-4.02826219963091,-5.81297116915303,2.19543535870541,-7.75769967987662,-3.43225337900742,-7.00333006422583,-4.84060691379123,-5.45869095872501,1.91463823426398,-7.33405275060334,-3.5070558329127,-6.43450852163117,-4.52101006278585,3
2033,"ssp534-over",-2.37002013724551,NA,-2.37002013724551,-2.37002013724551,-2.37002013724551,-2.37002013724551,-2.85370454676383,NA,-2.85370454676383,-2.85370454676383,-2.85370454676383,-2.85370454676383,-2.66344032041658,NA,-2.66344032041658,-2.66344032041658,-2.66344032041658,-2.66344032041658,1
2033,"ssp585",-1.29516179073522,1.43449230271846,-2.94210227962649,-0.318530075623989,-1.78347764829084,-0.47169154628959,-2.16084446240678,1.66966794392504,-3.99490026964922,-0.729063690982884,-2.87673484811872,-1.24381655878555,-1.82417784399002,1.57598925138891,-3.59241506680369,-0.567574382709372,-2.45247957463035,-0.940059232583191,3
2033.93333333333,"ssp534-over",-100,0,-100,-100,-100,-100,-100,0,-100,-100,-100,-100,-100,0,-100,-100,-100,-100,2
2034,"ssp126",-2.35666593383908,1.62908093499166,-3.78180202401563,-0.580779951297238,-3.24460892511,-1.64409788875081,-3.36066019521813,1.29255260546268,-4.56470855031954,-1.99483440283439,-4.04357309141001,-2.75863601766743,-2.96858628830156,1.42780355660946,-4.26540299024555,-1.43851880397022,-3.73362003046724,-2.32017793732957,3
2034,"ssp534-over",-2.01096105410204,NA,-2.01096105410204,-2.01096105410204,-2.01096105410204,-2.01096105410204,-2.54673583485385,NA,-2.54673583485385,-2.54673583485385,-2.54673583485385,-2.54673583485385,-2.33598111100896,NA,-2.33598111100896,-2.33598111100896,-2.33598111100896,-2.33598111100896,1
2034,"ssp585",-2.84681404668308,3.37879108125515,-6.59444116434098,-0.0334807110448578,-4.25348071450219,-0.973000487854126,-4.27398145150322,3.77955824820815,-8.21752627642101,-0.68313485544546,-6.0694047495321,-2.30220903904433,-3.71853406098715,3.62064937693248,-7.59702001903635,-0.427584044327199,-5.36400906931713,-1.77929108196255,3
2034.9298245614,"ssp534-over",-100,0,-100,-100,-100,-100,-100,0,-100,-100,-100,-100,-100,0,-100,-100,-100,-100,2
2035,"ssp126",-4.13759043538088,3.54236677208978,-7.13060700974032,-0.226594379084693,-6.09308846352897,-2.64108214820116,-5.18491944107302,3.57684040551048,-8.08571889179933,-1.18838358492427,-7.1831873691474,-3.73451971570987,-4.77743813116708,3.56451413816422,-7.71001188173466,-0.809997634195075,-6.76115837965308,-3.31115125588329,3
2035,"ssp534-over",-0.345814174916802,NA,-0.345814174916802,-0.345814174916802,-0.345814174916802,-0.345814174916802,-0.346847992992011,NA,-0.346847992992011,-0.346847992992011,-0.346847992992011,-0.346847992992011,-0.346441325767701,NA,-0.346441325767701,-0.346441325767701,-0.346441325767701,-0.346441325767701,1
2035,"ssp585",-2.74921477952348,4.1813773256276,-7.46684999841431,0.49946506385666,-4.37355470121356,-0.390397170078071,-3.65254001497739,4.67469139847717,-8.73554652344244,0.462183915820544,-5.70990198037636,-1.11103676074487,-3.30185747731881,4.47977229848162,-8.25052320171826,0.47684899215719,-5.19121071205681,-0.827524615119089,3
2035.92631578947,"ssp534-over",-100,0,-100,-100,-100,-100,-100,0,-100,-100,-100,-100,-100,0,-100,-100,-100,-100,2
2036,"ssp126",-5.14067078257683,4.2983758769854,-9.3698801355206,-0.776315816277272,-7.32284826572661,-3.02606610610495,-6.64455005331012,4.39893716378834,-11.1175232234216,-2.32358956926805,-8.80503029533116,-4.40806346825438,-6.05743665742836,4.35767755051048,-10.4300626530432,-1.71486299331041,-8.22872348948734,-3.87112365962093,3
2036,"ssp534-over",-0.746967850676544,NA,-0.746967850676544,-0.746967850676544,-0.746967850676544,-0.746967850676544,-0.195554149025754,NA,-0.195554149025754,-0.195554149025754,-0.195554149025754,-0.195554149025754,-0.412460667568169,NA,-0.412460667568169,-0.412460667568169,-0.412460667568169,-0.412460667568169,1
2036,"ssp585",-4.36187758933421,2.8969187479423,-6.73195522220216,-1.13253271880415,-5.97655002459924,-3.17683877290023,-5.5697972470239,2.70378986267766,-7.58222328665287,-2.49643989316161,-7.10647592395505,-4.56358422720942,-5.09981842192037,2.78003069589245,-7.24775810173696,-1.95985317567489,-6.66980104504311,-4.02584858201207,3
2036.92280701754,"ssp534-over",-100,0,-100,-100,-100,-100,-100,0,-100,-100,-100,-100,-100,0,-100,-100,-100,-100,2
2037,"ssp126",-3.06438082937189,1.36335178134703,-4.63818424206537,-2.24453685006314,-3.47430281902626,-2.27747912302515,-3.91737524457833,1.85816792409343,-5.50049239444349,-1.87158658649441,-4.94026957362029,-3.12581666964575,-3.58497904967862,1.56379893213334,-5.17083155265391,-2.04420857694792,-4.35536428604397,-2.79205279819097,3
2037,"ssp534-over",2.04125271438101,NA,2.04125271438101,2.04125271438101,2.04125271438101,2.04125271438101,2.99976372612996,NA,2.99976372612996,2.99976372612996,2.99976372612996,2.99976372612996,2.62271961946267,NA,2.62271961946267,2.62271961946267,2.62271961946267,2.62271961946267,1
2037,"ssp585",-1.81938321730809,3.26177028692537,-5.37110845056132,1.04187393831043,-3.25001179511735,-0.0435206006814742,-2.80171372856412,4.08288728686375,-6.8507730719049,1.31418090953661,-4.85966104761449,-0.777184056893735,-2.42072528504566,3.75167951667686,-6.28509654050122,1.20706504185565,-4.23462044849632,-0.488539657317883,3
2037.91929824561,"ssp534-over",-100,0,-100,-100,-100,-100,-100,0,-100,-100,-100,-100,-100,0,-100,-100,-100,-100,2
2038,"ssp126",-6.33696817812742,3.02080399102893,-8.84771090832362,-2.98460254520418,-8.01315099458904,-5.08159681302931,-7.56864022804795,2.45866841940371,-9.46934722883685,-4.79194199857381,-8.95698934278502,-6.6182867276535,-7.08878063412206,2.68049491258814,-9.22481763213228,-4.08090068806473,-8.59272060715072,-6.02076213511695,3
2038,"ssp534-over",-4.4927792906358,NA,-4.4927792906358,-4.4927792906358,-4.4927792906358,-4.4927792906358,-4.87923013185021,NA,-4.87923013185021,-4.87923013185021,-4.87923013185021,-4.87923013185021,-4.72721412951901,NA,-4.72721412951901,-4.72721412951901,-4.72721412951901,-4.72721412951901,1
2038,"ssp585",-3.50666255727389,3.47153939224326,-7.45830878914684,-0.947783015688961,-4.78610232806635,-1.53083944133741,-4.46580086337552,3.99792223668817,-9.07826279242318,-1.99440808298556,-5.7014972535705,-2.15956989885168,-4.09445936632378,3.78197029454263,-8.45895355951419,-1.78301421630552,-5.25018194133291,-1.91221226972858,3
2038.91578947368,"ssp534-over",-100,0,-100,-100,-100,-100,-100,0,-100,-100,-100,-100,-100,0,-100,-100,-100,-100,2
2039,"ssp126",-3.90286784314643,1.57410214706067,-5.22391173976744,-2.16117530848921,-4.77371411047504,-3.24234589483592,-5.2398923682384,0.942476920282006,-6.27392891673474,-4.42903900836466,-5.64531904817526,-4.72287409399022,-4.71778582503882,1.16806518143951,-5.87250682012355,-3.53681880357195,-5.30826933577226,-4.14042532749646,3
2039,"ssp534-over",-5.75392001112475,NA,-5.75392001112475,-5.75392001112475,-5.75392001112475,-5.75392001112475,-5.99355289358549,NA,-5.99355289358549,-5.99355289358549,-5.99355289358549,-5.99355289358549,-5.89928984914674,NA,-5.89928984914674,-5.89928984914674,-5.89928984914674,-5.89928984914674,1
2039,"ssp585",-4.71556489755818,4.05489541616798,-7.87098540046338,-0.142079633951928,-7.0023075293613,-3.13785464610558,-5.81349370604163,4.25896734366917,-8.81420486176824,-0.938882320690719,-8.25079939871708,-4.31313812817832,-5.38732338084636,4.17880125511663,-8.44317590662876,-0.625405167552949,-7.76828248749306,-3.85939711795515,3
2040,"ssp126",-3.48302166210566,1.34236032006428,-4.92580057996719,-2.27099692670793,-4.08903402980453,-2.76163220317489,-4.48880093302772,1.18316198859678,-5.85492463457039,-3.79341774617648,-4.83649252645334,-3.80573908225638,-4.09656214696888,1.23160264946014,-5.49972003964372,-3.19446878138573,-4.54760882976046,-3.39498320063146,3
2040,"ssp534-over",-3.83762233286819,1.85674330393312,-5.28635879886514,-1.74454387276959,-4.88416156291749,-3.11325409986972,-4.84992037546977,1.65712756045696,-6.49152196332245,-3.17769141563881,-5.68603485538525,-4.02911958154343,-4.45613697785741,1.72411059920867,-6.0307874774045,-2.61386423578354,-5.37727334889435,-3.66881172808387,3
2040,"ssp585",-3.57697822707492,2.21819719848095,-5.55606388796817,-1.17931119348293,-4.77581174387091,-2.58743539662829,-4.47911478204612,2.37530013687821,-6.7915716240749,-2.0456008582684,-5.69587174393499,-3.32288636103174,-4.12878717995165,2.31607370536709,-6.31923639310299,-1.70478622193593,-5.34078765895951,-3.03356257337597,3
2041,"ssp126",-4.85196514399192,2.75473275964727,-8.02445180809292,-3.0655997200828,-5.74514785594648,-3.26572181194142,-6.17092762118265,2.73501001729295,-9.20176415031225,-3.88687274223948,-7.31295506065424,-4.65550935661786,-5.6563938602893,2.70845669152656,-8.75167704778988,-3.72125498686189,-6.623963297003,-4.108752266539,3
2041,"ssp534-over",-4.87132731435884,3.64436953837999,-8.72441817243284,-1.47962064441969,-6.56718064932842,-2.94478188532184,-5.94348049459917,4.74442503710209,-10.2059998264605,-0.831823935331572,-8.49930877423296,-3.81222082866849,-5.52715442095846,4.28590098370389,-9.63959041249433,-1.08664409752718,-7.7474095826741,-3.47093642519052,3
2041,"ssp585",-5.33529097311833,2.80645503305748,-7.80735568956111,-2.28463416866497,-6.86061937534502,-4.09925861489694,-6.84528839629512,2.18700431172197,-9.15650396510553,-4.80837487302472,-7.86374515793032,-5.68968061188991,-6.25623901834938,2.41311006048685,-8.64072389856166,-3.81548784537346,-7.47661460483734,-5.06399657824324,3
2042,"ssp126",-2.45298585593653,1.24020949503544,-3.71109231652538,-1.23148373169047,-3.06373691805956,-1.82393262564211,-3.19852038189486,1.35722024541946,-4.73513192155699,-2.16344593566167,-3.71605760501145,-2.43021461206379,-2.90900369044292,1.2444741155463,-4.34364106380553,-2.12042821827294,-3.3032914265279,-2.19168500376161,3
2042,"ssp534-over",-4.09441734484283,2.8512165934524,-7.07780549937483,-1.39691134097843,-5.44317034677502,-2.60272326757682,-4.85007830325056,3.66752393085791,-8.12012880473444,-0.884643416473743,-6.83279574663897,-3.21505305250862,-4.5566407417388,3.32827936951181,-7.72164807912132,-1.08615137997303,-6.29188542262168,-2.97413707304754,3
2042,"ssp585",-3.94032910480847,3.69273090896823,-7.7496041971219,-0.376375729956165,-5.72230579223463,-2.03569155865176,-5.1362574121218,3.64120355200337,-9.13184420249382,-2.00496149926086,-6.70190536855227,-3.13846401693579,-4.67088991532733,3.65994275487338,-8.60341315093823,-1.36424524779861,-6.32421224909169,-2.70462829752189,3
2043,"ssp126",-4.1299347054246,2.8877926976384,-5.92209749484064,-0.798599511477557,-5.79560230239812,-3.23385331071658,-4.86802643432568,2.97643255300799,-6.72166434687611,-1.43478161450045,-6.58464884423829,-3.94120747805046,-4.58054706737855,2.94387575126706,-6.40714321383622,-1.18449561791444,-6.27857279211061,-3.66724899414972,3
2043,"ssp534-over",-2.50372097446774,3.08555736815707,-5.42913706041855,0.720270638871502,-4.11571678113736,-1.04101293149233,-3.35288133093421,4.14936559631174,-6.61373424613629,1.31767070810571,-5.68815735045416,-1.72245487333316,-3.02318508599417,3.71755837947811,-6.16086214426842,1.08267478978403,-5.07611502388327,-1.45434655685705,3
2043,"ssp585",-3.92728548136689,2.48110270812453,-6.79150984638026,-2.44008483899117,-4.67088580255475,-2.49517329886021,-5.11450692480816,3.01700934206608,-8.44769653617107,-2.57056918096581,-6.38647579672933,-3.4479121191267,-4.65357204911978,2.79294044522454,-7.81453552892397,-2.51924128639721,-5.72073743048107,-3.07309030921768,3
2044,"ssp126",-2.79242786999604,1.79672195774584,-4.49641016056974,-0.915476696949835,-3.73090345651914,-1.94043672470918,-3.603572478769,2.76026866903815,-5.55987762290868,-0.446260490196296,-5.18222847305535,-2.62541990669916,-3.28838574930405,2.36313281741552,-5.15331347541267,-0.630833440679568,-4.61716190361629,-2.35592188624974,3
2044,"ssp534-over",-4.77664837801332,3.24715684933053,-8.37525749456972,-2.06545735540305,-6.13224388931846,-2.97734381973512,-5.95004812166268,3.53818141885038,-10.0355269744749,-3.88795255628137,-6.98109590435334,-3.90730869525656,-5.49456440643704,3.4031315234226,-9.40080511450684,-3.17094868984501,-6.65637226473306,-3.54144405240214,3
2044,"ssp585",-6.27023384297744,3.18492607752899,-8.80625123668037,-2.69566581381923,-8.05751785755654,-5.00222514612597,-7.90702804921638,2.56051842892733,-10.0099584118407,-5.05569688890993,-9.3326936293696,-6.85556286790424,-7.2680950652534,2.80819223202383,-9.53646286407517,-4.12721630639071,-8.83853444468474,-6.13391116584251,3
2045,"ssp126",-5.18579794959003,2.39162318179628,-7.1524354309739,-2.52345740846862,-6.51696822015074,-4.2024792088981,-6.59256832051208,2.00977535075185,-8.14799385860231,-4.32331758444023,-7.72719368854801,-5.81485555146697,-6.04441725765229,2.1617402893866,-7.75637661750737,-3.61521876223509,-7.25901650536089,-5.18843757772475,3
2045,"ssp534-over",-4.61505097365503,3.40226208927582,-8.48339051181085,-2.08729107891903,-5.87893092102303,-2.68088120457712,-6.16560513453778,3.50999423343787,-10.2127796547735,-3.95401968072303,-7.27139786144515,-4.14201787441993,-5.56200959019077,3.45718182365287,-9.55163331273959,-3.44768590459524,-6.61917143298854,-3.56719772891636,3
2045,"ssp585",-4.56041359049195,2.05998642523458,-6.81595811820217,-2.77847526607722,-5.45138275269931,-3.43264132663684,-5.66353055284285,2.20959117566766,-8.21422363900018,-4.33558411660552,-6.32750377096152,-4.38818400976419,-5.23473213243524,2.13704409451285,-7.67966602481045,-3.72298822842265,-5.99060408444153,-4.01226518624763,3
2046,"ssp126",-5.18265263477222,3.19228123279791,-8.22614807606762,-1.85992987449063,-6.84401401491301,-3.66090491412451,-5.99123394733336,3.27967666201384,-9.53158989207025,-3.05671545527884,-7.45849319336062,-4.22105597496491,-5.67795956844576,3.23132585286599,-9.03251882706423,-2.58587751380888,-7.2240005957642,-4.00067993913652,3
2046,"ssp534-over",-7.22184068612242,3.36145668609843,-9.95130588653299,-3.46714870502243,-9.09918667667242,-5.85710808591714,-8.9004631970081,2.75603864137055,-11.1793386941276,-5.83728070337457,-10.4320544438249,-7.76102544844837,-8.2454120840068,2.99648524503087,-10.6962743086149,-4.90482622779404,-9.91570501211318,-7.01998097170276,3
2046,"ssp585",-4.67603520112917,3.72292265177468,-8.55542054852259,-1.13230697111866,-6.44789931613442,-2.73634252743245,-6.31917085430586,3.60174053987268,-10.3293148318294,-3.35932461148647,-7.79909397571554,-4.3140988655441,-5.67932146520385,3.64640240560049,-9.65115415218384,-2.48317401421952,-7.27739519069602,-3.69340512171386,3
2047,"ssp126",-4.59716863526863,2.42109024765931,-6.49545950612644,-1.87065244095895,-5.96042673242347,-3.64802319983973,-6.06051056746339,2.2182602381007,-7.3745690585144,-3.49937623147909,-7.34107773545555,-5.40348132193789,-5.49179587550613,2.29103249031812,-7.02875865907204,-2.85860567987652,-6.80839097332094,-4.72331448372318,3
2047,"ssp534-over",-4.08597900837874,2.37343478158533,-6.70225051636793,-2.07106520591206,-5.09343590961209,-2.77784325438415,-5.22568061633433,2.42712402316794,-8.0241532868912,-3.69474743998255,-5.99114720451023,-3.8264442810559,-4.78220349259109,2.37822444992718,-7.51878919066546,-3.21572998846231,-5.56544024465548,-3.4139106435539,3
2047,"ssp585",-4.28800919441631,2.62709239764972,-7.21309520855748,-2.12939268318416,-5.36731745003238,-2.82546618734572,-5.79626459586245,2.93407324000479,-9.10569156091505,-3.51341446423081,-6.93768966167826,-4.14155111333615,-5.2099025709208,2.74933720852378,-8.38215102037233,-3.51661063936326,-6.05654853669957,-3.62377834619504,3
2048,"ssp126",-2.98580295604296,2.23556870184098,-5.25118456192661,-0.781290313687523,-4.08805927722067,-1.85311215310113,-4.19239630040761,2.10060476519378,-6.56856945056917,-2.5825381640602,-4.99732536858132,-3.00430972532683,-3.72259124357066,2.13868304429955,-6.06493254286621,-1.87389340466387,-4.64694016302406,-2.55142059392288,3
2048,"ssp534-over",-4.89888653805741,1.88473544998174,-7.06515592345598,-3.63496072601997,-5.53084944407613,-3.81575184535813,-6.06532675182293,2.49439687959045,-8.62212577271315,-3.63840651105046,-7.27878687220916,-4.78692724137782,-5.61219759171401,2.22768654931717,-8.02689541366857,-3.63705106189791,-6.59977085662206,-4.40484868073673,3
2048,"ssp585",-4.82252463343107,1.32616693664234,-5.75961147685409,-3.30511519083989,-5.58122935472666,-4.35398121171957,-6.16229052746385,0.821823643758513,-7.02885451267744,-5.3940544393625,-6.54640857151453,-5.72900853485706,-5.6412209554513,0.719913038180031,-6.40723110899251,-4.97858019418132,-5.97254133608628,-5.25821587868069,3
2049,"ssp126",-4.56437672899986,2.90363091686867,-7.17634609148387,-1.43787439102412,-6.12762789798773,-3.25839204775786,-5.96040555823269,2.67070198711317,-8.81642523011763,-3.52491727124279,-7.17814970172764,-4.53239572229022,-5.41726822868741,2.74326478522143,-8.18942214780601,-2.70383537549125,-6.77398465528549,-4.03119126912811,3
2049,"ssp534-over",-4.20623518235437,1.90379428385488,-6.33259941990015,-2.65997540708796,-4.97936506998757,-3.14305306358148,-5.78972358804392,2.73373657017005,-8.06926851171792,-2.75890066659481,-7.30513504876847,-4.64995112620691,-5.17318754476905,2.35048462499042,-7.40533904156311,-2.7199869914879,-6.39978782140962,-4.05711179637202,3
2049,"ssp585",-3.92877041028875,3.14712999471794,-7.30770084584904,-1.08105261323816,-5.35262930881404,-2.23930519250861,-5.25756548363212,3.4028279305273,-9.1606868879008,-2.91425179499806,-6.42922232794916,-3.30600478149779,-4.741665315873,3.28743608688448,-8.45228938897602,-2.19303678129796,-6.01597958316052,-2.88635327932149,3
2050,"ssp126",-3.42902169249309,4.17003457797662,-8.17996931671217,-0.374901517786629,-4.95608177984632,-1.05354788038356,-4.27411805125996,4.79944932789927,-9.81501959281567,-1.41135568228359,-5.70549923574815,-1.50366728048211,-3.94769509698334,4.54481656338583,-9.18993904718702,-1.11558409434487,-5.36375059830257,-1.3265731218815,3
2050,"ssp534-over",-4.98532614588644,2.17260419391068,-7.00020636278182,-2.68351272688611,-6.13623285538661,-3.97788603743875,-6.36898086963248,1.99765553253768,-8.2025837142783,-4.240134447007,-7.43340408094521,-5.45217944730956,-5.82980565483237,2.06757886433088,-7.72961127179715,-3.62773020508218,-6.93084337970746,-4.87990284634998,3
2050,"ssp585",-3.88362311625266,5.9121429367387,-10.7044979026489,-0.227860498795396,-5.7115044249813,-0.473185723054565,-5.26775311218605,6.57664246795825,-12.8442711139582,-1.03283162354313,-7.38521385650751,-1.47949411129998,-4.73114626292699,6.32013898185699,-12.0262347355085,-0.909189060105359,-6.6421248643378,-1.08360202663621,3
2051,"ssp126",-4.40058231226213,3.06766995990743,-6.24866096293122,-0.85947345047573,-6.17113674315533,-3.47654298692758,-5.41353956529693,2.76619830101505,-7.31119825279586,-2.23962108403894,-7.00049880592592,-4.46471022154747,-5.01897181966124,2.88599217818224,-6.90498971070615,-1.69664506465578,-6.68013519716397,-4.07596287413878,3
2051,"ssp534-over",-5.50152821804399,2.25326119413535,-7.35870251648484,-2.99485243762939,-6.75486610825129,-4.57294106882357,-6.97656048088098,2.30235649851927,-9.51876577238156,-5.03185584717804,-7.94891279773245,-5.7054578351307,-6.40426460348268,2.23347390028746,-8.69297249964745,-4.23046041969677,-7.49116669537563,-5.25991065540029,3
2051,"ssp585",-4.98209405047184,3.66749507359671,-9.07838312457734,-2.00344858333945,-6.47141678403804,-2.93394951341909,-6.55492710874569,4.34242977317503,-11.0202531412792,-2.34682897526029,-8.65897617548839,-4.32226409247892,-5.9433480065352,4.06672105679108,-10.2778752539933,-2.21175535426702,-7.80914433266929,-3.77608438280613,3
2052,"ssp126",-3.05555557990738,2.97086651631463,-6.30537193495417,-0.479296730122588,-4.34368500479977,-1.43064740238398,-3.56512159973518,2.91496907806846,-6.6978765911627,-0.932709700796184,-4.88132754920468,-1.99874410402142,-3.36718631764928,2.93541493717843,-6.54347923354355,-0.754328516083775,-4.67361521843203,-1.77903985970214,3
2052,"ssp534-over",-7.72209980711283,3.07255824577813,-10.1579948160167,-4.27022620654734,-9.44803660739558,-6.50415230266091,-9.69771546617577,2.98075718221052,-12.3769610601987,-6.48695780911781,-11.3030942947047,-8.35809266916432,-8.9287218758838,3.02084870846455,-11.5286491453196,-5.61485393244988,-10.5856558476008,-7.62875824116588,3
2052,"ssp585",-6.71383613739039,3.85991060740869,-9.0847285845552,-2.25989459483188,-8.94080690866965,-5.52838991380799,-8.52132137205489,3.46131479902186,-11.2068509847618,-4.61503395757341,-10.4744650792956,-7.17855656570145,-7.81810463853126,3.61291673519856,-10.3955625203036,-3.68847786663373,-9.88291802448003,-6.52937569764508,3
2053,"ssp126",-3.17406350194683,2.77805067341106,-6.21863423905299,-0.776845385059756,-4.37267256039037,-1.65177813339375,-3.98685097314882,3.95542678620377,-7.75500883166972,0.13243282948872,-6.04649287446759,-2.10277204388837,-3.67276257091013,3.4714460246731,-7.16765204963149,-0.225244847568851,-5.39652143258077,-1.92531783154944,3
2053,"ssp534-over",-6.5058440270299,4.37763483687385,-10.305784592155,-1.71900250709825,-8.89926478699573,-4.60587374446735,-8.56585052323782,3.86926300209234,-11.9208649629726,-4.33313200853806,-10.6822097805877,-6.88834330337042,-7.76266442420569,4.07177542785659,-11.2855498459353,-3.30468432922763,-9.99165447169472,-6.00122171334086,3
2053,"ssp585",-6.83517270906542,3.01956635271567,-8.72837151107919,-3.3529018623675,-8.57630813241438,-5.88857330805854,-9.05209573814075,2.47557546571878,-10.7979001498278,-6.21893867550709,-10.4686742694576,-8.17919353229722,-8.18761752547628,2.69507336680803,-10.0067183069147,-5.09138592509125,-9.73573332566879,-7.27806713475705,3
2054,"ssp126",-3.9359559726719,3.31578836345145,-7.25151573607821,-0.619939056446589,-5.59396443078456,-2.27817609096874,-5.17751993743224,3.44370700605555,-8.8232031614801,-1.97959166778338,-6.77648407225667,-3.35467832540831,-4.69490454952047,3.39732698766321,-8.22234626564866,-1.44467877535494,-6.32001743660324,-2.93118369145638,3
2054,"ssp534-over",-5.15475080690605,2.65044020613303,-8.07657357625732,-2.90513981866652,-6.27955630102581,-3.69383942223041,-6.67706535619474,2.76518818629021,-9.82834578534741,-4.65607196914907,-7.68756204971757,-5.10142514161841,-6.08465358425873,2.66245515930807,-9.15864238583811,-4.50750807950423,-6.87322633663598,-4.54765918346904,3
2054,"ssp585",-6.00861414388552,2.94432441389346,-9.25724598832664,-3.5160588487318,-7.25489179146238,-4.38429822166496,-7.84290472549469,2.93475662830953,-11.2315420516966,-6.12310526550345,-8.70280445549031,-6.14858606239374,-7.12859397683572,2.92150547565931,-10.4767676704068,-5.09744420483043,-8.14416886283837,-5.45450713005021,3
2055,"ssp126",-3.0326707813782,2.67534124440423,-6.06058794899972,-0.988392488780801,-4.0548099276769,-1.51871219756745,-4.10204452551651,3.15337654703778,-7.74324920776761,-2.27920748700363,-5.01346304477294,-2.28144218439096,-3.68757307470068,2.96248080681865,-7.09996695944104,-1.77408765626685,-4.6443157839176,-1.9813761323305,3
2055,"ssp534-over",-4.91948680054553,4.23470003299626,-9.23235590540842,-0.767543683186864,-6.99545835922487,-2.76305224811409,-6.31224454001993,4.20181460956913,-10.9713611418719,-2.81020153516422,-8.06326604244778,-3.98268623909395,-5.77075958146047,4.20343283992423,-10.3065385624402,-2.00658154375435,-7.65284860031353,-3.50287009097062,3
2055,"ssp585",-3.62670203716217,2.73145090138978,-6.70769329459092,-1.50187458453368,-4.68911576347642,-2.0862064084478,-5.61675525292471,2.74886377314839,-8.77608939243717,-3.77212046907695,-6.53907264484859,-4.03708818316848,-4.84151656505396,2.72351049561056,-7.98534052048256,-3.20041193848305,-5.66206887833942,-3.26960458733966,3
2056,"ssp126",-3.18656711051913,3.133101066437,-5.7213146072131,0.316340944992786,-4.93802113827509,-1.91919336217215,-4.29518091111489,3.10287979025131,-6.45821987017922,-0.740038614957804,-6.07275205919344,-3.21366143158273,-3.86472457039573,3.11204392460961,-6.16834757537218,-0.324439041063791,-5.6348673350617,-2.71291306790751,3
2056,"ssp534-over",-3.94987412154949,3.90767077441298,-8.23910802198301,-0.5921020733629,-5.62876014564278,-1.80525717133273,-5.59564131338164,4.76690934412005,-10.1279164980818,-0.624455489914001,-8.08123422511546,-3.32950372103154,-4.95516626126833,4.39802796707099,-9.40582406454426,-0.611728807704178,-7.12688498805041,-2.72983735963036,3
2056,"ssp585",-6.35819521426801,2.32112037258709,-8.45144066284385,-3.86197171630093,-7.60630696325155,-5.31157248998009,-8.07132366624597,1.25681828123578,-8.8104767467893,-6.62015952679847,-8.79690573596972,-7.70174712597431,-7.40484757100669,1.65248587385517,-8.66924473393476,-5.53503660108031,-8.33975305596988,-6.77264898954265,3
2057,"ssp126",-5.15383971742756,2.95574010018826,-6.99621405114553,-1.7445524419106,-6.85848335518604,-4.23265255056857,-6.42398879817484,2.8230269290093,-8.24507806750751,-3.17203295512312,-8.0499667197007,-5.51344416350851,-5.92995314400955,2.87570375908167,-7.66232769472108,-2.61043529124851,-7.58971207039007,-5.06376586865378,3
2057,"ssp534-over",-6.63045992791002,3.249221602383,-9.69972042770953,-3.22709454170276,-8.33214262101365,-5.09582967801026,-8.59956665440784,3.04127436759976,-11.9396621997088,-5.99027924768369,-9.90421035776992,-6.92951888175736,-7.833200894835,3.10248173755103,-11.0833313299606,-4.90319044936405,-9.29820611757048,-6.20813567727219,3
2057,"ssp585",-4.61403799969351,3.91787832362026,-8.72620788266261,-0.924761489869541,-6.4586762546055,-2.55795305820897,-6.39632534262395,4.94431496148322,-10.8625678542853,-1.08330817806219,-9.05283392490484,-4.16320408679328,-5.70306043517034,4.52200694214176,-10.0458363590902,-1.02094155558012,-8.04411987496545,-3.53167247321039,3
2058,"ssp126",-4.70619850485055,2.04484042336349,-6.77332074380567,-2.68439318785183,-5.71710116334991,-3.67263738537298,-5.97911814533929,1.95814825860859,-8.199644077808,-4.49967630631108,-6.7188390648534,-4.86885517910494,-5.48362419158888,1.97725278373446,-7.6543599474718,-3.7855098086519,-6.33268138305737,-4.39825631364742,3
2058,"ssp534-over",-5.35088059245453,2.99095156179155,-8.66945646292847,-2.86329205422709,-6.59467486156826,-3.69159265721756,-7.11936820942873,3.11619930838345,-10.7100262262881,-5.12135870355963,-8.11837296236327,-5.32403920099906,-6.43118539701113,3.0367778226007,-9.92991537604936,-4.47887720318652,-7.40733949392343,-4.68182040749201,3
2058,"ssp585",-5.72184500747295,2.91423256098473,-8.85841577380258,-3.09800560373014,-7.03376470934435,-4.15355962430813,-7.771430338276,2.84595977977984,-11.0527662255631,-5.97547825434222,-8.6694063802429,-6.13076239463243,-6.97323131809624,2.82478087075718,-10.2138649405484,-5.03181131228898,-7.94394132099988,-5.35291450687018,3
2059,"ssp126",-4.35860644283976,1.62234304952563,-6.17208003520052,-3.04507471342922,-5.01537230754503,-3.45186964665938,-5.7247303300277,1.97447911981814,-7.70601504447369,-3.75712791485719,-6.70853153761296,-4.7340879728047,-5.19296933921855,1.83039625462624,-7.11959091637876,-3.4770315362646,-6.05093824069553,-4.22965855063845,3
2059,"ssp534-over",-4.54327415905057,3.69984269267966,-7.3924452610339,-0.361787453811192,-6.63401751167026,-3.1186886080589,-6.22700471049844,3.40323073197843,-8.66296859766165,-2.33852854853516,-8.17124279148009,-5.00902276691684,-5.5713020322692,3.52235897406134,-8.16318995079491,-1.56084144835643,-7.57653232422558,-4.27535807300634,3
2059,"ssp585",-7.48321028386206,4.32270002441418,-11.4895144284265,-2.90170974269424,-9.77396055444597,-5.48005821157984,-9.41606350965978,4.18746079537952,-13.9418763584131,-5.67918576385753,-11.2845023825609,-7.15315708528314,-8.66474172537019,4.21501153822749,-13.0043371550755,-4.58647449353506,-10.7038753412878,-6.49494401051752,3
2060,"ssp126",-7.78205055256825,6.7704996390704,-14.3914935128757,-0.861238202637603,-11.2424567275336,-4.4773290724145,-9.32096661626946,6.64761012411611,-15.784897897349,-2.50376532693868,-12.7295672609349,-6.08900097572968,-8.72141203822519,6.69641289144995,-15.2367822211281,-1.8575642843884,-12.1533359151436,-5.46372694677375,3
2060,"ssp534-over",-5.48088255233995,4.3029371472756,-8.95290662126621,-0.666875270641717,-7.88788619318906,-3.74487051787681,-6.8225839827134,3.60640894698824,-8.98212815136434,-2.65923244738442,-8.9042597503779,-5.74281189838794,-6.3021592121068,3.8606020934016,-8.97063344178224,-1.87540168702999,-8.51553797464521,-4.96792209726908,3
2060,"ssp585",-7.32365603931512,5.2288260568991,-12.4318801184158,-1.98204386495237,-9.99446212649649,-4.7695439997648,-9.5026523165605,5.14097337631487,-15.0111721092162,-4.83220753186234,-11.8378747089096,-6.74839242023266,-8.65497341464836,5.17028690297438,-14.0251074795784,-3.71089957551435,-11.1270103342154,-5.96990638218333,3
2061,"ssp126",-4.04008714120891,3.38833515081187,-7.19178765271387,-0.456525997763223,-5.83186771293175,-2.46423688545643,-5.36408453726967,3.20230843801896,-8.83800221142238,-2.52999246894264,-6.78113057143318,-3.62712570019332,-4.84930468242354,3.25300554761426,-8.20865355492014,-1.71425178768032,-6.41683112979515,-3.16963024617525,3
2061,"ssp534-over",-6.74819444517865,3.12077898785243,-8.9311337020985,-3.17371381362794,-8.535434760954,-5.65672481671872,-8.59257856211083,2.5220102175196,-11.1713598076963,-6.13145802042224,-9.82313883295513,-7.30318793931809,-7.87527175745122,2.70406737994475,-10.3149202370699,-4.9678258576713,-9.32899470734118,-6.65544751764186,3
2061,"ssp585",-5.84096365177549,5.41565802500974,-11.0116578863971,-0.209751683081702,-8.65656963612239,-3.25561653446466,-7.81407630455301,5.30844513441293,-13.5944437865666,-3.1575110717013,-10.1423589209789,-4.92389256354622,-7.0473958062908,5.32297791311053,-12.607043433614,-1.99780712408831,-9.57219014739205,-4.26757199262922,3
2062,"ssp126",-5.20676171532113,2.45743846381759,-6.9439719212791,-2.39507160939278,-6.61260676828531,-4.33815661234215,-6.74143677467705,2.28044059613868,-8.51083276255728,-4.16785225670036,-8.0282290336654,-5.85673878073694,-6.14349662627324,2.35488633620418,-7.91182107227189,-3.47040703004049,-7.48004142438962,-5.25933440327392,3
2062,"ssp534-over",-5.95928727531786,4.74411909725692,-9.24110701536123,-0.519836842875655,-8.67901249153897,-4.31837740529618,-7.77860703466044,4.38957436591412,-11.5402658749465,-2.95570263402087,-10.1900592349802,-5.89777761451742,-7.07138646082967,4.51859722978725,-10.6612962827322,-1.99738724886678,-9.60838606681111,-5.27643154987839,3
2062,"ssp585",-6.72721451069219,4.47989036365201,-10.050118135337,-1.63237496956111,-9.27463428125773,-5.0657626983698,-8.88769309630684,3.92584711316847,-12.5793815284993,-4.76350453712167,-10.9497873758994,-7.0418488802106,-8.04710879668195,4.12332452648276,-11.6124428569839,-3.53165931460905,-10.3048335377184,-6.26444176653098,3
2063,"ssp126",-7.00214319490145,5.26214555340398,-10.9513590012441,-1.02841704999117,-9.98900626735659,-5.02753529173012,-8.41391648409749,5.20669866480587,-11.8794622375688,-2.42647494117419,-11.4076372555591,-6.68114360736183,-7.86559069359946,5.2278421964452,-11.5143794671617,-1.87645268981409,-10.8601596954922,-6.04119630681836,3
2063,"ssp534-over",-5.58997708344623,2.98513258929992,-8.56005116034815,-2.59001048921161,-7.08996038056354,-4.10494004499527,-6.98645401877877,3.18741256379969,-10.6662827617204,-5.08535003353537,-7.93700601140047,-5.14653964730796,-6.44485217041096,3.02551308088637,-9.86106935767536,-4.10363655605163,-7.61545997759062,-4.73674357677875,3
2063,"ssp585",-7.21109124186091,5.33467579653225,-11.6038064809317,-1.27483984369576,-10.1792169409435,-5.01473362232552,-9.45063166029867,5.20565356855464,-14.284795328254,-3.93968892133982,-12.2061030297781,-7.03354982632098,-8.57951526337442,5.25724903576657,-13.25985193905,-2.89128720745913,-11.4236292913321,-6.23934692553665,3
2064,"ssp126",-6.01753334195475,3.52793867165306,-8.16269124982337,-1.94577542809213,-8.05341229888607,-4.94495438802045,-7.04441672489987,2.78020788746672,-9.55846536183948,-4.05845473090248,-8.53739772189856,-5.78739240643006,-6.64639265210431,3.01833711245567,-8.94130541830957,-3.22728698465818,-8.35594548582737,-5.49893626900167,3
2064,"ssp534-over",-5.93597356340676,3.79729245649316,-10.3027626360134,-3.40936641564809,-7.1992771372861,-3.75257902710342,-7.60333101489538,4.37639887685854,-12.5617750373717,-4.2795725708462,-9.26521023691997,-5.1241090036572,-6.95573670623386,4.12434285766109,-11.6981534563962,-4.20727969513853,-8.32996521178153,-4.58452833115267,3
2064,"ssp585",-6.87854602439258,4.93877037086443,-12.3946171470264,-2.86704634166557,-8.88429586575608,-4.12051046307567,-9.23125454351775,5.04303378624195,-15.0544483711137,-6.319595467134,-10.6870840817096,-6.31965762971977,-8.31552953098248,4.97992812471418,-14.0375935519489,-4.96137316266397,-9.99260771514173,-5.45449752049927,3
2065,"ssp126",-4.39982806712764,2.48018805618435,-7.25670000261664,-2.79805758983307,-5.20071330577492,-2.97139209938313,-5.90000189528948,3.04308825254452,-8.94809148148463,-2.86193975794814,-7.41903296396015,-4.3759571021919,-5.31607493409588,2.76726530595927,-8.30147166560839,-2.83681078737432,-6.55570700745666,-3.82337656833962,3
2065,"ssp534-over",-6.74175444269693,4.73807665514725,-11.107997825834,-1.70358293904803,-9.26084019452139,-4.55863275112839,-8.75944454455485,4.50988771572158,-13.4679384486174,-4.47863301406514,-10.8998503097997,-6.40519759252357,-7.97441015113172,4.5894290728829,-12.565731957661,-3.38687615655306,-10.2681771484211,-5.67874924786708,3
2065,"ssp585",-8.96070238535241,5.19473651270287,-14.3053468481743,-3.93012463111767,-11.4759912624698,-6.28838015394147,-11.1749057685356,4.16894411538714,-15.5039983521739,-7.18708958749633,-13.1688138590552,-9.01035947671638,-10.3119234861083,4.57149136567399,-15.0324915254487,-5.90573835790419,-12.5150160502103,-7.95163946643807,3
2066,"ssp126",-5.59131357136167,4.48182208529671,-9.50931426414321,-0.704228162549412,-8.0348562757678,-3.6323132249709,-6.82973248586613,4.75916370204516,-10.7230419259908,-1.52432124806671,-9.48243810476584,-4.88307776580381,-6.34876878118238,4.64978330964218,-10.2456046755165,-1.20168121429859,-8.92231256462428,-4.4003508340153,3
2066,"ssp534-over",-4.55950799523868,4.08231624236646,-9.03427724936806,-1.03852062806596,-6.32000167882504,-2.32212336817399,-6.10265431091351,4.2610265706658,-11.0228614724404,-3.638243565832,-7.33485968345427,-3.64255073015006,-5.5029220218361,4.15252509809285,-10.2626247204863,-2.62068898928851,-6.9440385381099,-3.123070672511,3
2066,"ssp585",-7.64491333954411,2.61210208067699,-10.0274912756438,-4.85188498455102,-9.04142751704066,-6.45362437149429,-10.4417592285612,2.1151867107184,-12.8803843154429,-9.10477941939537,-11.1102491331441,-9.22244668512037,-9.3520196148663,2.18381793510709,-11.7897218667092,-7.57436031773083,-10.240849263434,-8.13316848894487,3
2067,"ssp126",-7.79456164224578,5.10835063719836,-13.029056148183,-2.82246902640307,-10.2806079501671,-5.17731438927717,-9.56541106965997,5.17646115560301,-14.8551116829464,-4.51015609536965,-12.0930385568051,-6.92056076301678,-8.87542528050026,5.14923525827599,-14.1368064476487,-3.84618828179159,-11.3900437798546,-6.24473469692604,3
2067,"ssp534-over",-8.56404941450589,4.45807252086516,-11.5329739973642,-3.43767475218315,-11.1272367456673,-7.07958712307672,-10.6934409950885,3.73682530205862,-13.7916549324076,-6.5434368471739,-12.7684430690457,-9.1443340264289,-9.86408777800006,4.01302802015534,-12.9281600711716,-5.32157166516044,-12.1353458344199,-8.33205163141432,3
2067,"ssp585",-9.62688758647581,5.9394664432479,-13.9937902065443,-2.86360191692625,-13.0085304212506,-7.44343627644156,-12.0175046954394,5.85816482041864,-17.135979254745,-5.62825322488646,-15.2121304307159,-9.45826741578664,-11.0886591873697,5.88465728382701,-15.9347187960157,-4.54058743778289,-14.3626950621631,-8.66562938304667,3
2068,"ssp126",-6.78105106461364,6.11240396010107,-13.7486722586388,-2.32221567617886,-9.01046875883103,-3.29724046760106,-7.99904677317143,5.7079803423313,-14.5136310700835,-3.8750463881905,-10.0610469656619,-4.74175462471537,-7.52483031727807,5.86398902492553,-14.2127235080805,-3.26413360010915,-9.65517867586253,-4.18088372187686,3
2068,"ssp534-over",-5.75536329744994,3.23912512275232,-9.49553205330185,-3.8684023334611,-6.69884377944436,-3.88527891952398,-7.53728103243045,3.83904245349354,-11.68981072657,-4.11728264994794,-9.24728022367171,-5.46101618536069,-6.84437782599583,3.56575437860027,-10.8509368825091,-4.01938199419477,-8.25687574189636,-4.8410982977392,3
2068,"ssp585",-8.95979005673011,3.75491348692539,-11.4549072632653,-4.64137361101309,-11.1189982795886,-7.7122314534625,-11.8356545787964,2.96311111992484,-14.4369062539673,-8.6101534723071,-13.448405132041,-10.5350287412109,-10.7153174052198,3.262310038136,-13.2968865350543,-7.04876088032049,-12.5485956676694,-9.42453284030251,3
2069,"ssp126",-3.61878601690026,2.45507365571504,-6.36377929626199,-1.63298229493497,-4.6116878778829,-2.24628937721939,-4.63412916612205,2.83744747027345,-7.90322759805574,-2.8102265020543,-5.54608049815592,-2.9995799501552,-4.24037853688522,2.66543682183991,-7.31469573544811,-2.57679298958479,-5.07217131053543,-2.70321993760378,3
2069,"ssp534-over",-6.75789152037481,3.74151010516901,-10.399562718263,-2.92395606500638,-8.67485924805903,-4.93705592143074,-8.63643516542906,3.41205368758864,-11.8097436619543,-5.02748141996089,-10.4409120381631,-7.04978091716644,-7.90527041618353,3.54097362859366,-11.2550286846238,-4.19991500885461,-9.757948119848,-6.23039128196339,3
2069,"ssp585",-8.92925360023461,5.5162500032526,-13.2125892391028,-2.70484271369656,-12.0414590435036,-6.7875857808005,-11.4502312866153,4.82384107014744,-14.6554815498702,-5.90245460752234,-14.2241196261618,-9.84760615498783,-10.4692882500961,5.09364605966151,-14.0878990853373,-4.64445398829928,-13.3817053809946,-8.65998283247554,3
2070,"ssp126",-4.146894289133,0.549486365074373,-4.75148686811602,-3.67790629174443,-4.38138828782728,-3.84459799964148,-5.62172688226318,1.03993832393402,-6.75594382601815,-4.71309877557527,-6.07604093560714,-5.0546184103857,-5.04786725746089,0.544132843977363,-5.67614530911014,-4.72819928447007,-5.2077012439563,-4.73372823163627,3
2070,"ssp534-over",-5.72106235092241,3.94112418025784,-9.98829288190516,-2.21795174013061,-7.47261765631831,-3.58744708543103,-7.39696121599862,4.35082678411761,-12.4186316413186,-4.75645985511448,-8.71721189644069,-4.88612600333864,-6.74663924145084,4.15359637193146,-11.4895119072044,-3.75776305056524,-8.24107733689364,-4.37520290857406,3
2070,"ssp585",-9.18724317391439,3.48999866525705,-11.2717407853422,-5.15814938319376,-11.2017900692747,-8.14499436820048,-11.8784315746584,2.45749582002435,-14.0694293386448,-9.22122455601097,-13.2070350839822,-10.7829326926653,-10.8300579721513,2.83473476779268,-12.9998715929558,-7.62273441615901,-12.4337197501474,-9.74515116174903,3
2071,"ssp126",-6.64189098427002,4.138287843003,-9.54192891189161,-1.90283549203428,-9.01141873038789,-5.19187202045922,-8.15159297361529,3.81358982929611,-10.3671097932444,-3.74806738413435,-10.3533557683558,-7.04383456380075,-7.56455129542367,3.93929125114811,-10.0425130129937,-3.02211847602758,-9.83576770512171,-6.32557043663867,3
2071,"ssp534-over",-3.50345922068036,2.08163751588664,-5.90617404170902,-2.24348556537333,-4.13344604833387,-2.30210181016603,-4.51535662233659,3.08561612168319,-7.61130690252028,-1.44017954819539,-6.05294515940718,-2.96738148224474,-4.12355986143635,2.61680186326932,-6.95943374939299,-1.80228662331612,-5.28419648049646,-2.70562291745802,3
2071,"ssp585",-10.5123034005107,3.86518214610564,-13.7717497064817,-6.24219384465861,-12.6473581784367,-8.88258024752519,-13.3493926417544,3.51857948380276,-17.1523650561727,-10.2095800659259,-14.9192989296686,-11.4479064345452,-12.2457783913319,3.60563970160481,-15.8599541020696,-8.64873575811976,-14.0442997079379,-10.438690535963,3
2072,"ssp126",-6.80045087211473,4.25697856420616,-11.5016322415448,-3.2064629078051,-8.59744485426955,-4.44986018739968,-8.11439096504844,3.8243628533741,-12.3594585073243,-4.93814831314462,-9.70251229100035,-5.99185719391053,-7.60248957791056,3.99241173059707,-12.0220201950962,-4.2568707270739,-9.27529900332888,-5.39272426931772,3
2072,"ssp534-over",-4.70673718819136,2.24627986304177,-6.58057810135127,-2.21665434562823,-5.95177860947292,-3.7698167316114,-6.10388869502054,2.04580088091692,-8.45733157233712,-4.75030230289109,-6.78068189108527,-4.92716725636226,-5.56117449245734,2.01889746345129,-7.7398477733374,-3.75351757573759,-6.46500295081722,-4.47183785201732,3
2072,"ssp585",-9.28255307655291,4.68210758141512,-13.8197673143246,-4.46789084742957,-11.6898841911146,-7.01394595766708,-11.9855231917622,4.81995634467361,-17.2140594372579,-7.71935140605065,-14.118609084618,-9.37125506901441,-10.9347300515957,4.75687045406551,-15.9164198458427,-6.44016570999333,-13.1820122223969,-8.44388515447224,3
2073,"ssp126",-4.33720336823929,2.20503713240085,-6.2215723023691,-1.91209811929443,-5.54975599271172,-3.39501890117439,-5.6186277872889,2.42978121254788,-8.34223697736556,-3.67346954681061,-6.59120690752804,-4.25682319225056,-5.12235004008463,2.28724255208669,-7.53150580199082,-2.98051292165682,-6.19326859929854,-3.91777215913154,3
2073,"ssp534-over",-5.83792977982264,2.32141563999604,-8.1736531334562,-3.53109141971233,-6.9913489598778,-4.67006810300586,-7.42170309697969,3.49377086414961,-10.0730116185419,-3.46273206949554,-9.40118861072176,-6.09604883619857,-6.80565487353061,3.00451705105884,-9.34688591124494,-3.48962220410945,-8.46367120824119,-5.53503935467345,3
2073,"ssp585",-10.095173464007,4.92769680626964,-13.9951418115084,-4.55703085160209,-12.8642447702095,-8.1451892902563,-12.9853437050373,4.58618580500765,-17.5351366098862,-8.36361137631185,-15.2962098694,-10.7104472526128,-11.8614399806565,4.69442617735283,-16.1817948121246,-6.86603105192862,-14.3591444450204,-9.70126256492241,3
2074,"ssp126",-6.4695615435427,4.25412145365882,-10.7737787185516,-2.26737119541281,-8.57065671760764,-4.31745295603825,-7.65239968674917,4.07471376240652,-11.4757655753726,-3.36591207534836,-9.79564349244957,-5.74071674243745,-7.19353986629298,4.13878877833833,-11.1996289383617,-2.93372544573607,-9.32344707657143,-5.19049533025861,3
2074,"ssp534-over",-7.48583768660193,2.49181175420839,-9.72147890071118,-4.79940078174111,-8.82905613903234,-6.36801707954731,-9.57350061979996,1.93411358570674,-11.0753235664885,-7.39108949922722,-10.6647061800863,-8.82258914645572,-8.76078804662624,2.1509478333729,-10.542769275179,-6.37147044610628,-9.95544684688622,-7.86979743234986,3
2074,"ssp585",-11.5914197795845,6.25507935646828,-15.7490332545434,-4.39776158772774,-15.1882488755129,-9.51261304210505,-14.4490354453858,5.20859348752445,-17.7390729901998,-8.4438348151238,-17.4516357605168,-12.8040166729788,-13.3363533158507,5.6156605651778,-16.6075228945133,-6.85203356015781,-16.5785131936971,-11.7007685265193,3
2075,"ssp126",-6.01382220990237,3.21301481788376,-8.02699698955571,-2.30838141541172,-7.8665426071477,-5.0072348200757,-7.38295452325949,3.25253752842136,-10.0929832397925,-3.77609455739369,-9.18638450619239,-6.02794016499301,-6.85197928576146,3.22490862398707,-9.30315565379503,-3.19866862117539,-8.6786346180545,-5.62639110174468,3
2075,"ssp534-over",-5.1032035980203,2.78703745425567,-7.03016783330578,-1.90752874712805,-6.70104102346643,-4.13972148037757,-6.91675265242812,2.42550403124008,-8.48220861856462,-4.12278611584922,-8.31373592071757,-6.13402466935988,-6.21110954330436,2.56335038022945,-7.70662439676033,-3.25126223048632,-7.69103319971337,-5.46335211657637,3
2075,"ssp585",-8.99386430614678,4.9679452229784,-12.3897344638453,-3.29199002414355,-11.8448014471484,-7.29592922729751,-11.64712381071,3.95657688326097,-15.2487266997184,-7.41201689943098,-13.7646772663495,-9.84632236620583,-10.6138951387089,4.32692516568492,-14.1557325252479,-5.79112088940081,-13.0252822633629,-8.8429764454394,3
2076,"ssp126",-6.90724937562916,4.84418694927797,-11.8763894737261,-2.19852056118901,-9.26161378284923,-4.42267932658066,-8.30742861028619,4.66934003231654,-13.0127447352548,-3.67491606549899,-10.6236848826798,-5.95477054780188,-7.7624768798677,4.73727433967832,-12.5657430324179,-3.09407432475292,-10.0966781574251,-5.36084380359263,3
2076,"ssp534-over",-7.11243198139813,4.85695047837728,-10.6797125890034,-1.58101236854302,-9.87814178782569,-5.32879167759553,-9.01542311496641,4.16321134333996,-11.7917009752295,-4.22852858590247,-11.4088703794984,-7.62728418483487,-8.27399571918125,4.43809326766508,-11.3542843336157,-3.18694594503469,-10.8175206062545,-6.73385141196401,3
2076,"ssp585",-10.134545563296,5.51895650142725,-14.0048026661866,-3.81481744828854,-13.2944096207998,-8.19941701185074,-12.9325221316418,4.89240881752324,-17.0725912239479,-7.533743832813,-15.6319112810562,-10.8624875854888,-11.8431442254101,5.13430382722571,-15.8997741102573,-6.07064829466773,-14.7293921907814,-9.81482928298657,3
2077,"ssp126",-6.04758308409381,4.15714421526769,-10.7439745493752,-2.83928361924526,-7.65173281651808,-3.69938735145313,-7.52587410441708,3.8520233424754,-11.8868705950827,-4.5875064526052,-8.99505793032302,-5.34537585908427,-6.95002865831996,3.9689288429606,-11.4372959806178,-3.89972273152472,-8.47518162171759,-4.70639499717104,3
2077,"ssp534-over",-6.54671703021525,3.06800844744177,-8.79922383561879,-3.0524822820882,-8.29383440427878,-5.42046362751348,-8.45558522311743,2.70202615708754,-10.874107426315,-5.53927751463716,-9.91373907735756,-7.24632412151866,-7.71231144099968,2.84201935739846,-10.0808783825701,-4.56092552999884,-9.28800439650011,-6.52802797021445,3
2077,"ssp585",-8.31284339720244,4.55027551075434,-12.847519236572,-3.74712702790384,-10.5957015818517,-6.04550547751766,-11.0473706038297,4.3331572052104,-15.9702225605917,-7.81109120452291,-12.6655103034831,-8.58594462544871,-9.98314768480979,4.37265781193568,-14.7764115040496,-6.21225131386617,-11.8685958702816,-7.58651577518991,3
2078,"ssp126",-7.39861737006756,5.98873565535752,-13.0510307489971,-1.12239300020977,-10.5367295549965,-4.57241068060282,-8.91037624538399,6.46670273410596,-14.8860157132917,-2.04479375908424,-12.3431674885339,-5.92255651143013,-8.32224419884182,6.27932970669469,-14.1641979583262,-1.68190396371024,-11.6424143164076,-5.40126731909965,3
2078,"ssp534-over",-6.11925842686654,3.01001848769862,-8.11841686524943,-2.65741694504559,-7.85017916777702,-5.1196792076751,-8.16979448449282,2.50977225303978,-10.4754789068113,-5.49648482197636,-9.50644931575105,-7.01695227333356,-7.37182788455337,2.68595130283826,-9.57437289890847,-4.3795421579553,-8.86797074785241,-6.27055537737583,3
2078,"ssp585",-9.07943778130075,3.7163209923148,-11.8451091222396,-4.85506410416103,-11.1916246198706,-7.6966021108313,-12.2730016121554,2.29546830983536,-13.679803969534,-9.62413002584899,-13.5974374053086,-11.5696004334661,-11.028267168422,2.8472174045226,-12.8581673556438,-7.74788985605747,-12.6684558246043,-10.1133170748111,3
2079,"ssp126",-7.94383704877848,6.15487328370178,-14.1027101943593,-1.7929714403585,-11.0192698529885,-4.86440047598807,-9.65210353898088,6.01479288371993,-15.8457085918785,-3.83368829750658,-12.561311159718,-6.55530101253205,-8.98504118744928,6.06763606941157,-15.1600750773339,-3.03083192994421,-11.9621458162018,-5.89752424250696,3
2079,"ssp534-over",-7.45507077238777,4.72756274826159,-10.8060513114114,-2.0475506786296,-10.1588308192669,-5.77958050287594,-9.2236246891039,4.1811980188667,-11.6424326242258,-4.39559625875073,-11.6376389042805,-8.01422072154294,-8.53575436354822,4.39204290676076,-11.3076139106269,-3.47183099522394,-11.0677160477104,-7.14982459000889,3
2079,"ssp585",-9.59652825901092,4.49320861999213,-12.622880342081,-4.43371956407846,-12.1779326064771,-8.08335221747589,-12.4295274605927,3.62579235622122,-14.8550228275468,-8.26142880318794,-14.5135767892951,-11.2167797771156,-11.3265709946688,3.95894032978583,-13.6614661412769,-6.75553604543856,-13.6120884692839,-10.1591234213648,3
2080,"ssp126",-6.43913938008819,3.53923441164321,-9.16270611822844,-2.43864071987134,-8.43938871019661,-5.07735601101806,-7.75146431783106,2.9781263674542,-9.82252834651323,-4.33848472208044,-9.45795411570637,-6.71593230348998,-7.24028742510472,3.19933958575679,-9.56297777320378,-3.59105038340378,-9.06490594595519,-6.07894225105519,3
2080,"ssp534-over",-5.05427592085171,2.48455602295176,-7.52178946856102,-2.55302109962612,-6.3049033314645,-3.82051914699706,-6.75727337448191,2.41137478410341,-9.51449666539765,-5.04248001858516,-7.61467005243029,-5.37866172902404,-6.09467869978106,2.40673725711009,-8.75268369849293,-4.06308008964823,-7.11047800484748,-4.76567620042513,3
2080,"ssp585",-11.8140433764843,5.06863069345439,-15.3661497099382,-6.00960063655251,-14.7162647464502,-10.0379902097573,-14.8796874997148,3.75372240912936,-17.2867807549914,-10.5544652851359,-17.0422986070043,-13.6761408720766,-13.6855665597441,4.26103748905123,-16.2346497307949,-8.76643011012211,-16.1451347845551,-12.4110249742187,3
2081,"ssp126",-5.52666036661929,2.4818842986084,-7.12960474919404,-2.66784118188187,-6.956069958988,-4.72518817533192,-6.86468985156239,2.36029478628578,-8.26844004786496,-4.13967226758535,-8.2271986435509,-6.1628147534111,-6.34350577171058,2.41156111366732,-7.82046278671168,-3.56062625490887,-7.73494553011144,-5.60502726421004,3
2081,"ssp534-over",-8.36517354495938,4.19678976782084,-12.7011740107371,-4.32304169292865,-10.3862394709747,-6.19717331207053,-10.6129702259137,3.45725303004583,-14.0456990901883,-7.13170411888254,-12.3536032794292,-8.89660579377636,-9.73826868487847,3.74549305704185,-13.5168107923393,-6.02672353075647,-11.5940412619395,-7.84899763114807,3
2081,"ssp585",-9.55857342486984,3.1883233610813,-12.9710859811473,-6.65587475582658,-11.0099227593915,-7.85231714673112,-12.6078022520089,3.27039400796386,-16.3417348949895,-10.2521773272083,-13.7856147144092,-10.7408359305186,-11.4206920927367,3.15061348351656,-15.0531341143406,-9.43014655043941,-12.4159648638854,-9.60447108193479,3
2082,"ssp126",-7.03437408604744,3.51428420319151,-10.6620601573423,-3.64569334863469,-8.72871445475382,-5.22053105040003,-8.70503000002833,2.97287741151774,-11.5943226927716,-5.65508277666889,-10.230003611708,-7.26038365365671,-8.05545225817424,3.18156773232246,-11.227603802178,-4.86455120852948,-9.65090278299662,-6.46937648617238,3
2082,"ssp534-over",-4.79662661580628,3.35696417128601,-8.66392804790362,-2.63451764914855,-5.87768109913515,-2.86297589975761,-6.10481080022954,4.20172879746237,-10.8803441134796,-2.97526515498739,-7.66958362285061,-3.71704414360451,-5.59835870059351,3.85736079528857,-10.0330071331685,-3.02096190186701,-6.88705709995676,-3.381034484306,3
2082,"ssp585",-11.1763346172437,5.52070959457932,-15.6127997964276,-4.99368946548109,-14.2676571931251,-8.95810202765181,-14.8938288961191,4.77633674958754,-18.3020570759228,-9.43453461729759,-17.6234760355298,-13.1897148062172,-13.4462528700581,5.07117276766827,-17.2441990063575,-7.68742266739337,-16.3256679713905,-11.5472798019084,3
2083,"ssp126",-8.09380582602278,3.57064448864884,-12.0648170215141,-5.14767302260359,-9.56687222773237,-6.1083002282771,-9.61039193092698,2.74528685685982,-12.61253217128,-7.22786539697439,-10.8016551979033,-8.10932181075045,-9.02087094928106,3.0661952378792,-12.3970805313716,-6.40947861898097,-10.3265671144311,-7.3327661582358,3
2083,"ssp534-over",-7.2615678861815,2.9513734830308,-8.98263268541741,-3.85367265336513,-8.96551550258969,-6.40103548656355,-8.94774949489746,2.64708256743373,-11.0339704829753,-5.97000528604604,-10.4366215993232,-7.90463900085855,-8.29199256821295,2.75832104278747,-10.2497430078288,-5.1374002511651,-9.86928872673687,-7.313117348405,3
2083,"ssp585",-12.5634996745871,7.8497858620045,-18.3131018815935,-3.62028082629935,-17.035109098731,-9.68869857108391,-16.0878440310128,6.64915919926195,-20.1946102599279,-8.41643889693735,-19.9235465980505,-14.0344609165552,-14.7157714427775,7.11881959310576,-19.4544918502274,-6.52954016654283,-18.8088870808948,-12.3464112390525,3
2084,"ssp126",-7.02910429213162,2.91762244737671,-10.0207326596584,-4.19159695105052,-8.44785796267217,-5.53329010836822,-8.57170453266179,2.18890323376554,-10.62613332451,-6.26942577710399,-9.72284391044069,-7.54449013673769,-7.97203435125738,2.46965704148606,-10.3879902567134,-5.45196886344228,-9.23206709516493,-6.76405639852939,3
2084,"ssp534-over",-6.73839404159843,4.31558383774557,-9.66105857332033,-1.78166653530015,-9.21675779474756,-5.27706177573748,-8.86350326843746,4.00460759008196,-11.1961799137993,-4.23944218334779,-11.1755338109823,-7.69716494575655,-8.03630271121532,4.12924068885069,-10.5923178325586,-3.27250704868514,-10.4182005424804,-6.75829515054365,3
2084,"ssp585",-14.0183908554467,7.05837384320051,-20.1194784344364,-6.28776276377305,-17.8837049012835,-10.9678470659518,-17.8172800768517,6.03100726495591,-22.7696880489769,-11.1009947132476,-21.1754227586537,-15.341076090789,-16.3373506280241,6.43874705554285,-21.7271899406117,-9.20737879800948,-19.9023365430314,-13.6424309717302,3
2085,"ssp126",-6.10246271959952,5.53020123828431,-12.2365821324435,-1.49834087791788,-8.40452364044035,-3.03540301317751,-7.59040972815666,5.27964984816476,-13.5071360006535,-3.35966096581623,-9.70578410932687,-4.63204659190825,-7.00998284600721,5.37508133185437,-13.0073453437493,-2.62738265909937,-9.20128293946113,-4.01130159713616,3
2085,"ssp534-over",-7.31028123821377,5.12817198080659,-10.5165186696137,-1.39576147240872,-10.2675411211163,-5.70716252251379,-9.32621202928597,4.6233796736854,-12.5243571872793,-4.02517507061868,-11.9767305086196,-7.72713945028931,-8.54241022748617,4.81430839580871,-11.5663910239284,-2.99071434036914,-11.3182581710447,-7.03041982926505,3
2085,"ssp585",-11.5120408786324,5.4609173402248,-16.0132536204361,-5.43704814041149,-14.5495372477429,-9.26143450773056,-14.8888310137011,4.63133321486618,-19.7704920837897,-10.5568933307912,-17.054799855156,-12.4480004786567,-13.5742857218519,4.90138032688286,-18.334097923283,-8.5426500036819,-16.0901035809368,-11.1943796211363,3
2086,"ssp126",-6.08798070851902,4.49430084082789,-10.4585368439035,-1.4793951183575,-8.39227350359977,-3.90270264082679,-7.08745364812568,3.41543040235049,-10.3572192234963,-3.54295319061977,-8.85970387687864,-5.4525708604404,-6.69808054854253,3.84000089879836,-10.3970739682074,-2.73111065972315,-8.68156549295222,-4.84858383871008,3
2086,"ssp534-over",-5.88766162034364,2.841391251134,-7.56410283500748,-2.60697036173397,-7.52800724964847,-5.04944101301171,-7.76892407457884,2.07644887939375,-9.81199573850892,-5.66063455351492,-8.82306883511081,-6.74738824261381,-7.03713718058218,2.31875695811983,-8.95262514717519,-4.45926566582182,-8.32607293796235,-6.07939319728567,3
2086,"ssp585",-12.1346593838876,5.29426006840718,-15.9523166077059,-6.09082053462692,-15.1565788085179,-10.2258307719784,-15.6920384434932,3.35942218315623,-18.1238815051263,-11.8588049524066,-17.6086551890364,-14.4761169126766,-14.3064655433808,4.08500081503426,-16.6852692246888,-9.58957147124321,-16.6649125794496,-13.1170637027268,3
2087,"ssp126",-4.07507589581462,1.87967523295849,-5.27182409696813,-1.90857415736064,-5.15832676504161,-3.47670179523787,-5.29786072123002,1.76950194659183,-7.09283337919465,-3.55497980576052,-6.16930117896477,-4.4003743922477,-4.8235466686833,1.76983640112974,-6.39666061168709,-2.9072528789316,-5.78169356355915,-4.0369896971814,3
2087,"ssp534-over",-7.22072462934683,2.83458280161723,-9.0033785268444,-3.95211594076856,-8.85502897363596,-6.32939768059804,-9.09722343925879,2.19937591290005,-10.7890166152314,-6.61101246264319,-10.3403289275666,-8.25132685127248,-8.36670698796154,2.43683301058426,-9.99293805487499,-5.56495259608248,-9.76758418390108,-7.55359145450482,3
2087,"ssp585",-12.7597497934399,5.49024210036116,-15.9819689029443,-6.42045492840883,-15.9293972259554,-11.1486402386877,-16.4928252615774,4.36333699285337,-19.7198869629694,-11.5284341788277,-18.9750208029523,-14.8792944108814,-15.038446731474,4.80146741008031,-18.2506826451217,-9.51885913552333,-17.7982405294493,-13.4323287746501,3
2088,"ssp126",-7.3421907718568,5.02483880930749,-12.3984537201084,-2.34937700418353,-9.83859765569344,-4.81405929773103,-8.74657746064052,5.00658073371097,-13.6299492260298,-3.62527205385016,-11.3072301640357,-6.30489157794588,-8.20040941867558,5.01240932961319,-13.1455227382759,-3.12331096043433,-10.7389586477962,-5.72785275887539,3
2088,"ssp534-over",-4.60269991420272,3.81682435455824,-8.96587904108698,-1.88245546719405,-5.96282213770706,-2.42111035076059,-6.1066346459244,4.33918620236362,-11.0899862589828,-3.16419069028313,-7.57785662374503,-3.6149588393952,-5.52283430946002,4.11850073555178,-10.2779389977205,-3.08377699396018,-6.74236296720994,-3.1452819653298,3
2088,"ssp585",-14.9447433902295,8.22799852818561,-22.6630340074642,-6.28758263345501,-19.2733237686167,-11.0855980816121,-19.0197077468428,6.84117692451187,-25.2484669242419,-11.6977610410377,-22.6806810997454,-15.9053281581432,-17.4322611872403,7.38873538507131,-24.2314496625665,-9.56929516937018,-21.3637441961754,-14.0326669495772,3
2089,"ssp126",-5.61516580300527,3.07363391593779,-8.62164602317044,-2.47851424337306,-7.18349158282137,-4.11192569292269,-6.62699942222905,2.39960769329347,-8.5886236632069,-3.95144843258676,-7.9647749170502,-5.64618730174013,-6.23483786745397,2.64988275763627,-8.60161348393914,-3.37196843825614,-7.66627258205288,-5.05145005921138,3
2089,"ssp534-over",-8.35488860085718,3.49544092669171,-10.8028452166756,-4.35174880478386,-10.3564584988938,-7.13091029294797,-10.2249766777866,2.53300044151224,-11.7862112065354,-7.3023973931179,-11.6862663201209,-9.44435941341217,-9.49621624036964,2.90710213874104,-11.2781297836111,-6.14155678003377,-11.1735459705376,-8.60525946874891,3
2089,"ssp585",-12.8577086928495,4.54334123322031,-15.6619214102283,-7.61577905199616,-15.4786735132761,-11.4556023341601,-16.8270967704291,3.57348891465474,-20.0177144322266,-12.9657799463119,-18.7577551824876,-15.2317879395303,-15.2816478204696,3.92392083419269,-18.3524925619091,-10.8609890394203,-17.4919772109942,-13.7462254497498,3
2090,"ssp126",-5.61926935624729,4.72505922601171,-10.8314428083574,-1.61635743777998,-7.62072531548094,-3.01318263019224,-6.90324275759084,3.98766666640578,-11.3135018477517,-3.55194720769092,-8.5788905325408,-4.69811321251041,-6.40342777855308,4.27567205442161,-11.1238769841441,-2.79044981214664,-8.2099167617563,-4.04320317575759,3
2090,"ssp534-over",-8.12814460312406,4.72654024295982,-13.1263821908334,-3.73076385924093,-10.3268349750656,-5.6290258092694,-10.1093236328298,4.45831253229407,-14.8251448051753,-5.96330688692996,-12.1823320057797,-7.75141304665703,-9.3373788933419,4.5624784547433,-14.1569120728297,-5.08498249843933,-11.4635770907932,-6.92761230359802,3
2090,"ssp585",-13.5570063526967,5.92508584129395,-18.8049553179243,-7.13159582952176,-16.7697116142842,-10.9330318700829,-17.839120391105,5.30048662695874,-23.3629944759611,-12.7945818057966,-20.3613896837593,-15.077183348677,-16.1713963832678,5.52854279399758,-21.6204538057793,-10.5666566850022,-18.9737662324006,-13.4468676720121,3
2091,"ssp126",-5.21403262404325,6.49766764582568,-11.9580075048878,1.00554800019468,-8.32382293616221,-1.84204518362099,-6.37109810365849,6.17710173325464,-12.7242881406363,-0.38660029331376,-9.36334700883085,-3.19450308516957,-5.92076593480959,6.30249501802892,-12.4228606200124,0.161097011248297,-8.96169740783853,-2.66971859220821,3
2091,"ssp534-over",-5.56434195360844,3.66316372611035,-8.75541467733089,-1.56431819560088,-7.56435383261222,-3.96880559174721,-7.19137368564806,2.77718496266754,-9.04569670282371,-3.99840747942054,-8.78785678876182,-6.26421217706023,-6.55926711294767,3.10813941496479,-8.93151008875049,-3.04079100563838,-8.31850516660232,-5.37314562504627,3
2091,"ssp585",-13.0743954845901,4.33520814214888,-16.0889055182964,-8.1061324385254,-15.5585270076225,-11.567140467737,-16.5821120772522,2.7411211299463,-18.7919700350919,-13.514750703658,-18.1157927640494,-15.4771830983324,-15.2160840202284,3.32361994890704,-17.3530591617711,-11.3868986213538,-17.1306767196657,-14.147596449457,3
2092,"ssp126",-5.20961541282959,3.56122239009686,-9.0033679209171,-1.93873539523132,-6.84505542162873,-3.31273915878584,-6.46837513788297,2.72664507272537,-9.34102626230309,-3.9160298667773,-7.7445477734358,-5.03204957567291,-5.97857734296849,3.05369534706064,-9.20820349227113,-3.13812505775589,-7.39880348557479,-4.36376426831717,3
2092,"ssp534-over",-7.13851319264527,5.20606384070796,-11.1461819196694,-1.25433809095678,-10.0806007434895,-5.13467882913321,-8.56054452807795,5.37995560099452,-11.9299316829374,-2.35596766463591,-11.662832959799,-6.87585095064821,-8.00992804385385,5.30232345462357,-11.6216324294913,-1.92256588485186,-11.0536091233549,-6.20407585103514,3
2092,"ssp585",-12.5787225518187,3.74437166336877,-14.782428136578,-8.25536693851608,-14.74040035847,-11.476869759439,-16.3274689891144,2.14323309356035,-18.5065382676488,-14.2219663863548,-17.3802202904942,-15.2379343498472,-14.8664718005666,2.68932581507413,-17.0828090852909,-11.8745940193298,-16.362410691185,-13.7583031582045,3
2093,"ssp126",-5.09678391472234,3.50518795240559,-7.63298614895433,-1.09699810643191,-7.09667681886755,-3.82868279760634,-5.94140817204079,3.60049925825956,-9.38405547362342,-2.20148857941093,-7.81136796835572,-4.22008452124948,-5.61560091379939,3.53396951751083,-8.71462078718296,-1.76696126807073,-7.53992073666372,-4.0660909771076,3
2093,"ssp534-over",-5.64818620009099,3.7903471225813,-8.83906064234497,-1.45843374561472,-7.74306242732912,-4.052748978964,-7.21187090330157,3.66600534801061,-11.2680820944533,-4.1349763436229,-8.75031818314091,-5.18376530772569,-6.6056826238245,3.63330364304533,-10.3394659675866,-3.08197417904733,-8.36753684621308,-4.73879095194344,3
2093,"ssp585",-11.5220925767608,5.05484796269049,-14.794103893858,-5.70016475200946,-14.4330564891364,-9.88608691821215,-15.3140726805951,3.46312146006571,-17.9228353806633,-11.3850050391697,-17.2786065013078,-14.0096913305611,-13.8365413405766,4.06895251572703,-16.4506625444148,-9.14848202171394,-16.1805710000079,-12.5294807386575,3
2094,"ssp126",-4.16276088349549,1.76545874719747,-6.11380663039185,-2.67546661753472,-4.90640801647588,-3.18723801004731,-5.11478040639592,0.798010058718078,-5.96159435906919,-4.37673133023215,-5.48380494447781,-4.69137343005928,-4.74507916392045,1.17535052973421,-6.02146924747547,-3.70742181641398,-5.26390783767368,-4.10688412214294,3
2094,"ssp534-over",-7.44545847353477,5.64781148499467,-12.791682852965,-1.53797026461175,-10.3992025779963,-4.77234628381967,-9.14839548268397,4.97413336037529,-13.3785465876059,-3.66859573514489,-11.8882953564535,-7.03331993022298,-8.48730116778402,5.23035664315986,-13.1476952881938,-2.83036762921417,-11.3157679370689,-6.15710410757915,3
2094,"ssp585",-11.6411583209342,5.83994176187158,-15.4020753472875,-4.91337610052322,-15.0050494311397,-9.7606998077576,-15.4603581221931,4.60767451796836,-19.7208712102237,-10.5702672292404,-17.9054035686695,-13.3301015781778,-13.9738458841453,5.04054533087075,-18.0697933724851,-8.34473993602995,-16.7883988582029,-11.9258721399754,3
2095,"ssp126",-6.74980482347693,6.1719869909073,-13.6895357648258,-1.87511756261248,-9.18714845390915,-3.27993935280249,-8.33721911054051,6.17282686064459,-15.3298616851502,-3.64465210461764,-10.683502613502,-4.84089782323565,-7.71774229762332,6.16898148641909,-14.6846158677408,-2.9484839567954,-10.1023714680373,-4.23430551256459,3
2095,"ssp534-over",-7.08689649901133,4.68222638278784,-11.2758054419449,-2.03220127711009,-9.61424410996195,-4.99244202754453,-8.67321755474239,3.96492681507621,-11.659062859603,-4.1746018856366,-10.9225253892953,-7.1802949023121,-8.05741283070761,4.23471858718898,-11.5083030364051,-3.33174121910162,-10.4202486365106,-6.33196772785886,3
2095,"ssp585",-13.3727805249443,6.51085291365827,-19.0897856136086,-6.28602831018913,-16.9161566323219,-10.5142779806122,-17.5596707645584,4.99946776531288,-21.759187190241,-12.0295008739124,-20.3247557098814,-15.4599125517171,-15.9278899895436,5.59805501662494,-20.70913964727,-9.76991081684333,-19.0068795758937,-13.5372651606804,3
2096,"ssp126",-7.78044199779371,7.20737290724468,-14.7144488532696,-0.32772835476855,-11.5067988193063,-4.31343857005579,-9.31816307572244,7.58940416193778,-16.6236613497347,-1.47359729678868,-13.2404459651893,-5.66541393871631,-8.71900372278919,7.439780258582,-15.8726451262964,-1.02279091800545,-12.5671101251811,-5.14218302103559,3
2096,"ssp534-over",-8.19876617727873,5.14145486918779,-13.001988391253,-2.77534262669376,-10.9104779525712,-5.79715507029156,-10.0374435732883,5.13279837698263,-14.6062715454965,-4.48347649860594,-12.8144271106295,-7.75302958718419,-9.32226922829768,5.13588885838309,-13.975203669052,-3.81146452844455,-12.0776715782242,-6.99580200792054,3
2096,"ssp585",-14.4378121284246,7.73636462804706,-21.6934430387826,-6.29688214693553,-18.5082771191692,-10.8099966732457,-18.5873652850013,6.51417954486404,-24.4958267737255,-11.6017455405647,-22.0801751572197,-15.6331345406392,-16.9709935903079,6.99689462099235,-23.3934687841678,-9.51471257481763,-20.6991340980531,-13.759755993378,3
2097,"ssp126",-7.58380141072501,5.07807301762308,-12.4177247609062,-2.29251992814233,-10.2294421520164,-5.16683973563442,-8.95688429470005,4.97693936567886,-13.4365762681234,-3.5994759081191,-11.6355884879905,-6.71703830798836,-8.42335282176927,5.01477888185637,-13.0357963588093,-3.08529486091863,-11.0923818021946,-6.11713105324927,3
2097,"ssp534-over",-6.16708965396582,3.48617021303174,-9.52384730903921,-2.5645184534946,-7.96837525420143,-4.48871082642912,-7.83484366752811,3.02354455888033,-10.611483883159,-4.6136232530291,-9.44545387477761,-6.44652355971265,-7.18565512074417,3.20504733792782,-10.1836463774433,-3.8074669112777,-8.8747492254774,-5.68665949239458,3
2097,"ssp585",-14.379353771595,7.99092696019425,-20.0576363124058,-5.24158215617002,-18.9482395793075,-11.5402125011896,-18.9144615108281,6.9785659452797,-23.4185332391407,-10.8757697857899,-22.9338073733472,-16.6624256466718,-17.1474118203798,7.38475308617563,-22.0964760443784,-8.65917447584425,-21.3915304926475,-14.6728797083804,3
2098,"ssp126",-4.52287728110856,3.03008833809671,-7.65621159088214,-1.60784169954214,-5.98039507189177,-2.95621012622177,-5.80324812297507,2.31966290813682,-8.20591057375271,-3.57661407982794,-6.91656514454863,-4.60191689758624,-5.30443797257644,2.59863828891521,-7.98967856453023,-2.80206202168385,-6.55562594802273,-3.96181767659954,3
2098,"ssp534-over",-6.3621796853593,5.68835776438502,-11.7663759094393,-0.426907987758342,-9.32981553415978,-3.66008157331931,-7.93507330571276,5.30806126266157,-12.3884093856005,-2.06130193739362,-10.8719589898723,-5.70840526576889,-7.32540402132466,5.44497584129949,-12.1437235620037,-1.4183006386226,-10.2789557126757,-4.91624425098513,3
2098,"ssp585",-13.7500421083783,6.11114890607777,-18.9975700600972,-7.04048215753399,-17.1048220838004,-11.1262781325188,-18.0109291148962,5.14810891512596,-23.2901047652735,-13.0047501248996,-20.5140186098944,-15.3713412897075,-16.3505704316988,5.50595691443446,-21.6490665813983,-10.6582950061137,-19.1967081444913,-13.701322356849,3
2099,"ssp126",-6.39389295917797,6.81200857084783,-14.0047948391034,-0.868241391406131,-9.15671874306389,-2.58844201921525,-7.48857205491306,5.74796804044229,-13.9375572655671,-2.90500663751153,-9.78035476361383,-4.26407944958605,-7.0627752046131,6.16406336990111,-13.9640061331729,-2.10370490800522,-9.54231035291703,-3.61215974033318,3
2099,"ssp534-over",-5.29955798886024,4.39875148221921,-9.32852596811776,-0.606533842931057,-7.64607006182483,-3.28507399923148,-6.56341656802226,3.68999334217461,-9.48114639393276,-2.41546438193191,-8.63739266106743,-5.10455165506701,-6.07297586488653,3.9586779196157,-9.42111095208051,-1.70379710843054,-8.25756524311452,-4.39890832128954,3
2099,"ssp585",-15.8346279578173,6.84178338566026,-21.0765306624563,-8.09490312715161,-19.7044903731502,-13.2136766054978,-20.4378976670328,5.24395162246463,-24.4451466849944,-14.5029254120768,-23.4053837945107,-18.4342731580519,-18.6418932470925,5.88090201413217,-23.1200530727619,-11.9818890042512,-21.9718953685131,-16.4028133342577,3
2100,"ssp126",-6.58444483366769,3.85306246578635,-10.1950692585704,-2.5277699645185,-8.61278226824229,-4.77913262121633,-7.90808200917462,3.35977604246474,-10.8308807569929,-4.23737716400672,-9.74343443175856,-6.44668263526545,-7.3933740289835,3.55167121185994,-10.5807751499701,-3.56478555908522,-9.30766826393264,-5.79967346849018,3
2100,"ssp534-over",-7.1899302711373,5.79802525991724,-13.8469562041037,-3.24489381726897,-9.16244849807146,-3.86141730465407,-9.11859261149707,5.3188703335828,-15.2535354038392,-5.80164310709971,-10.7770673636957,-6.051121215326,-8.36660105102564,5.49994881368395,-14.70023722435,-4.79576988151669,-10.1520166357801,-5.19978296436346,3
2100,"ssp585",-15.3994503275153,7.45728263098515,-21.0829879144037,-6.95552885744644,-19.6214110625497,-12.5576815340711,-19.8906371503846,5.94420325134109,-23.8541111787087,-13.0558899864955,-23.3080107323292,-17.9089001362226,-18.1408258284769,6.54170436704926,-22.7640499453501,-10.6558932599865,-21.8832921127221,-15.8292137700403,3
2101,"ssp126",-6.78917956685386,7.39414103429478,-15.3159026370963,-2.14559849305948,-9.11097010375105,-2.52581803173266,-8.19490006707361,7.83144105235553,-17.2231571707522,-3.2342301297759,-10.6752350357225,-3.6807715152343,-7.64642394950532,7.65589248365929,-16.4729111401747,-2.80594198269358,-10.0666649329112,-3.23318035417061,3
2101,"ssp534-over",-6.10675276939899,3.99351106401338,-9.42863661077094,-1.67598297920177,-8.3221376644976,-4.44581084871302,-7.75204845991161,3.42877485482096,-10.1778880001738,-3.82933646550797,-9.71340445711342,-6.53912868978052,-7.11230733810976,3.64577476732333,-9.88315917877907,-2.98216673099142,-9.17737764166894,-5.72688141777511,3
2101,"ssp585",-15.7800258041765,6.74764940435303,-21.6719074432457,-8.41876273734611,-19.4606573375917,-12.834084984642,-20.478309881971,5.30184723977539,-25.079415233543,-14.680335825837,-23.377296910038,-18.1777572061849,-18.6463807444396,5.8762286973835,-23.7390229845169,-12.2169152844506,-21.8611134744342,-16.100059624401,3
2102,"ssp126",-8.60286455148602,6.16850506392691,-15.6955353658098,-4.48998676866151,-10.6593034428983,-5.05652914432412,-10.2923143897985,5.8966604819511,-17.0981537466835,-6.71327592868366,-12.0818336203559,-6.88939471135596,-9.63171890593326,5.98954632121573,-16.5464136123196,-6.05225287237714,-11.4214519227113,-6.1743715527401,3
2102,"ssp534-over",-5.23715116834591,4.52108733941296,-8.25446171475032,-0.0390367843094767,-7.83620836036413,-3.72849589514371,-6.60897996401644,4.38877562808077,-9.24339107013349,-1.54260648905697,-9.14216670149618,-5.29177441095792,-6.07605623570494,4.43933957847512,-8.73156885834364,-0.951073907110529,-8.63854740000214,-4.74829992438558,3
2102,"ssp585",-16.4427220929556,6.93886740690436,-21.4443956044153,-8.52106183390349,-20.4035522224817,-13.9418853372258,-21.0509519069428,5.27678470773447,-24.2278443329005,-14.959731800329,-24.0965619602496,-19.4625056939639,-19.2550957292612,5.9317628383,-23.1329347007504,-12.4266380185677,-22.669324584608,-17.3161762435166,3
2103,"ssp126",-7.54981799319757,4.19940179395088,-12.1916202577584,-4.01432671211129,-9.31756363374071,-5.22891686091715,-8.77742866013283,3.7818792456611,-12.9214380237441,-5.51252816372768,-10.4098789083354,-6.70542397832723,-8.29986846105417,3.94382507133007,-12.6343536979168,-4.92310755346114,-9.98824891485069,-6.13262584262287,3
2103,"ssp534-over",-7.07752106725825,5.83094208606581,-13.2378613688904,-1.64415285059257,-9.7942051755911,-3.99735091644216,-8.87388841314174,5.23964369491041,-14.4974158076411,-4.12929756839521,-11.246183835515,-6.06212471589205,-8.17328089137039,5.4700073569938,-14.0019519346794,-3.15159492728007,-10.6841238734156,-5.25894536971588,3
2103,"ssp585",-16.4204048617306,8.1862330716751,-22.2393981900123,-7.0596370524706,-21.1007887663606,-13.5109081975897,-21.4682325082625,6.58834499476972,-25.6734295316345,-13.8753217772146,-25.2646878737865,-19.3656339965765,-19.5005212786856,7.2247619173504,-24.322603861821,-11.1939033034115,-23.6538302663227,-17.089479987118,3
2104,"ssp126",-4.88563705571308,4.13398050762175,-9.396821615069,-1.27848817678811,-6.68921149517557,-2.63004477603512,-5.94509523562206,4.00635010030756,-10.2138821555858,-2.26670216417833,-7.78429177134393,-3.8107017756402,-5.53338813191128,4.05334494893817,-9.89247962831578,-1.87792020772445,-7.36112209400469,-3.35384238370903,3
2104,"ssp534-over",-7.20586864958699,6.44805310354899,-14.5341404534223,-2.40168314215995,-9.60796140330051,-3.54173274766934,-9.1286896211942,6.28110460531193,-16.3114195363709,-4.6663664056569,-11.3598512289629,-5.53732466360583,-8.3786465160037,6.34171491775144,-15.6123012206553,-3.77539744431288,-10.6802710518491,-4.76181916367791,3
2104,"ssp585",-14.0248852228621,5.58875120882215,-19.6200507750908,-8.44257051952818,-16.816042574529,-11.2273024467477,-18.6285747343441,4.8199821014042,-24.1717334851123,-15.4242474465519,-20.2307383782402,-15.85699535896,-16.8343070306296,5.03407995423487,-22.4316228882143,-12.6775245204926,-18.9126982856981,-14.0356491018373,3
2105,"ssp126",-6.39615549820596,7.51048152768072,-14.6496989674715,0.0363911448560062,-9.61242881973694,-2.2693837635732,-7.69321414019482,8.02925693129831,-16.4630797993024,-0.703274763680734,-11.1881838284519,-3.30828131064103,-7.18791900952812,7.82320160474973,-15.7497603408877,-0.412276292992622,-10.5757403677959,-2.90699834384832,3
2105,"ssp534-over",-4.05272605643313,2.39897629856098,-6.03419685360713,-1.38556070374208,-5.38630873277865,-3.06199065784613,-5.02912403923043,2.30234268402439,-7.66044325299798,-3.38498120427567,-5.8511954567078,-3.71346443234665,-4.65100511895339,2.23906366195377,-7.03872843387916,-2.59837159958436,-5.67732187863791,-3.45714346149051,3
2105,"ssp585",-16.2784988494383,8.53456296282219,-25.1936130721859,-8.18372868919061,-20.3258839295621,-11.8209417380645,-21.3766762202233,6.88730088872223,-28.8038660779011,-15.2008563533862,-24.4645861536418,-17.6630812913844,-19.3883197993953,7.52661175075016,-27.383721079359,-12.440186441015,-22.8623864785854,-15.3906191594134,3
2106,"ssp126",-7.68518621529804,5.65855618857402,-13.3512478806134,-2.03416548860562,-10.5106965786443,-4.85215538264035,-9.34329909822029,5.17938147079048,-14.4681612186815,-4.11106774495948,-11.9594147748507,-6.7808680379897,-8.69758536881596,5.36778204561669,-14.0288072763535,-3.2939753612328,-11.3993903726075,-6.03197441504718,3
2106,"ssp534-over",-5.98267502624549,2.9243002918713,-7.8559408418732,-2.61300110253423,-7.66751198810112,-5.04604211843164,-7.40428055386429,2.82545224846523,-9.89175421029543,-4.33228320953565,-8.94027922602861,-6.16054372564872,-6.85393822171464,2.81733042397251,-8.96938884047847,-3.65588531415531,-8.45296467549431,-5.79621291233273,3
2106,"ssp585",-15.725644324837,7.08248023485783,-20.2413673316873,-7.56289412041133,-19.8070194270499,-13.4677828214119,-20.7761254114881,5.47745739402716,-24.5324800572635,-14.4911477374665,-23.9186142484989,-18.8979480886004,-18.8083495240226,6.10367435804006,-22.5598826506625,-11.7654425456579,-22.3298030132049,-16.9325829607026,3
2107,"ssp126",-7.46646974863288,5.04520302853757,-13.1789536915547,-3.62042021983561,-9.38949451303152,-4.61022777717199,-8.63827450285048,4.65302964552006,-13.8932716811846,-5.04152962204024,-10.4366469432556,-6.01077591368344,-8.1823918055922,4.8044811542146,-13.6122844155454,-4.48243847298333,-10.0323684718966,-5.4674455006156,3
2107,"ssp534-over",-7.22586832845157,5.81456177463118,-12.0673515110102,-0.776583690889467,-10.4505106472326,-4.80512673717223,-8.9333475219811,5.51814024700113,-13.1115928973517,-2.67810301982984,-12.0609697730567,-6.84422483429579,-8.26967902480929,5.63333506067856,-12.7008255135324,-1.93000957612879,-11.4395137491495,-6.05410578044773,3
2107,"ssp585",-16.8384055667781,8.79060640415074,-23.7004807278192,-6.92981410258642,-21.792701298874,-13.4073679862576,-21.7400795957769,7.30506348408944,-27.2735085888719,-13.4597614509465,-25.8802386681921,-18.9733650992295,-19.828789324139,7.89821770503596,-25.8680066369331,-10.890757431543,-24.297805270437,-16.8091806677419,3
2108,"ssp126",-5.60152000765923,4.33997635972784,-10.5183804050596,-2.30418714633759,-7.25018643832005,-3.14308980895904,-6.83997148301136,3.77430111737746,-11.0792801161266,-3.84479123335262,-8.33756160784074,-4.72031716645373,-6.35873265288577,3.99298690138455,-10.8586421392052,-3.23868862934845,-7.91875466465443,-4.10877790972606,3
2108,"ssp534-over",-5.46717336920478,3.80779788687024,-8.24908501106396,-1.12748045251373,-7.63701982755031,-4.07621754827519,-7.02653983753849,3.3675399934729,-9.12935508881495,-3.14247416301952,-8.96857267479797,-5.97513221190026,-6.42086500283589,3.52815431201316,-8.58801550682641,-2.34973776482142,-8.45642862184312,-5.33728975084062,3
2108,"ssp585",-15.5488254637993,7.47338045100655,-21.9359968467986,-7.32985952214612,-19.6583084346259,-12.3552397722996,-20.3663701111153,6.09468290945681,-25.7445786557611,-13.7464498415026,-23.6763302459216,-17.6772658387923,-18.4867939421302,6.64135870042803,-24.2464181670158,-11.2220426078926,-22.1191696092491,-15.6069818296875,3
2109,"ssp126",-6.95312577946312,8.08442328819103,-16.196512193733,-1.20105405164853,-9.82916164337042,-2.33143257232819,-8.09264768752889,7.5157597597677,-16.6891640042768,-2.76406182475269,-10.756940618917,-3.79438952915494,-7.6493983464878,7.73620992969362,-16.4953723216277,-2.14914518955625,-10.3995249249536,-3.22641135891786,3
2109,"ssp534-over",-4.2138363561626,2.43425105680278,-6.83749481795618,-2.02857114338755,-5.30646896255012,-2.9020071252658,-5.4511788888874,2.85916853845208,-8.68821360762435,-3.27047881585465,-6.54152892540377,-3.83266152951893,-4.97123486710947,2.60625973070633,-7.98068288042992,-3.4639079308241,-5.72489833525216,-3.46651086044925,3
2109,"ssp585",-16.3615724970713,7.7725216431711,-23.8458138811454,-8.32973259834395,-20.377492446435,-12.6194518050343,-21.2685674638856,5.8898272355056,-27.1234721747207,-15.3444281070639,-24.2306371422965,-18.3411151084681,-19.3545357838001,6.62948690245564,-25.8341580947428,-12.5847150503699,-22.7394461505152,-16.1147246283288,3
2110,"ssp126",-6.25797452403002,3.9030049467623,-9.93463145509597,-2.16241479589134,-8.30575438809936,-4.41964605849704,-7.4644393643419,3.40013791602069,-10.2824249215688,-3.68792554096307,-9.35269627603132,-6.05544658572845,-6.99627090654453,3.58964851209127,-10.1456153541631,-3.08776094136384,-8.95052588913487,-5.42159868273524,3
2110,"ssp534-over",-6.10796699508314,3.45487850095077,-10.0421706779491,-3.56839987730185,-7.37775055397379,-4.14086515365015,-7.34356614824987,2.51391513139112,-10.2345656830206,-5.67143770813364,-8.17963036830799,-5.8980663808645,-6.86269236057931,2.87853366661411,-10.1588843377619,-4.84406309818042,-7.87200699177876,-5.21459637198801,3
2110,"ssp585",-16.5212095960847,7.30421805801196,-22.4675568047044,-8.36804394594183,-20.5977924211562,-13.5480359917749,-21.50965675776,5.52158911607737,-25.8407098960254,-15.2920405546329,-24.6184648593236,-19.3441301886274,-19.5644698199843,6.23045903195593,-24.5138315624645,-12.5680101499267,-23.0626996550132,-17.0897889487442,3
2111,"ssp126",-7.35912744675647,4.76256373006605,-12.5468065625906,-3.18478090489586,-9.44630071768678,-4.7652878888394,-8.63961351135994,4.01736540928173,-12.8462832592486,-4.84300604983782,-10.537917242121,-6.53627863741564,-8.14283304025918,4.30402845062966,-12.7284797888919,-4.19062911091783,-10.1189350049299,-5.85000966594281,3
2111,"ssp534-over",-7.46746116128756,5.59369204083741,-13.4857158316056,-2.42736147522768,-9.9875110043175,-4.45833382612852,-9.35607133607111,4.91224282470372,-14.5987646258871,-4.85969005933837,-11.6042619744375,-6.73472469116313,-8.62093538356108,5.17822692339419,-14.1609308574975,-3.90276627791467,-10.9800199363843,-5.85093764659288,3
2111,"ssp585",-16.6036173048044,7.26630342896782,-21.1725292314998,-8.22465985434513,-20.793096030034,-14.3191613414567,-21.6038802364896,5.24549141317005,-25.9684625482209,-15.7845578601459,-24.5135414246615,-19.421589080624,-19.6545049711259,6.02096503150121,-24.1349748211287,-12.8103518938359,-23.0765815097709,-17.4142700461245,3
2112,"ssp126",-9.09446617102248,9.02481367335508,-19.2001279646137,-1.838464462887,-12.7224670250902,-4.04163527422688,-10.5546541208427,9.07535456220837,-20.663495758314,-3.10846596576534,-14.2777481983814,-5.50023330210708,-9.9863199339599,9.05231883357383,-20.087858967773,-2.60882350442722,-13.6750681487262,-4.93555041705337,3
2112,"ssp534-over",-5.03735296685611,2.30865278070401,-6.87105856793972,-2.44478524775915,-6.3336368264046,-4.12050016631431,-6.75095997250381,1.69034758589373,-8.040659190833,-4.83733855335226,-7.70777068207958,-6.10611036333922,-6.08512203165162,1.89578293691966,-7.18260707653832,-3.89606311408712,-7.17965149043387,-5.53637950920827,3
2112,"ssp585",-16.133492926184,6.62213296028755,-20.959466650639,-8.58386045111931,-19.9083091637163,-13.7205060639565,-21.0419008161411,4.5753995278183,-24.0102588270432,-15.7727622496782,-23.6764700993725,-19.55772181069,-19.1275200235756,5.38717488924881,-22.8101858005675,-12.9445131642958,-22.2190234532155,-17.2861871350797,3
2113,"ssp126",-7.74121890627056,4.95473851099719,-13.4337040910001,-4.39884827742288,-9.4124042206944,-4.89497631390577,-9.2376807433586,4.89728135334931,-14.8889464649296,-6.23665842448055,-10.7381919027976,-6.41204788257308,-8.65340464346726,4.91406547775127,-14.3165059252414,-5.51362937036765,-10.2232922800171,-5.82185400258017,3
2113,"ssp534-over",-6.27115971153494,4.29192012846076,-9.67054669779573,-1.44837408442623,-8.68255252508929,-4.57146621840454,-7.73713679242328,4.15143738883266,-10.4768198241866,-2.96067891165713,-10.1253657328064,-6.36729527654162,-7.16811475988969,4.20069347103799,-10.1596606815752,-2.36570976834616,-9.56931725566145,-5.67234179904694,3
2113,"ssp585",-17.2223336075083,8.5616339483989,-24.1717177629546,-7.65821456484004,-22.0043931288424,-13.7476415297852,-22.5469300103781,6.41160016878451,-27.848805365851,-15.420927527454,-26.1099312518402,-19.8959923326416,-20.4690037843523,7.26469957420569,-26.4023700162542,-12.3669303451583,-24.5200405039494,-17.5023206684014,3
2114,"ssp126",-7.23716760957409,5.93439239725705,-13.4012226576112,-1.56277974250933,-10.0743615431065,-4.15514008555556,-8.52317771605792,5.94397122206949,-14.5100197776243,-2.62302561993951,-11.4732537641171,-5.52975668527473,-8.02351682523882,5.93739862624584,-14.0738584665218,-2.20590496408029,-10.9323227558181,-4.99834600459733,3
2114,"ssp534-over",-5.23360805963414,2.5769829483245,-7.28405884166134,-2.34087636104933,-6.67997390892655,-4.20838266862055,-6.34802532071906,2.52409122189347,-8.16373573583979,-3.46572506131343,-7.78917545042188,-5.4401701131587,-5.91733275410356,2.50640275958061,-7.36555086606324,-3.02318844071954,-7.36440491079557,-5.19322369812372,3
2114,"ssp585",-17.6836662118984,7.89349781734616,-24.0006164415728,-8.83490001142144,-22.1080493121368,-14.5251910970612,-23.3714372777546,5.98983026527247,-28.272559193979,-16.6944925724535,-26.7099096304051,-20.9208763196424,-21.1521163450664,6.74696853143857,-26.5921290068747,-13.6023811352554,-24.9269839499718,-18.4321100141622,3
2115,"ssp126",-8.39687656847856,7.88436805530714,-16.9327667728383,-1.38718139638267,-11.9017241545265,-4.12893146629871,-9.95110606440551,7.80939744506809,-18.4253025946972,-3.04423564989363,-13.4045412716614,-5.71400779925968,-9.34527772134261,7.83724090302994,-17.8381921403322,-2.3923193616699,-12.821756901179,-5.09882051184781,3
2115,"ssp534-over",-4.59501941765443,3.73309002388615,-8.09987178824431,-0.669354055067643,-6.55785209894782,-2.84259323235948,-5.48550365192855,4.19833554904301,-10.2329121930448,-2.26173733059973,-7.09738681259296,-3.11179938137042,-5.14305656042515,3.94732336494698,-9.41744976992099,-1.63526382062568,-6.89695293032489,-3.00585995567723,3
2115,"ssp585",-17.7314998169022,6.85129580991047,-23.0318483223413,-9.99507118934416,-21.5997141306813,-15.0813255641827,-22.7545392357693,4.76127177856604,-26.2243914588823,-17.3264027170348,-25.4686074951365,-21.0196131242127,-20.7952841209966,5.59154936733541,-24.9685586513724,-14.4421190991972,-23.9718666318963,-18.7086468558088,3
2116,"ssp126",-5.69693876513171,4.13497277929843,-8.96586005706753,-1.04857449165919,-8.02112090186798,-4.06247811916381,-6.68367102031323,3.57750117474923,-8.78681211217408,-2.55295890307971,-8.74902707892999,-5.63210047438281,-6.30152770925184,3.77863209483652,-8.85724319914697,-1.96110580021543,-8.47173866377004,-5.02366996430427,3
2116,"ssp534-over",-5.78489724597006,6.39435911734135,-11.5676841034397,1.08234334309846,-9.21851754050432,-2.89350381723522,-6.88542122137129,6.58794875899206,-12.4069795847606,0.406954122920968,-10.5316088935174,-4.12464203967664,-6.45909200055534,6.50819466888602,-12.076830623397,0.67266493630655,-10.0249704689863,-3.65022268913453,3
2116,"ssp585",-17.4887453941331,6.71437153769379,-22.3552731891485,-9.82858322313186,-21.3188264796337,-15.0554814966253,-22.9206369905831,3.79382645880115,-25.4152629051044,-18.5547105017272,-25.103600235011,-21.6733240333224,-20.8003970860728,4.95103836795809,-24.2115718940241,-15.121688019828,-23.6397516191951,-19.0948096820971,3
2117,"ssp126",-9.86256240335578,8.83632271066013,-19.2572340978062,-1.71766120329865,-13.9350130033844,-5.16522655613058,-11.381949521913,9.41502070744452,-21.0619507801108,-2.25641547763973,-15.9447165440496,-6.5419488928141,-10.7924346535236,9.18073684189949,-20.3520394896547,-2.04445942004599,-15.1664222702625,-6.01263223545813,3
2117,"ssp534-over",-5.82618563884648,2.99468269282239,-7.84029232186384,-2.3848654399948,-7.54684573827232,-4.81913229733779,-7.24731939801564,2.51582413774142,-9.66062803108321,-4.64019117125949,-8.55088351139371,-6.04066508148185,-6.69496841122332,2.67015910757049,-8.96471277087618,-3.75290363897359,-8.16600079734818,-5.56009623139689,3
2117,"ssp585",-18.4357920463448,7.98639897843075,-23.5543217327853,-9.23325549187791,-23.0370603235783,-15.8765272031246,-23.845654358344,5.68147494372293,-27.6463608518787,-17.314412411915,-27.1112753315585,-21.9453011115766,-21.7363671742846,6.58455870936123,-25.6864736362189,-14.1351333915076,-25.5369840656731,-19.7613139433175,3
2118,"ssp126",-6.60364940464683,7.93167259617161,-15.2121495985516,0.408316238945472,-10.109632226443,-2.29939930769443,-7.91070560782282,7.68839118153834,-16.2575683809775,-1.11834880326398,-11.3068840101022,-3.73727422124546,-7.40150392604115,7.78262394527071,-15.8463378514568,-0.517730081475371,-10.843390848324,-3.17908696333333,3
2118,"ssp534-over",-6.42811608563794,3.65623921533968,-9.51386813392641,-2.38990723356266,-8.44722051167558,-4.88524006149371,-7.92551035416629,3.23164723634724,-10.4170904345913,-4.27398437929414,-9.75127334160237,-6.67972031395379,-7.34274214561053,3.39848549550753,-10.0617949384501,-3.53275301829917,-9.24773670926622,-5.98321574919076,3
2118,"ssp585",-18.9043342805712,9.42906054065223,-25.7959996656028,-8.15878283697652,-24.2771100023686,-15.4585015880555,-24.4644740541808,7.94451314867533,-29.9694142729444,-15.356926127781,-29.0182480173807,-21.7120039447989,-22.2967613922997,8.53968299799797,-28.3277415502637,-12.5250412656522,-27.1826214556235,-19.2812713133177,3
2119,"ssp126",-8.15646608223345,7.07116228553491,-15.9371804146544,-2.12211744535062,-11.1736404006749,-4.26610891602298,-9.73913780260553,7.19202876978057,-17.699449950762,-3.70950601428077,-12.7539536967679,-5.75898172852732,-9.12169940225268,7.14220474897312,-17.0062358563967,-3.08499751576112,-12.1400503454985,-5.17943117518066,3
2119,"ssp534-over",-5.20862746612597,3.05807759344074,-7.90268379875395,-1.88463599085184,-6.87062320376304,-3.86159929981198,-6.49178602764387,3.12275286737743,-9.90349981323442,-3.77511646445784,-7.85012080923689,-4.7859291348486,-5.99438179186747,3.05763944909877,-9.13858684125262,-3.03136591392433,-7.47588973083904,-4.42227926717489,3
2119,"ssp585",-18.675216944671,8.7161228012602,-24.798795589074,-8.69626526164507,-23.664692786184,-15.6134276224695,-24.174600377646,6.96385006792161,-28.6206620818698,-16.1490175645287,-28.1873917842046,-21.9515695255341,-22.0304677866745,7.66295334695479,-27.117275871472,-13.2169647315858,-26.4372193142188,-19.4870637442757,3
2120,"ssp126",-7.13384177604111,8.38397703079751,-16.5495233450282,-0.47669950216283,-10.4624129129803,-2.42600099154755,-8.67080520678425,8.49929055433829,-18.2193763341385,-1.93271415465948,-12.0398507328466,-3.89651964310714,-8.07166882201363,8.45125321425555,-17.5625156191051,-1.35989062408176,-11.4275579209796,-3.3262454234679,3
2120,"ssp534-over",-5.65243376828158,4.93577956582857,-10.0019340428941,-0.288121679341517,-8.33458981275161,-3.47768363097531,-7.11446150254259,4.49706830427904,-10.7739727349913,-2.09415632738057,-9.62461409012361,-5.28470588631822,-6.54598697140899,4.66812755683119,-10.4702802000008,-1.3836283518128,-9.12716628120709,-4.58384035711309,3
2120,"ssp585",-17.4036888219094,7.56018400188972,-22.6568009128197,-8.73892176965116,-21.7360723480386,-14.7771327764543,-22.6924453603916,5.45916377997279,-25.8962934096015,-16.3890335462941,-25.8441512674403,-21.0905213357866,-20.6306364753637,6.28708939283128,-24.5587298356382,-13.3793357869366,-24.2562868195773,-18.6665897952264,3
2121,"ssp126",-6.79367120544302,3.8166640373115,-10.8078134914446,-3.21118879724597,-8.58491240954155,-4.78660006244222,-8.10395769508989,3.03297074829307,-11.3171996847456,-5.29101232558646,-9.5104303798416,-6.49733670026202,-7.59344788326161,3.34028308239888,-11.1168252917051,-4.47277065855393,-9.15378649561545,-5.83175917903985,3
2121,"ssp534-over",-6.32819959353318,4.46083364635061,-10.4259513283302,-1.57648080424858,-8.70405898817548,-4.27932372613468,-7.95486634353759,3.82323968734762,-11.3943758843452,-3.8383445223068,-10.013127254153,-6.23511157313377,-7.321036622843,4.07526725987917,-11.0134321423103,-2.94848482313267,-9.50731252269817,-5.47483886310936,3
2121,"ssp585",-18.4902223105742,9.02776417776503,-27.1626996941957,-9.14482919188982,-23.1629188699164,-14.1539836187634,-24.3034132637555,6.69698817514388,-31.1486837204081,-17.7652756843667,-27.5724820534499,-20.8807780354292,-22.0343790520274,7.60409780640514,-29.5807395153529,-14.3738300100325,-25.8646535730249,-18.2611988203646,3
2122,"ssp126",-7.59272523094201,7.45132032880568,-15.9034100556394,-1.50824753280309,-10.6349640800115,-3.4373828185933,-8.86968538179032,7.66906623468194,-17.3785444603259,-2.49062298055415,-12.0592165824084,-4.61525584252255,-8.37242185010616,7.5809490089955,-16.7982791039432,-2.10413801533163,-11.5065637674934,-4.15949322318763,3
2122,"ssp534-over",-5.27538202281077,3.49889109679629,-8.21023240121019,-1.4033302826583,-7.211407892887,-3.80795683361106,-6.63023023957687,2.84472105270229,-8.78436196426899,-3.40555518275575,-8.24256776798744,-5.55316437723082,-6.10273327378367,3.10116178663883,-8.55851983458933,-2.61784227456638,-7.84517877339231,-4.87483999338084,3
2122,"ssp585",-18.2303122879944,8.03753321187832,-23.5559919025066,-8.98493553707259,-22.8530006634553,-15.5674724807383,-24.0284392131461,5.95658993766052,-29.0724895425349,-17.456830009148,-27.3142438151451,-21.5064140484516,-21.7678535373144,6.76093936457386,-26.9635297110333,-14.1238274917249,-25.5898665601091,-19.170015450455,3
2123,"ssp126",-5.68752794486043,5.0935544765698,-10.6730427646633,-0.492405146650278,-8.28508934396551,-3.19477053495902,-6.67420243027936,5.06489544799199,-11.0604501745317,-1.13088618403183,-9.44586055340313,-4.48107855815319,-6.29320125931393,5.06165900422705,-10.9080578921482,-0.879695743459881,-8.99995401724096,-3.9857729428968,3
2123,"ssp534-over",-6.50579240929483,4.3418547627676,-10.6039366613284,-1.95559792559319,-8.78088965114565,-4.45672028327807,-8.11746021145611,3.91986204017339,-11.6666348179469,-3.91021219954765,-10.2210842174103,-6.34287290821073,-7.49015561463098,4.08581508674346,-11.2486071978071,-3.14123020654069,-9.66461831867613,-5.61092982304294,3
2123,"ssp585",-17.8038438134833,8.16744320265008,-23.0732703858797,-8.39550622657971,-22.5080126069352,-15.1691305272852,-23.463306019197,6.31260273651558,-28.4443978854554,-16.3640188073687,-27.0129496251112,-20.9727600860678,-21.2567391149201,7.04188461970407,-26.391013132005,-13.2290561872098,-25.2705805787752,-18.6896021063776,3
2124,"ssp126",-9.10961013052513,9.69267721312899,-20.058236568534,-1.62440758124651,-12.8522114051644,-3.63529691152072,-10.5000442342823,10.1303056321097,-21.9175370649636,-2.58817837234778,-14.4559771652496,-4.79129781894168,-9.95805171296674,9.95544524011353,-21.186154445349,-2.20901282873208,-13.8325711550841,-4.34400034677561,3
2124,"ssp534-over",-5.65763787515799,3.75291462527641,-9.87618155014485,-2.68971294631459,-7.1416003395797,-3.54836603766456,-6.88159159180394,3.22704427724102,-10.5277298159758,-4.39288608877415,-8.12594434331884,-5.05852247971802,-6.40495845683971,3.43119047417177,-10.2714339249222,-3.72282576281799,-7.74602480385057,-4.47172072279845,3
2124,"ssp585",-17.8512186028175,8.38357508771285,-26.0629404309471,-9.30575751369361,-22.1239491473794,-13.7453576887527,-23.5876723634694,5.593659945412,-29.4816681921407,-18.3527405638104,-26.205138263299,-20.6406744491338,-21.3484860542092,6.67474816440926,-28.1368624060226,-14.7934873908024,-24.6259853859125,-17.9542978783025,3
2125,"ssp126",-6.04542113071517,4.92473724289343,-11.6732078894365,-2.52509370608755,-7.80558484302898,-3.2315277513545,-7.11370659867988,4.91529066484643,-12.7148169024592,-3.51895068904735,-8.91108455349615,-4.31315144679022,-6.697775778051,4.91614257619546,-12.3050850005845,-3.1279486720744,-8.48268933103931,-3.89412116678426,3
2125,"ssp534-over",-3.60678666459979,1.87593346817659,-5.60387038254227,-1.88169897454021,-4.46933050962958,-2.60824480562855,-4.78000311280371,0.938680811222408,-5.32777906487166,-3.69612884360842,-5.32194024740135,-4.50611513676973,-4.32577563463021,1.2435051918095,-5.4363835597118,-2.98229803029679,-4.99751443679691,-3.77047167208941,3
2125,"ssp585",-18.0451032195697,7.92941267293219,-23.4438414131525,-8.94137585863349,-22.5969669000379,-15.3457341227784,-24.0396970677676,5.95680682464077,-28.9394218426461,-17.409156458566,-27.3549673723684,-21.5898346803284,-21.7017512317857,6.73414193519122,-26.838458671287,-14.0777724157656,-25.5137406397958,-19.1333975120351,3
2126,"ssp126",-7.437209484877,9.05023620366039,-17.7949739368517,-1.05653193101454,-10.6275482618082,-2.25832725888966,-9.07555203317813,9.5568220294732,-20.0401690300861,-2.51355474328372,-12.3565506781253,-3.59324353472415,-8.4355327831259,9.35410301189689,-19.1569892148874,-1.94033458370277,-11.6831318828375,-3.07480456724516,3
2126,"ssp534-over",-5.84516593573426,7.54922343743475,-12.9612857553334,2.07310079750214,-9.80429930235247,-2.28710602593467,-7.45666878493749,7.54241658067417,-14.3132423919219,0.622273526698949,-11.4961399407557,-4.02838198144529,-6.83022755821606,7.54458965143373,-13.7814307840768,1.19305624381988,-10.841869459234,-3.35462594528568,3
2126,"ssp585",-19.0488518497386,9.63547998438286,-25.2029807446065,-7.94449036728368,-24.6010325909661,-15.9717874023047,-24.7385020849392,7.127009813102,-30.4948873123946,-16.7669519625634,-28.7242771461271,-21.8603094712114,-22.5197526363452,8.09962135487065,-28.4717887611429,-13.2960297498446,-27.1316140795955,-19.5437345739464,3
2127,"ssp126",-6.5281499640152,7.56454821070256,-15.116940481974,-0.856475608044432,-9.36398714200058,-2.23375470503581,-7.57257272191631,7.04982026500381,-15.5638436912555,-2.23356201423339,-10.2420780757578,-3.57693723724672,-7.16653759578311,7.24951019026506,-15.38804787958,-1.69179033923607,-9.90391122405663,-3.05578245388467,3
2127,"ssp534-over",-5.79542093042822,5.52499260666799,-11.0073536246555,-0.00317752428947416,-8.69154263349759,-3.18945458331458,-7.15828109041099,4.84967471956988,-11.4075016914754,-1.8749624940318,-9.79994038860059,-5.0336707898788,-6.62884621525349,5.11147429345834,-11.250097688246,-1.13856710610654,-9.37398576982697,-4.31822047875725,3
2127,"ssp585",-18.5744521807608,8.32364560731772,-23.5494387138461,-8.96514678927874,-23.3791048765019,-16.0869589142182,-24.416805221548,6.10602266501235,-28.7295775208443,-17.4299419622904,-27.9102368511769,-22.2604190718999,-22.1375822157426,6.98616961559191,-26.7492078409424,-14.0997324425527,-26.1565071023376,-19.8317694031427,3
2128,"ssp126",-7.11147602651095,6.76758796953393,-14.7913276519119,-2.020488191267,-9.65696994413292,-3.27155021381049,-8.1557503881363,6.23055712729549,-15.1647835515575,-3.24591081791422,-10.6106701732473,-4.6512338064257,-7.75060494569471,6.43746865823292,-15.0178792965875,-2.7638065243604,-10.2440041563619,-4.1169677702483,3
2128,"ssp534-over",-4.88170589863444,4.7006546256025,-8.8741931696284,0.299060927610502,-7.47208931175692,-2.88546226313747,-6.31823624065485,4.7966675644766,-9.95260255973484,-0.881445945229161,-9.03663138836769,-4.50105308111485,-5.76069775779521,4.75574671217209,-9.52839469969953,-0.417012353429959,-8.43254045997784,-3.87684928684306,3
2128,"ssp585",-19.9264857121126,9.42963668669447,-26.5525651829282,-9.13084274134068,-25.3243071974985,-16.6134459767048,-25.9437200795969,7.2944212091326,-30.7254528130072,-17.5478678822742,-30.1416461782583,-23.5528537128917,-23.5967445730389,8.14633124228806,-29.0839873844199,-14.2364519910099,-28.2768908640535,-20.8531231673484,3
2129,"ssp126",-8.182262067854,8.47932888273055,-17.6276774232023,-1.22636947279818,-11.6602083653819,-3.45955439017984,-9.71024086353126,8.83463322957966,-19.5936299869361,-2.58000594859902,-13.2753583209974,-4.76854630182883,-9.11382672806184,8.69250203357839,-18.8202942411206,-2.04745991696572,-12.6470101336099,-4.26059297153247,3
2129,"ssp534-over",-4.86755245258436,5.2816685514845,-9.7975966394942,0.706652961949871,-7.65465515985147,-2.40253035912944,-6.32365196172888,5.1172664879817,-10.8988584651152,-0.797680232306659,-9.08663782643999,-4.03604871003571,-5.75734776570822,5.18161837639373,-10.4656612705515,-0.205847279237333,-8.53309800894366,-3.40319101328658,3
2129,"ssp585",-18.5578203151078,8.61400719842042,-24.6281787838244,-8.6988458713078,-23.4873075370078,-15.5226410807494,-24.1721708685231,6.35953274069708,-29.6150895888306,-17.1816795884731,-27.667416508548,-21.4507115083693,-21.9819229787392,7.23970962261214,-27.7085910715965,-13.8443733664249,-26.0506977848964,-19.1185889323106,3
2130,"ssp126",-6.42024313858386,8.70023061319547,-16.3010652529941,0.0921184522956256,-9.67642393402361,-1.47983208137872,-7.5314805612749,8.79849336561132,-17.5505672987159,-1.06354382468947,-10.7654489295676,-2.52193719255442,-7.09776281849615,8.75758566597138,-17.0590576792818,-0.60888456386199,-10.3422019458132,-2.11711538810333,3
2130,"ssp534-over",-7.19542655291987,6.10052743261282,-13.2347828839326,-1.03551491100548,-10.2753823738771,-4.17574838741347,-8.56148059954679,5.34161574050419,-13.5887975432098,-2.9530811078283,-11.365680345406,-6.04782212771526,-8.03082516860982,5.63681596901093,-13.4495407800447,-2.19867452469601,-10.9469004905667,-5.32146736289237,3
2130,"ssp585",-19.9964496407641,8.74839884584622,-25.6665859484092,-9.92110193049163,-25.0341234959004,-17.1613814869416,-25.7021182421107,6.54428019678537,-30.814852481443,-18.3267714853734,-29.3897916204794,-23.1457511224446,-23.4765455567708,7.41220168509952,-28.846667587961,-15.0198230950939,-27.7049067876092,-20.7914845411756,3
2131,"ssp126",-5.98655320318191,5.54667057966776,-11.737767750757,-0.670002886189094,-8.64482836167832,-3.11094592939435,-6.99684689927504,4.59235283487267,-11.6123547381689,-2.42800472374547,-9.28126798703982,-4.68909297982809,-6.60455830298929,4.9653539250676,-11.6616877523087,-1.73637375861444,-9.03865057517672,-4.07599357832959,3
2131,"ssp534-over",-5.1861311204232,3.08752214938214,-7.34107578392514,-1.64899353789954,-6.95469991168503,-4.10865878867223,-6.21023407255584,2.65676754861097,-8.01137299333273,-3.15900477193247,-7.73584872286753,-5.3096646121674,-5.81268296437956,2.81272484917326,-7.45969465007428,-2.56493797129444,-7.43655546092212,-4.9891771215322,3
2131,"ssp585",-21.6434551614945,10.5952179612134,-31.1495050785186,-10.2207296941962,-27.3548178951436,-16.8904302029824,-27.6476034650839,7.9717721911201,-35.2604268792,-19.3598033999129,-31.7915034976694,-23.8411917580259,-25.3031833131711,8.99958263526308,-33.6433366017615,-15.7643200321171,-30.0726149536981,-21.1331066688759,3
2132,"ssp126",-8.52896891136796,4.96198510151136,-13.7286232540097,-3.84491713952876,-10.8709947972876,-5.92914174004709,-9.78944503031261,4.5858558907748,-14.3405348604295,-5.16959632316386,-12.099369383887,-7.51390011525416,-9.30039827639481,4.72741956528741,-14.0998306200255,-4.64844263453062,-11.6263760973269,-6.90068210457946,3
2132,"ssp534-over",-5.760787467713,4.81993391896941,-10.2949388025374,-0.698561225123446,-8.29190058900778,-3.4937118003008,-7.17469432611912,4.9029084455001,-11.563398563192,-1.88309059291198,-9.82049619272269,-4.9803422075827,-6.62508900572241,4.86939600717494,-11.0644316536447,-1.41707447599574,-9.22909627058575,-4.40541768176127,3
2132,"ssp585",-18.7410417038972,7.85040149120282,-25.2033595318024,-10.0046453026573,-23.1092399045172,-15.5098827899446,-24.3407319044055,5.54391568407723,-30.1008079263098,-19.041780030049,-26.9902078415837,-21.4606938934533,-22.1559108904151,6.39199223324027,-28.2285109337536,-15.4864013723036,-25.4906656494708,-19.1196108687458,3
2133,"ssp126",-6.04987576257161,3.12851626173736,-8.80941490881939,-2.65111590338896,-7.74925569216294,-4.67010618944773,-7.08414900452796,2.55752564786294,-9.07421057797277,-4.19949427640861,-8.52647636858764,-6.08911821780556,-6.68203082494153,2.77844594990779,-8.97004938910637,-3.59033312216991,-8.22787967632734,-5.53802154285911,3
2133,"ssp534-over",-5.60527653175423,5.29579947672019,-8.82176821529486,0.506981747267492,-8.66140567126509,-3.99703068998391,-6.89330894477171,4.85331444520017,-10.5414416295077,-1.38508638422983,-9.64742022504266,-5.06924260240371,-6.39413345935025,5.00669966631527,-9.76139625246906,-0.640711219241297,-9.27084457940472,-4.71050206279084,3
2133,"ssp585",-20.9359142489599,10.0949197405415,-28.9159731212849,-9.58746107780878,-26.6101408345355,-16.9458848127974,-26.8827364615637,7.10831693294557,-32.2564448800659,-18.822744156759,-30.9127326139661,-24.1958822523127,-24.562716934156,8.29220018948651,-30.9424222191903,-15.1894102132455,-29.2493702946113,-21.3728642916389,3
2134,"ssp126",-8.02115206754422,6.31291562427814,-15.3087452051503,-4.23194788273436,-9.91575415994915,-4.37735549874119,-9.26426713792673,6.26950722270376,-16.4854742384789,-5.20942623697488,-11.2916875884027,-5.65366358765063,-8.77884627113438,6.28148640758555,-16.0225909312217,-4.83573576889646,-10.7504015222533,-5.15697394109073,3
2134,"ssp534-over",-6.45428649140773,2.84344328519683,-8.2263481098395,-3.17451009598356,-8.09417468911982,-5.56825568219185,-7.69491219170222,2.55348863992162,-9.87131438010456,-4.88399249890554,-9.10037203810056,-6.60671109750106,-7.21390469178279,2.63490807476798,-9.14138301402797,-4.21144999129878,-8.71513204202479,-6.25016553066019,3
2134,"ssp585",-20.1625629452827,9.14589656445829,-25.7357267915208,-9.60730626227002,-25.440191286789,-17.3759810221636,-26.2137547521823,6.50297573802258,-30.9425097305646,-18.7978576188515,-29.9217033188477,-23.8493772629911,-23.8524671137241,7.5475386692106,-28.9519539855366,-15.1821219756657,-28.1876396827533,-21.3027236778179,3
2135,"ssp126",-8.80761785599792,8.21196841618256,-18.0939546980071,-2.5033093713814,-11.9597720983062,-4.16444943499331,-10.6552860393512,8.07956740492347,-19.824782792769,-4.58068652326729,-13.6925857973932,-6.07053766264234,-9.9348393672208,8.12777510296322,-19.1439366420364,-3.76340730671247,-13.020555397475,-5.33029072981302,3
2135,"ssp534-over",-6.30023523247346,5.63035704325658,-12.6139597212819,-1.80039765541628,-8.55015402100205,-3.14337298806923,-7.50388204694535,5.50771487253662,-13.6268461971202,-2.95347229432745,-9.7790869232543,-4.44239997185793,-7.03571836687086,5.5528707254592,-13.2284127187807,-2.49983105895379,-9.3036620208294,-3.93937119091593,3
2135,"ssp585",-20.3144629447165,9.11146050014688,-26.0220991307241,-9.80650353332376,-25.5684426504129,-17.4606448517128,-26.054814912412,6.47505251482229,-31.00971713568,-18.7283419367216,-29.7180514002572,-23.577363800778,-23.8149972000428,7.51042215994587,-29.1029482555482,-15.2183230198687,-28.1133342901299,-21.1710216722902,3
2136,"ssp126",-5.42223247328912,5.23910344506167,-11.2688017127354,-1.15305558286691,-7.55682091850022,-2.49894785356598,-6.40454277239561,5.07324139192416,-12.0764542337866,-2.29979095826565,-8.45691867946059,-3.56858704170011,-6.02177654326001,5.13680522784989,-11.7587524864257,-1.84864370830636,-8.10834296073683,-3.15328857167718,3
2136,"ssp534-over",-6.48283419930442,6.19943497342002,-12.3555364071831,-0.00155424236307945,-9.72347417777508,-3.54648309536509,-7.46047911670699,5.87360182360678,-12.6101002228437,-1.06333286021064,-10.6590522449552,-4.88566856363863,-7.08185109473091,5.99607965730982,-12.5099638808622,-0.645609195462851,-10.2999720443649,-4.36779470166528,3
2136,"ssp585",-20.8880414512338,10.2201765491346,-28.0851032655784,-9.18989730478531,-26.737113524458,-17.2895105440615,-26.9203873001769,7.44492553251115,-31.8585306818995,-18.3572224740904,-31.2019697132201,-24.4513156093156,-24.5663271770276,8.54816069551814,-30.3741986796363,-14.7506244495231,-29.4741785407798,-21.6623914257233,3
2137,"ssp126",-8.16576798620311,6.51342570050968,-15.178552155405,-2.30557939314961,-11.0958622827299,-4.65937590160216,-9.56764395253403,6.68820585597425,-16.7672329888289,-3.54782136569906,-12.5775552459515,-5.96784943438661,-9.0212431958563,6.6181464009116,-16.1423025099137,-3.05910002534204,-12.0023147811134,-5.4607135388276,3
2137,"ssp534-over",-6.57738058528013,5.25001807390771,-12.006145243786,-1.52653180253898,-9.1028049766507,-3.86299825602719,-8.05292498808974,4.50869993828479,-12.5224466116622,-3.50604232056088,-10.3263663218542,-5.81816417630349,-7.47958325948761,4.79664111206424,-12.3193520351411,-2.7272656772045,-9.85574205062916,-5.05969887166085,3
2137,"ssp585",-20.9445383241719,9.82851224767725,-28.4453568486094,-9.81829391599627,-26.5076605282598,-17.1941290619532,-27.1921683324406,7.11687359866341,-32.4872853250804,-19.1020744117946,-31.2372152927637,-24.5446098361207,-24.7543831494939,8.19483095313939,-30.8973345650538,-15.4496606729678,-29.406744387757,-21.6829074417139,3
2138,"ssp126",-7.82151269273129,8.2619007725901,-16.4419849246606,0.0277343373203051,-11.7461362077571,-3.51127657676662,-9.36427297073124,8.3752580023141,-18.1208376769324,-1.43115201160212,-13.3308334502958,-4.98599061763068,-8.7628766147386,8.32989716350346,-17.460436775485,-0.85719870167598,-12.7157155712699,-4.4140965343654,3
2138,"ssp534-over",-5.46888497728018,2.31923308025649,-7.12918003492342,-2.81901018270413,-6.79382237456821,-4.63873744845856,-6.86589180497343,1.69618767351961,-7.85890585604586,-4.90736735663425,-7.84515402914302,-6.36938477943721,-6.32138453294934,1.94064027353289,-7.5718576980543,-4.08576839303403,-7.43919260290699,-5.69614795039686,3
2138,"ssp585",-19.923371189264,8.86192944736621,-27.0258225892751,-9.99247609242008,-24.888818737686,-16.3721454892585,-26.0507465743121,6.04064109999175,-30.7459322945892,-19.2359657633493,-29.4581369797934,-23.7031537141735,-23.6602709723476,7.16011438768528,-29.2825735815942,-15.5994031923056,-27.6907048623685,-20.8491196677242,3
2139,"ssp126",-5.49966030366189,3.75807077883689,-8.751897949751,-1.38550838221042,-7.55673626438762,-3.87354148061733,-6.5411383883277,3.24432337225587,-9.03872924244331,-2.87425196053311,-8.37458160222499,-5.29234296126989,-6.13640553947282,3.44291865449888,-8.92590002379922,-2.28855225538424,-8.06033218151711,-4.74165829730963,3
2139,"ssp534-over",-5.41177029053335,6.5634193707978,-12.4587236086511,0.527034614575308,-8.38117274308768,-1.88829363147449,-6.60723359076387,6.70196195046512,-13.6355792207835,-0.288054133298471,-9.76682331949657,-3.09306077575404,-6.14284636845668,6.64395680720109,-13.1726461219314,0.0326170999824826,-9.23057810267627,-2.62794649171935,3
2139,"ssp585",-20.7586017288219,10.675508802277,-27.4605143133903,-8.44774789420523,-26.9140286461303,-17.4076454365378,-26.7786280699075,7.77358429021929,-33.0035736721268,-18.0656060185723,-31.1351390955752,-23.6661552687979,-24.430832243383,8.89688958148895,-30.8844592821595,-14.2817598615651,-29.505368434292,-21.2040187239948,3
2140,"ssp126",-6.84607504134337,4.87001823562092,-11.6899261816893,-1.95030484935051,-9.29396013733979,-4.42414947117038,-8.32682134127561,4.71639316167053,-13.0317825623617,-3.5990787690724,-10.6906926273772,-5.97434073073257,-7.74967204924255,4.77692078633661,-12.5039440356,-2.95042011979294,-10.1492980139674,-5.37253605606382,3
2140,"ssp534-over",-5.26671476092582,5.7519263180155,-11.2944203139817,0.162656736731013,-7.98140050975424,-2.2528619843979,-6.51698248607935,5.28601070819023,-11.9118669459722,-1.34702626114583,-9.10196059854611,-3.81954025613295,-6.03113235121883,5.46683619217281,-11.6689854235692,-0.753088594780918,-8.67015422943778,-3.21220581504364,3
2140,"ssp585",-20.5435928517749,9.43507351754796,-26.345931710183,-9.65679507467676,-25.986991740324,-17.6424234225709,-26.6297256735061,6.44461290256162,-30.9331354900016,-19.220308959983,-30.3344340302676,-24.4780207652583,-24.2550492507886,7.62274921605341,-28.904999306987,-15.4578428480406,-28.6536524521626,-21.9300742226894,3
2141,"ssp126",-7.17662581207523,8.11995512962981,-15.8224733137493,0.28805891639021,-10.9089681763079,-2.85370206123819,-8.55069583590085,8.11700397260524,-17.2362792480625,-1.15729204630691,-12.2473977306978,-4.20790412982003,-8.0148174958601,8.11699078767883,-16.68013832848,-0.58866381172395,-11.7278943379282,-3.68215707955017,3
2141,"ssp534-over",-6.99396011745818,5.23200203839377,-12.4804277560266,-2.06032679854782,-9.46077677691335,-4.25072629817395,-8.35068199221381,4.79834171888429,-13.2594683180631,-3.67099202738792,-10.6905269746268,-5.89628882928919,-7.82316417966196,4.96679131170771,-12.9530214967223,-3.03732605336702,-10.2160832428094,-5.25823552113181,3
2141,"ssp585",-21.0525370846589,9.66750602419005,-27.5232797892646,-9.93948908464799,-26.6090610846644,-17.8171657323561,-27.1399215848278,6.84416120539086,-32.7402078351007,-19.5106855799022,-30.9545395872906,-24.3397784596913,-24.764427542092,7.94832569803167,-30.7457736106266,-15.745196984809,-29.2740428207336,-21.7737545078247,3
2142,"ssp126",-9.18181712896891,9.65098120615223,-20.0409244268247,-1.58402000622531,-12.9807156903407,-3.752263480041,-11.0506917758841,10.1600901858063,-22.4646295851483,-2.99447823767196,-15.0787985449902,-5.34372287125203,-10.3220542223019,9.95653957408999,-21.5112302657419,-2.43957745938357,-14.2632926037611,-4.72746620058196,3
2142,"ssp534-over",-4.34859661725189,3.40409381972118,-6.95456743243064,-0.497172115571512,-6.27430886809207,-3.04561120966251,-5.56828910417927,3.35518013039375,-8.81617159940205,-2.11522834699282,-7.2948194827725,-3.94434785656788,-5.09534169403345,3.35443373393653,-8.10447938697163,-1.4786546136401,-6.90368523423013,-3.59077284756436,3
2142,"ssp585",-21.7917813344107,10.6831991508642,-28.0101801886447,-9.45602345550518,-27.9596602738635,-18.6825819072937,-27.8235599908605,8.07123573125346,-33.0752322481048,-18.5299056203897,-32.470387176096,-25.1977238622384,-25.4693882117242,9.11078478326387,-31.1388602898615,-14.9600698300542,-30.7240474025592,-22.6346521726555,3
2143,"ssp126",-8.58828929057429,6.37153635067461,-15.0478932544118,-2.30863273167171,-11.7281175700256,-5.35848730865555,-9.55899343144701,5.73223969702515,-15.0662837029927,-3.62558614374292,-12.5256970752991,-6.80534829567415,-9.18294416827304,5.97828255932999,-15.0590495552663,-3.10747191885138,-12.2206802929839,-6.24489147477641,3
2143,"ssp534-over",-5.20466466641061,4.0560784798472,-9.82105781366636,-2.21202790755309,-6.70098304583937,-2.89646809278273,-6.60038149388344,3.70034769242367,-10.7617000763212,-3.67999380227617,-8.06057533968708,-4.51972220266456,-6.05788876748736,3.83511526030909,-10.391684899376,-3.10246842837894,-7.53559893704157,-3.89099070154303,3
2143,"ssp585",-19.0685007514464,8.02767969256696,-24.2065794094591,-9.81786340815424,-23.6938194230924,-16.49946142244,-24.9182544171749,5.03128663042914,-29.1418828928097,-19.3517959093363,-27.7014836710941,-22.8064401793574,-22.6351979388235,6.19083728004383,-27.2551138806864,-15.6009676699004,-26.152313073285,-20.325239967892,3
2144,"ssp126",-8.17774983752697,7.61724409967008,-16.5920870048259,-1.75211214203085,-11.390568685275,-3.97058125387752,-9.41266818057629,7.71167189310335,-17.9460112516135,-2.94226675896315,-12.6478688913829,-5.14599664505769,-8.93115422222841,7.67282660056045,-17.4134256559679,-2.47403756330529,-12.15971255169,-4.69001850535869,3
2144,"ssp534-over",-4.46289793894782,4.57793004020695,-9.10048029851523,0.0529516940184731,-6.72082275543097,-2.14410675916411,-5.49710592983835,4.18705871276589,-9.53864463524912,-1.17830821924685,-7.6565047851341,-3.47633657713296,-5.09554859005219,4.33767114524911,-9.36628638490848,-0.693907427423708,-7.29636917136643,-2.96017969262404,3
2144,"ssp585",-21.8400351189298,9.95797542769652,-29.1047347252338,-10.4889173220347,-27.5155940173773,-18.2076853157778,-28.3598338626255,6.90783700517824,-33.4770389127727,-20.5022813051237,-32.2886101413764,-25.8012313375518,-25.8140761138487,8.11940383062133,-31.7571301102017,-16.5628357096295,-30.4396963159583,-22.8425491156722,3
2145,"ssp126",-5.12208562446088,4.21493113873256,-9.41934099913773,-0.994609360837353,-7.18582375627264,-2.97345793712245,-6.26477548434211,4.02578942309408,-10.3130611018247,-2.26186585038896,-8.26623030131868,-4.24063267560082,-5.81993199109476,4.09976007708869,-9.9615034320663,-1.76330332888703,-7.84824632219862,-3.74914627060899,3
2145,"ssp534-over",-4.64980380965322,3.82287927554955,-7.68569896450286,-0.356624455962392,-6.79639348649864,-3.1318562322284,-5.76494407845801,3.62191017734186,-8.30064727826591,-1.6168337584743,-7.83899923844987,-4.49709247855406,-5.33168702574634,3.69914829728787,-8.05874850530734,-1.12104373280805,-7.43700867221548,-3.96815628596584,3
2145,"ssp585",-20.0292626188378,8.10142370964246,-25.93880058318,-10.794279714422,-24.6467540710457,-17.0744936366667,-26.5586144169012,4.20314508564634,-29.270773889196,-21.7169110839459,-28.9794660833789,-25.2025346807538,-24.0096714007284,5.74456237274208,-27.9600942170723,-17.4197426086416,-27.3046357967719,-22.0344599925565,3
2146,"ssp126",-7.75804193264464,5.38959437937943,-12.9041641484839,-2.15417281711836,-10.5599764904078,-5.18498082472502,-9.13568799652331,5.10260500674667,-13.8592352642675,-3.72388915588393,-11.841587416843,-6.77391436265121,-8.59967342206688,5.21538271835221,-13.4835442902042,-3.10633324486654,-11.346343510667,-6.15773798799821,3
2146,"ssp534-over",-4.30198390113242,3.63697843763863,-6.78920544057496,-0.127859709474965,-6.38904599696114,-3.05837313141114,-5.35958431399724,3.07961243821362,-7.24172984617099,-1.80562829058928,-7.13656232570122,-4.41851154791037,-4.94815198379532,3.29427956672924,-6.93612613171397,-1.14556259655362,-6.84944667741618,-3.954164909836,3
2146,"ssp585",-23.586100590784,12.0243006527169,-33.8850607601388,-10.3723554584125,-30.1929731569697,-18.4366205061065,-30.080214488418,8.92228089534646,-37.9399582555253,-20.3818577680959,-34.929392848579,-26.1503426048643,-27.5454609655386,10.148245743668,-36.3449059451864,-16.4439314275009,-33.0962257345575,-23.1457384757147,3
2147,"ssp126",-6.27823632072531,4.27102452987159,-10.8029711078952,-2.31683041548278,-8.25893927334657,-4.01586892714034,-7.77821105778288,4.10825814221191,-12.1206199889038,-3.95310258374993,-9.69076529479936,-5.60700659222242,-7.1938463336309,4.171226528736,-11.6023038306632,-3.30936235846739,-9.13608832121264,-4.98961758511475,3
2147,"ssp534-over",-3.94499529719492,3.19424515453005,-6.61834068421626,-0.40761352738464,-5.71368618210006,-2.60832260368425,-4.99632387978584,2.56718836192371,-6.60528892791504,-2.03571527150898,-6.47662818392427,-4.19184135572124,-4.58841466371694,2.79794156830754,-6.61042302416924,-1.39518944465009,-6.18502727325037,-3.5774104834908,3
2147,"ssp585",-22.0141411152529,10.2602673747612,-29.5118592118994,-10.321022874972,-27.8607002353933,-18.2652820669296,-28.5193437146586,7.30384746599417,-33.6463845232985,-20.1565753231928,-32.7007279103915,-25.9558233103386,-25.9807019859966,8.47919354542158,-32.0200094650868,-16.2870841275434,-30.8275109152232,-22.9610482464515,3
2148,"ssp126",-6.51611746330503,6.26947047990386,-12.8446723471143,-0.307450934843605,-9.62045072753574,-3.35184002140037,-7.71496899419264,6.57324571266582,-14.3124553270115,-1.16623509467632,-10.9893359439508,-4.4162258277832,-7.24805158041644,6.4536178415438,-13.7350817594121,-0.828373265060737,-10.4578907380943,-4.0045364909186,3
2148,"ssp534-over",-6.12323419358935,5.17782994019998,-11.6691065974676,-1.41577031039118,-8.47696613518843,-3.35029799165021,-7.46418050105039,4.62444745028907,-12.3817154903144,-3.20294207946618,-9.59479971184249,-5.00541300641836,-6.9422845431179,4.84073576823267,-12.1014005225017,-2.49983511501705,-9.16350925716833,-4.36272655342601,3
2148,"ssp585",-21.3594900901012,8.49114493844044,-26.8726902913194,-11.5812797737675,-26.2485952482681,-18.6028899894921,-27.6850262311853,5.03664701540698,-30.9319706245988,-21.8829385655261,-30.5860700640149,-26.0615540344785,-25.2161724835597,6.39655343300889,-28.915523071947,-17.8300723737033,-28.9092225384879,-23.3664971893661,3
2149,"ssp126",-8.51814559583004,7.84765477703727,-16.5154155716759,-0.829193521309891,-12.3626216330901,-4.5195106079071,-9.49322144068613,8.00171056193749,-17.4257172386263,-1.42404718010928,-13.5278085709745,-5.52697354171602,-9.11488770779763,7.93884492281922,-17.0676369718313,-1.19002057026283,-13.077321276565,-5.1385130757808,3
2149,"ssp534-over",-4.68306847887442,4.24710283144169,-8.74752403356609,-0.274281583014584,-6.88746192680434,-2.65084070152859,-5.63635697965415,3.5919872882446,-8.705441598074,-1.68563744543675,-7.61171674676285,-4.10181467044423,-5.26683888168468,3.84138889133725,-8.72199532995815,-1.13038352225131,-7.33506656140137,-3.53926065754795,3
2149,"ssp585",-20.4350006239747,9.53512459677096,-27.739665477422,-9.64824428147096,-25.8283787952266,-16.7826681972511,-26.5321792504022,6.09389054434061,-30.9680700425866,-19.5837310664169,-30.0064033423948,-24.31423385431,-24.1524966671385,7.45719662230421,-29.6981306258114,-15.6749238244004,-28.3912830885076,-21.3796796878021,3
2150,"ssp126",-7.2291514848812,6.79571823348103,-14.7140906071644,-1.44620377863431,-10.1206253380046,-3.4866819237396,-8.5217338417586,6.21904007058434,-15.463902742078,-3.45968188121015,-11.0527598220328,-5.05064939159892,-8.01735152910819,6.44252775346957,-15.1689533433633,-2.66754175165805,-10.6922564178333,-4.44155062198065,3
2150,"ssp534-over",-4.83342115726371,3.21420594994212,-6.80350354200652,-1.1243752959099,-6.68794408794061,-3.8483799648923,-5.83863757233735,3.11885828594515,-8.32010227756923,-2.33758960120149,-7.58916155790527,-4.59790521972141,-5.44879238610248,3.14726708650357,-7.74030581566199,-1.86028829072849,-7.24304443378947,-4.30303567132272,3
2150,"ssp585",-21.7045773713606,10.8641364455218,-28.3674990914333,-9.16803278975748,-27.9728496621621,-18.3731165113242,-28.2612155811402,7.83422274991097,-33.0068701456927,-19.2187467672163,-32.7824499881021,-25.8883882988639,-25.7019060371808,9.03897273867965,-30.9314868986291,-15.2646069819313,-30.9205555648056,-23.0871156064567,3
2151,"ssp126",-6.07191171152577,3.77683742072154,-9.87029943363224,-2.3169999470789,-7.94936759374921,-4.17271785047253,-7.05774880829765,3.82340452729307,-10.9266880144955,-3.28156689232683,-8.94583976628306,-5.12327920519872,-6.67339208678015,3.80496227356999,-10.5111423568214,-2.90208812670585,-8.5590440668173,-4.75451695175953,3
2151,"ssp534-over",-5.24842008007093,5.48047480202425,-10.9595682635054,-0.0321905972043757,-7.8565348215042,-2.39284598835367,-6.21217990411601,4.92138903537688,-11.1961747982046,-1.35588209347531,-8.64032880943636,-3.72018245707174,-5.83795571163987,5.13901587882917,-11.1031022112298,-0.835116979615049,-8.33937507765227,-3.2053824618449,3
2151,"ssp585",-22.9611951453228,11.8538563656076,-32.628494205326,-9.7357992297467,-29.5738931031109,-18.1275456153212,-29.3669005289538,8.38246271255656,-36.550633923719,-20.1571016486321,-33.9717999691146,-25.7750338315712,-26.8649090604223,9.75231965640003,-35.0078037963452,-16.0571654051554,-32.2687808880558,-22.7934616924608,3
2152,"ssp126",-6.72611319709612,9.628755173397,-17.7906080284931,-0.24748225252992,-9.96542866937922,-1.19386578139764,-8.04220328769253,10.115990325798,-19.6713592635594,-1.27614816479542,-11.4252308491411,-2.22762529975909,-7.52831290295735,9.9215758890859,-18.9315386870643,-0.871451660788063,-10.856743524042,-1.82670001090387,3
2152,"ssp534-over",-5.05888813573482,4.98860287952367,-10.1733417076837,-0.206463714506174,-7.48510034634915,-2.5016613497604,-5.94545770945127,4.05783421201056,-9.66147007377724,-1.61571983203984,-8.11032664815698,-4.08745152728828,-5.60318663861873,4.40754874814229,-9.8628221506641,-1.06129198795895,-7.87413396394862,-3.47336888259604,3
2152,"ssp585",-22.0893504583303,11.4963644874291,-32.7217410993621,-9.88979851693565,-28.1891264290276,-16.7731551378143,-28.5224383974758,8.21611889769616,-36.8579559472496,-20.4311646010629,-32.5680752956822,-24.3546796225889,-26.0087440951387,9.48345475555521,-35.230916285535,-16.2839930550431,-30.8711196151865,-21.3976579999405,3
2153,"ssp126",-6.62487318050475,7.86905447386853,-15.2940510463059,0.066839987780645,-9.97072976464745,-2.2902842476042,-8.14676942951739,8.18838791887911,-17.1436876814426,-1.13011785932491,-11.6550952146136,-3.64831030355477,-7.55369028988122,8.06067707404122,-16.4161064808034,-0.659212145047903,-11.0009293622979,-3.12248219442014,3
2153,"ssp534-over",-6.59022942242669,4.47385379595179,-11.2729460873615,-2.35956135767376,-8.70556345480315,-4.24887108995929,-7.82745245003489,3.69403600225452,-11.4402793667322,-4.05723827917923,-9.71255953546272,-6.02103899168622,-7.34755258790783,3.99300123260539,-11.374456412105,-3.38934026984973,-9.32665874693688,-5.33410067580925,3
2153,"ssp585",-21.4486561393762,10.0108456702918,-29.2183443205243,-10.1515930686185,-27.0971876747551,-17.5638120488022,-27.8150654165663,6.33980495005164,-32.6215765911863,-20.6299467455944,-31.4076247520523,-25.4118098292564,-25.3297991440109,7.79432265967374,-31.2828661793657,-16.5075654648873,-29.7409159835727,-22.3532656263335,3
2154,"ssp126",-6.14063005115635,5.60067455652437,-12.1732736150528,-1.10614965023546,-8.6578702516168,-3.12430826920814,-7.36434727142264,5.59772845386503,-13.3700875039369,-2.29196585104557,-9.90053798161118,-4.36147715516554,-6.88771100394961,5.59763410829202,-12.8993035295744,-1.82544346983217,-9.41884477100833,-3.88191474113719,3
2154,"ssp534-over",-4.69943641603603,4.21351309398854,-8.94164746105337,-0.515219970585378,-6.79154463876135,-2.57833089352736,-5.57274448315279,3.42194133861357,-8.57197019044872,-1.8453151217031,-7.43645916387764,-4.07313162950483,-5.23531226346168,3.71648779060365,-8.7173880672825,-1.32203068966725,-7.19195305035889,-3.49427436155126,3
2154,"ssp585",-20.2927511413651,8.17549106557877,-27.510984115278,-11.4147174303392,-24.7317679968781,-16.6836346544087,-26.5720834633769,5.51295113802245,-32.7253248869291,-22.0827188831539,-28.8167657534884,-23.4954627516008,-24.1210545516428,6.4313032511454,-30.7318797786815,-17.885726602938,-27.2387185259951,-20.8156419381234,3
2155,"ssp126",-7.90809760437633,8.55580073174492,-17.2061710436308,-0.36750440077724,-11.6783942061759,-3.25906088474909,-9.38136336027283,8.65661192709761,-18.8527230338418,-1.87856597867976,-13.1327620510694,-4.64568352348835,-8.80646055275128,8.61508245998943,-18.2050281022024,-1.28408595302187,-12.567647852616,-4.10717677802573,3
2155,"ssp534-over",-5.50239829362766,4.61075547658241,-10.2311683013724,-1.01949571247982,-7.74384958420159,-3.13801328975531,-6.87861703804609,4.35901032425763,-11.2571302323622,-2.53937493805686,-9.0482380880407,-4.68936044088801,-6.34307138691448,4.45706046139038,-10.8535533354846,-1.94142588407316,-8.54389413833514,-4.08783041262943,3
2155,"ssp585",-22.3598645805437,10.6997087549585,-29.6412327261109,-10.0751058963587,-28.5022439226363,-18.7191805077602,-28.8045721806643,7.14944611545109,-33.2427960787528,-20.5570934353338,-32.9283115533295,-26.58546023162,-26.2886275143461,8.55673344263478,-31.8260692803567,-16.4332825250165,-31.2163000090108,-23.5199066313408,3
2156,"ssp126",-6.69248469360063,6.76726602285698,-14.1224596941735,-0.881669661702645,-9.59789220954962,-2.97749719331418,-7.74510153001838,6.54203657078857,-14.8713373557633,-2.01154248446408,-10.6118810527955,-4.18198361714592,-7.33573633002876,6.62865157573054,-14.5767555455846,-1.56702927964966,-10.2200898552183,-3.71522672225083,3
2156,"ssp534-over",-3.15346193520316,1.78524523640731,-4.34235673231082,-1.10059161267537,-4.17989709646705,-2.55901453664932,-3.68095586962224,1.90257367699034,-5.65902282843383,-1.86413925060804,-4.58936417912934,-2.69192239021644,-3.47830050836718,1.80766708170826,-5.15566071547381,-1.56374525871044,-4.43557813319556,-2.63962040481387,3
2156,"ssp585",-24.0763814231924,12.0771750518801,-31.9783585848894,-10.1741504608234,-31.0274969043768,-20.1253928423438,-30.653604542313,8.39367850025874,-35.6402554492312,-20.9627917970898,-35.4990109149246,-28.1602790888539,-28.0856401296843,9.85378152335152,-34.199795595354,-16.7183375192568,-33.7692914348981,-25.0285623968495,3
2157,"ssp126",-6.07791695710296,7.28971079780535,-14.2190384542673,-0.15492831736101,-9.03941127697394,-2.00735620852081,-7.04879497154909,6.43833816136627,-14.2639131884655,-1.88922100586623,-9.62858195439051,-3.44123586309088,-6.67103486351887,6.77116718130626,-14.2462610656831,-1.20691766559336,-9.40309346248163,-2.88342176243678,3
2157,"ssp534-over",-6.49649304999881,6.26264414047046,-12.3086451751674,0.13582473657395,-9.81265194328519,-3.5904169874145,-7.57557360236447,6.19761657517625,-13.1112208319461,-0.879912347711421,-10.923404229691,-4.80774998757368,-7.15631627223165,6.22272936116784,-12.7955161422411,-0.480302287633122,-10.4943232645309,-4.33671633722695,3
2157,"ssp585",-21.9475240967395,9.87838678643387,-29.0772242267526,-10.6717689263345,-27.585401681942,-18.3826740317329,-28.373051227478,5.90394085017696,-32.4260570820473,-21.5992990735876,-31.7599273044231,-26.3465483001933,-25.8637201012543,7.47851909952195,-31.1087454634789,-17.3002033270505,-30.1454784883562,-23.241207420142,3
2158,"ssp126",-6.89160915953221,5.70526746744346,-12.605811891756,-1.19531913706917,-9.73975417076373,-4.03450779342029,-7.89495356523928,4.77641830326553,-12.3612781285799,-2.85944753610594,-10.412706579806,-5.66179128356897,-7.50610890331123,5.13531368048553,-12.4574690050087,-2.2047481460714,-10.1567892819311,-5.03042885246251,3
2158,"ssp534-over",-2.85800969750425,3.11471247742695,-5.1235738121545,0.693831732561836,-4.6339304125373,-1.72522764017913,-3.78202902092941,2.66655183607965,-5.64473982498393,-0.727414322479862,-5.30933637015418,-2.85067361890215,-3.42406056198627,2.81966294258505,-5.07111595777782,-0.168269411628398,-5.0519561371652,-2.60053286409049,3
2158,"ssp585",-22.6192221002256,10.811737249092,-29.6973853082508,-10.1740545689484,-28.8418058658642,-19.080140496213,-29.3656135625669,6.90989186115443,-33.3987988726323,-21.386918281459,-33.3549612031209,-27.3490209075342,-26.7312580615442,8.45526353683945,-31.9427945558515,-16.9755669474091,-31.6091036186118,-24.1254898143906,3
2159,"ssp126",-8.54728718547958,7.71375462440895,-17.2209288089087,-2.45605303967599,-11.5929042583814,-4.21046637376504,-10.0997598638609,7.86978698026039,-18.9726258356424,-3.9639934204705,-13.1676430855562,-5.66332687797021,-9.49420000622156,7.80566677811144,-18.2835705900574,-3.37074133241885,-12.5559293431229,-5.09951471430364,3
2159,"ssp534-over",-6.26326316395533,5.44804721230117,-11.3475667548222,-0.512745557959397,-9.1385219669533,-3.72111136852191,-7.78530827583466,5.12792885057582,-12.2065878938235,-2.16367605974883,-10.5961243838776,-5.57466846684024,-7.19414311378896,5.24996677250597,-11.8686795610104,-1.51416897055032,-10.0341301854083,-4.85687489017824,3
2159,"ssp585",-24.2134466061445,13.1065418073704,-34.0140767932918,-9.32603112760276,-31.6571543454154,-19.3131315125709,-30.723828073492,9.56229299516392,-37.7870392130479,-19.8423426663357,-36.1645707770702,-27.1922225037141,-28.1820169328819,10.9681260229284,-36.3028901238783,-15.7050280493826,-34.4205113746315,-24.1215803373836,3
2160,"ssp126",-7.59312536427365,7.62185840365415,-15.9290025643215,-0.980275926479724,-10.8995500831706,-3.42518676424972,-9.09709417872599,7.79521483261985,-17.6616558843911,-2.41656680414313,-12.4373578660174,-4.81481332589343,-8.51041314525489,7.72513503853341,-16.9800917550049,-1.85150297729978,-11.8398682292324,-4.27557384037989,3
2160,"ssp534-over",-4.74152734393257,4.10210277301695,-7.6682064790704,-0.0527949180663886,-7.08589355686566,-3.27818777636365,-5.67071825376662,3.72548343065064,-8.21992439374514,-1.39521734580048,-7.8084687077497,-4.39611518377737,-5.3115131042354,3.84910646406614,-7.56376530855089,-0.86708313144845,-7.53372809062887,-4.18538700207765,3
2160,"ssp585",-21.6624974245454,9.41988865498035,-28.0767441691631,-10.8476555179716,-27.0699183778323,-18.4553740522366,-27.8230171784329,5.87232826753506,-33.1268403529229,-21.5123716459552,-30.9783399446718,-25.1711055911879,-25.4181192323725,7.22556580714741,-31.1961860335068,-17.3166718742766,-29.4688429114204,-22.5290858318053,3
2161,"ssp126",-5.33535594399796,5.76475182293169,-11.9551788207241,-1.42061197461999,-7.29272792868694,-2.02544450563487,-6.58455140901328,5.66517377529775,-13.1105134729173,-2.9303437679387,-8.41165522955056,-3.32157037706126,-6.09712730708492,5.70054311755581,-12.656045953506,-2.33638690452983,-7.97749750836246,-2.81766798387437,3
2161,"ssp534-over",-3.40732049247895,1.5062389543556,-4.72755773089513,-1.76664794138202,-4.22765676802741,-2.74720187327086,-4.27285695616345,1.9460983101848,-6.50555308065105,-2.93605562295805,-4.94125762276614,-3.15650889391964,-3.93891371078314,1.6534329487597,-5.82582456123256,-2.74343428295872,-4.53665342469535,-2.99545828555843,3
2161,"ssp585",-26.0001658655112,13.9621489135492,-35.9003971103164,-10.0304918010176,-33.985002897758,-21.0500502431085,-32.9266573040636,10.4132869021555,-40.4840443076413,-21.0485212063167,-38.865725352937,-29.1479638022747,-30.2209179199293,11.8213156309144,-38.6810006893526,-16.7138213507002,-36.9744662045438,-25.9908765352176,3
2162,"ssp126",-8.31817363069599,8.44859683244628,-17.9543588561328,-2.18222701884635,-11.3861469366208,-3.50008101797758,-10.082462282486,8.71006190839,-20.0681448805051,-4.05049359152667,-13.0984466279657,-5.08962098347646,-9.39325429624258,8.60266980611598,-19.23665671451,-3.31548240713506,-12.4321402407963,-4.47155308710888,3
2162,"ssp534-over",-5.44161563155992,3.79090395770176,-9.50254466146134,-1.99602060068609,-7.16441314699683,-3.4111511166092,-6.65012124430779,2.96310360378647,-9.88845883564548,-4.07446920248705,-7.93794726521815,-5.03095244863894,-6.17898276908864,3.28634797727475,-9.73665393901731,-3.25676845739739,-7.64008992493427,-4.40014718412431,3
2162,"ssp585",-24.0252429814757,11.0360411345804,-31.7278606886244,-11.3820933498111,-30.346817797308,-20.1739341279014,-30.9324621418569,7.06083724256681,-35.8800209441043,-22.8464934183968,-34.975446503587,-28.4586827407332,-28.2340275748982,8.63753896665988,-34.2467089267387,-18.3361829541565,-33.1829498852691,-25.227686898978,3
2163,"ssp126",-8.60480307412993,6.76145086881531,-15.3034236117906,-1.78222632823128,-12.0160914470793,-5.25549280529962,-10.0314605818693,6.66710691918698,-16.4997728446136,-3.18191829883998,-13.456231723384,-6.79730445049718,-9.47644920939434,6.70374600507055,-16.0291716494027,-2.63125316992074,-12.8990472291311,-6.20008798939014,3
2163,"ssp534-over",-4.92594610253763,4.7915231319518,-10.3942927442985,-1.46267561516568,-6.65758134622361,-2.19177278165718,-5.52689199049226,3.98017305219368,-10.068303793284,-2.64507099886629,-6.96780248630525,-3.25618608909642,-5.29397023802131,4.29716876094602,-10.1965362406029,-2.17989443139918,-6.85100814133238,-2.84268723673053,3
2163,"ssp585",-22.8801167852199,11.1420620694489,-30.9119234782505,-10.1600128382018,-29.2401687587289,-18.8642134387046,-29.5284281946399,7.05638505520341,-34.4851870669419,-21.449559837092,-33.5678623734139,-27.0500487584889,-26.9317571641876,8.67563624880927,-33.0795923881425,-17.0080398568922,-31.8936158178353,-23.8578395522102,3
2164,"ssp126",-6.69913443531795,5.10366185309444,-12.2026250081915,-2.12227053726972,-8.98756638434207,-3.94738914888119,-7.95254918556731,4.64072941195311,-12.9452197054757,-3.77059822661913,-10.0435246650414,-5.45621392561312,-7.46452056916467,4.82151248277484,-12.6531093897658,-3.12211513275526,-9.63572328736938,-4.87022615886411,3
2164,"ssp534-over",-4.95590051486019,5.71214684839718,-11.4347877141573,-0.645645488422641,-7.11102802807897,-1.71645691521163,-6.18538040157333,5.44450868698119,-12.347075747859,-2.02388121786609,-8.26612999342695,-3.10453272843052,-5.70687725958794,5.54685914517725,-11.9882141151035,-1.48165737749852,-7.81948720063265,-2.56620883183016,3
2164,"ssp585",-24.8812132408281,11.7614569768102,-34.1721407024231,-11.6572373782625,-31.4932011721109,-20.2357495100306,-31.741428004386,7.89231748654673,-38.2914047547592,-22.9789968062053,-36.1226436034763,-28.4664396291994,-29.0616132021121,9.42064833032699,-36.6710329325244,-18.5248038509728,-34.3300178776818,-25.256903336906,3
2165,"ssp126",-7.74741280067873,5.08201357730903,-13.3891785157055,-3.52841631669767,-9.85691104266925,-4.92652994316533,-8.93376407249758,4.79304555075332,-14.3140955906488,-5.12007251590443,-10.8406098507942,-6.24359831342196,-8.47091148935363,4.90392989203047,-13.9502661426939,-4.49388505142241,-10.4594247083192,-5.73123416268348,3
2165,"ssp534-over",-5.30201597842177,3.47539389013867,-7.4007433439689,-1.29041154320406,-7.30781819603063,-4.25265229564821,-6.48891140385737,3.12513173300066,-9.10553418984371,-3.02852839367752,-8.2191029089473,-5.18060001086421,-6.02828469110404,3.24302612744852,-8.45379178919921,-2.34472055620994,-7.8700667585511,-4.81553114205646,3
2165,"ssp585",-25.0090706356789,12.4168484812998,-35.8456164850146,-11.4602945439868,-31.7834586815249,-19.590797711011,-31.8616065534654,8.92295255930886,-40.1561730526608,-22.4210060718765,-36.5819067942599,-27.7143233038677,-29.1853599763418,10.2947285488571,-38.4605535653881,-18.1088561465416,-34.7236118912419,-24.5477631818187,3
2166,"ssp126",-6.56282410399822,8.62314800054803,-16.4666060029774,-0.719300095204328,-9.48458610839517,-1.61093315450862,-7.9336915157117,8.9829922798146,-18.2669890218348,-1.98513977207415,-10.9079673875305,-2.76704276265017,-7.39827713962931,8.83839798246455,-17.5587824402897,-1.4871346513107,-10.3538483837886,-2.31802448929911,3
2166,"ssp534-over",-6.30942699845449,5.02159925758621,-10.3959212124864,-0.703612996234571,-9.11233399956446,-4.26617989143855,-7.50864476093229,5.07186641264011,-11.2821922113902,-1.74320069175507,-10.3913667955209,-5.62187103570332,-7.04306185663946,5.05140748220239,-10.9335647538537,-1.3342073529366,-9.8974891084909,-5.09781040803236,3
2166,"ssp585",-23.9339032648263,11.0470728388808,-32.4205362080007,-11.443125712797,-30.1792920408409,-19.6905867932391,-30.8905131205236,6.85123959715175,-36.4011823085371,-23.2195017834031,-34.7260187890838,-28.1351785265168,-28.1726727906076,8.50981375915594,-34.8353378533995,-18.586454096274,-32.9657821377744,-24.8413402592116,3
2167,"ssp126",-6.16002958451777,5.89080551102251,-12.2141972911126,-0.44745143705191,-9.0163186582507,-3.13294573122034,-7.43563254401305,5.96259323767346,-13.4975430899829,-1.57758538758259,-10.3646561222283,-4.40467727102811,-6.9390475694705,5.93375103999061,-12.9927205429812,-1.13296945019577,-9.84208662910786,-3.91221108271512,3
2167,"ssp534-over",-5.24753513026864,5.30392733267096,-10.0133496650258,0.466573724447005,-8.10458955762646,-2.86462786289003,-5.90312180695381,5.14505203425019,-9.59782887894214,-0.0266970164033798,-8.84133420222902,-4.05576827095964,-5.65219500629756,5.18061686496791,-9.76127996262323,0.167364964236796,-8.56197499156474,-3.59765252813472,3
2167,"ssp585",-24.2453203606068,10.8037164056011,-32.101463036772,-11.9249278381643,-30.4055166218281,-20.3172490225242,-31.3166153612787,6.65626158194268,-36.1971384510523,-23.7342541455487,-35.1077959691437,-28.8763538163919,-28.554384501793,8.30013314333915,-34.586045559215,-19.0882432159602,-33.2874551447094,-25.5385539730821,3
2168,"ssp126",-5.11763295763733,4.37175595598372,-9.98275717379493,-1.51880548108666,-6.91704669591267,-2.68507084955853,-6.35983933243116,3.93141737868009,-10.7359961072878,-3.12630338163883,-7.97660730782732,-4.17176094500283,-5.87620774721186,4.10248230487779,-10.4396987280145,-2.49388349409741,-7.56736987376908,-3.59446225681055,3
2168,"ssp534-over",-5.91692363462195,3.68637633496306,-8.56328569753344,-1.70636553098412,-8.02220268644087,-4.59374260316621,-6.8356202779291,3.02559233838747,-9.05879274765837,-3.39008093182007,-8.55838995098361,-5.72403404306446,-6.48002559815554,3.25115169048103,-8.45564753599346,-2.72767564713345,-8.35620057366659,-5.49221462923658,3
2168,"ssp585",-22.3075025374618,9.69356506626165,-29.5658429574787,-11.2991335596866,-27.8116870263494,-18.6783323274533,-29.1295647795955,5.63701387715659,-34.7221183890515,-23.4491185025104,-31.969787918138,-26.3332879748675,-26.4648042246921,7.16124678590844,-32.7508716896166,-18.6690860629463,-30.362663305565,-23.3217704922298,3
2169,"ssp126",-7.79045591850798,9.26313225712741,-18.0107502039456,0.0518712607975469,-11.7116195081607,-2.68030877578918,-9.04247593270274,10.0386581999065,-20.052005902506,-0.396477776329536,-13.3654750108893,-3.53771094780111,-8.5546383463502,9.73149702019443,-19.2490485844269,-0.220088838252646,-12.721913100399,-3.20743322731186,3
2169,"ssp534-over",-5.34860489217519,3.15930471653393,-7.67599705147092,-1.75208317254609,-7.14686575198973,-4.18490881252732,-6.26201413605332,2.74262154742891,-8.40496713476523,-3.17118445154002,-7.80742897830997,-5.19053763669737,-5.9092769774743,2.85948087654826,-7.72170717847037,-2.61288333589754,-7.55747379826268,-5.00306187697627,3
2169,"ssp585",-24.0879886362526,11.7236808120216,-31.7942467108147,-10.5961417564186,-30.8339120761695,-20.2348595989715,-30.9696960445303,7.80704269242756,-36.8806692456688,-22.1197024702648,-35.394692831663,-28.014209443961,-28.2812269484913,9.35404635651973,-34.9361273438985,-17.5861170962348,-33.6287818746196,-24.9537767507878,3
2170,"ssp126",-8.47460766602824,7.13774059490659,-16.5683991795213,-3.08040162495276,-11.171710686566,-4.42771190928173,-9.98949005147255,7.29617956740108,-18.276588156843,-4.53169595933132,-12.7183870975432,-5.8459409987873,-9.39867137366235,7.23088058679503,-17.6046474289029,-3.96072949062121,-12.1176423151829,-5.29568334604207,3
2170,"ssp534-over",-3.84204839203004,3.53660612365939,-6.34532195815571,0.203832289434911,-5.86498873276251,-2.5904116089672,-4.77622964764586,3.67753683960012,-6.97649882996238,-0.530719268028097,-6.89898483745474,-3.6760950564876,-4.41404160519135,3.62051285866107,-6.72821632004612,-0.241732879178351,-6.50019596819784,-3.25695424776396,3
2170,"ssp585",-23.7875036071094,10.7866259706709,-30.5080984654623,-11.3455486533639,-30.0084810839822,-20.427206177933,-30.2811110882168,6.57245087862655,-35.5140064383062,-22.9044412289439,-33.9694460178533,-27.6646634131721,-27.7450091107233,8.21279906033211,-33.6002452942214,-18.3569556364336,-32.4390358478681,-24.8173910189742,3
2171,"ssp126",-7.2338475284009,8.43183553024498,-16.8768429751623,-1.24816360023742,-10.2266894924826,-2.41234980502023,-8.86763385852385,8.63212768016169,-18.7926500886398,-3.10877914143626,-11.7470612170676,-3.90512574346585,-8.22907547032826,8.54833060082034,-18.0390397776535,-2.37677801663318,-11.1552241971758,-3.32409331666566,3
2171,"ssp534-over",-4.88612273325418,4.58688288443925,-8.17150612888325,0.354371982146967,-7.50637009095475,-3.24343103543965,-5.70508207049629,4.73248718787841,-8.43750998974397,-0.240476568691522,-8.43738482139867,-4.33886811087245,-5.38880884672233,4.66810441690615,-8.33272167812538,-0.0064519684129013,-8.07998728587704,-3.9168524310208,3
2171,"ssp585",-23.7895125834028,10.3236225570501,-30.0658274044931,-11.8745056868316,-29.7470160316883,-20.6513551728576,-30.5314269951839,5.98328489881674,-34.8922196127982,-23.7101995118964,-33.9420407368277,-28.3510306863768,-27.8969828446436,7.69298083918688,-33.0470874360833,-19.0538151052661,-32.3185667143324,-25.3219305489238,3
2172,"ssp126",-6.22146648357619,6.0236027069816,-12.9891347348832,-1.44738439380089,-8.60850752846384,-2.83763235792271,-7.0967826896603,5.67954881242513,-13.3551421994988,-2.26996431096669,-9.51019187900711,-3.96760293474108,-6.75775047902325,5.80914866543828,-13.2111678936869,-1.94634591088721,-9.16345276309127,-3.53104177169141,3
2172,"ssp534-over",-6.38826887661838,6.26065262737621,-13.0062470170734,-0.559846274817316,-9.30248017751891,-3.07927980639086,-7.35611450970089,6.31581917487493,-13.7844678422426,-1.15919130312225,-10.4545761129902,-4.14193784343006,-6.98101535440129,6.28901222841723,-13.4783434762007,-0.923397704095514,-10.0098241795542,-3.73235129350157,3
2172,"ssp585",-22.7321603260202,11.0102718146683,-31.0730507065952,-10.2521877016783,-28.9721466381912,-18.5617151357327,-29.3402163757343,7.14442188649028,-36.1116792375187,-21.8736477604194,-33.0735006833917,-25.9544849448421,-26.7592139437411,8.62330320785236,-34.1854090075687,-17.3015469440566,-31.4880474435834,-23.0461164118273,3
2173,"ssp126",-6.31929917074356,6.9129158568341,-14.0290294824605,-0.673219473264402,-9.14233901948314,-2.46443401488511,-7.37617718620246,6.80652279654442,-14.8544154944364,-1.54284781488526,-10.2928418718611,-3.6370580320855,-6.96586526651631,6.84413961507347,-14.5297380231017,-1.20071968033418,-9.84843805960738,-3.18392888822364,3
2173,"ssp534-over",-4.02161132354522,4.10389482336848,-8.07413797448866,0.131791754931802,-6.09831286278374,-1.99534799807351,-4.70377842540574,3.59395085438348,-7.86226067248186,-0.793341221546997,-6.65899702733512,-3.12453730186769,-4.4403383615961,3.78354600168232,-7.94560565973711,-0.429376520414515,-6.44581928218689,-2.68770471252559,3
2173,"ssp585",-22.7667215642696,9.85109744329446,-28.8937164210175,-11.4032800784744,-28.4484423071671,-19.7032241358956,-29.4145442743235,5.77148746732969,-33.8732723594695,-22.8956726280049,-32.6739800974828,-27.1851802317505,-26.8176835366608,7.3710756152633,-31.9695856114304,-18.3743493956328,-31.0393506071749,-24.2417324992761,3
2174,"ssp126",-9.16354673505159,10.5607905384187,-20.9867622922548,-0.665633249019852,-13.4125034780675,-3.25193895644998,-10.4208331482223,10.350323907668,-21.9560625245998,-1.94525475654501,-14.6586223440609,-4.65321846003347,-9.9318547720497,10.4302173358597,-21.5747743226729,-1.44182760456761,-14.1768683557907,-4.1103949967381,3
2174,"ssp534-over",-4.84485434458317,4.05255130507555,-8.81869675883257,-0.717932102340976,-6.90831546570426,-2.85793313745847,-6.07461248466522,3.75787473545242,-9.4548713806829,-2.02821270533367,-8.09781237433099,-4.38448303665638,-5.59727311096772,3.86808972122173,-9.20462293383169,-1.51272368895132,-7.63954782197592,-3.79359819953574,3
2174,"ssp585",-23.1663010321574,10.6983284144896,-29.8612017306881,-10.8278574484443,-29.3355228240139,-19.8188506828921,-29.6879067931492,6.54149070023042,-33.6672465885148,-22.1381342277124,-33.4627930758677,-27.6982368954664,-27.140248114956,8.18568045203167,-31.922026486383,-17.6884587622887,-31.8661427912897,-24.7493589292425,3
2175,"ssp126",-6.28699066473057,6.30646337558088,-13.3836589796483,-1.32463584668195,-8.76816807375488,-2.73865650727168,-7.55254600114174,5.9234360121186,-14.1835851278743,-2.78475777651831,-9.93644011345345,-4.23702643777544,-7.06036210496153,6.07104641845683,-13.8689226605049,-2.21031836583747,-9.48538397452356,-3.65608182718984,3
2175,"ssp534-over",-5.79772087916361,6.29496514877443,-12.7687855585673,-0.52899501351942,-8.43208381198571,-2.31218853946178,-7.00731667225303,6.89148826255451,-14.5197941020162,-0.978497348591815,-10.0217263340836,-3.25107795737147,-6.53676403395108,6.65313478121874,-13.8310096812437,-0.801654681426635,-9.4043187102133,-2.88964121030474,3
2175,"ssp585",-23.9860075257736,12.3852038704243,-31.8440843527466,-9.70896223424455,-31.1245301715382,-20.0569691122872,-30.8305803728179,8.28126845151699,-35.7326680675413,-21.2692229359566,-35.6112590912485,-28.3795365254561,-28.1567123151384,9.90889395183258,-34.2030376773067,-16.7211990969115,-33.8744689242518,-25.1335496340542,3
2176,"ssp126",-7.31027789624953,6.907372974778,-15.0275877967532,-1.70687444338049,-10.111979622684,-3.45162294599772,-8.6689529227483,6.86198510652599,-16.2637350924121,-2.91546816717815,-11.5456953005334,-4.8715618379164,-8.14049274194287,6.87638329369153,-15.7774787561907,-2.43998468031025,-10.9907467727592,-4.32199973481896,3
2176,"ssp534-over",-2.96603287369079,3.900146037307,-6.55986393516599,1.18129173601659,-5.03969517854447,-1.16911734295318,-3.79431239835732,3.58193709177874,-6.46254900665972,0.276712623430877,-5.82982490925141,-2.46019409420612,-3.47466715424523,3.68754631864718,-6.50082923488275,0.632591048191037,-5.52829625546336,-1.96158611392646,3
2176,"ssp585",-25.09728961452,12.6571456734602,-34.0430271748739,-10.6152414861073,-32.3383136787263,-20.624420834343,-32.3957046233719,8.18514010277597,-38.3345100520608,-23.0588486455788,-37.0641326122684,-29.4263019090274,-29.5435728329125,9.95633660641393,-36.6463934755444,-18.1632997072571,-35.2337093957402,-25.9921625115965,3
2177,"ssp126",-8.9643420490168,9.95964930105067,-20.2115670822119,-1.26237417555136,-12.8153259857495,-3.34072953241926,-10.271496342152,10.036885322322,-21.5929831708288,-2.46435618803878,-14.1750664192087,-4.61075292781365,-9.76222132122937,10.0038900688454,-21.0495832633849,-1.99147387266966,-13.6475950455092,-4.11854035015162,3
2177,"ssp534-over",-6.6940968156874,6.76664415558188,-14.3730792030888,-1.60464752318699,-9.23882146193761,-2.85460562198672,-8.09754897050288,6.78735325403972,-15.8002995576001,-2.99362058831741,-10.6495131615956,-4.24617367695427,-7.55059729700688,6.77628824526566,-15.2388818826981,-2.44717247827875,-10.1023097063709,-3.70645500416129,3
2177,"ssp585",-23.405702897163,11.5142859673033,-30.8072002578146,-10.1398008489064,-30.0386539212914,-19.7049542168372,-30.1480586979833,7.47233079602779,-34.5890917575158,-21.5210106145314,-34.4615827397093,-27.9275421682171,-27.514325325857,9.07487841768012,-33.1014302861931,-17.0434287790656,-32.7497735992528,-24.720772845689,3
2178,"ssp126",-5.60256684060001,4.09365578024664,-10.2748307085948,-2.6455642211779,-7.08106815031107,-3.26643490660264,-6.64731430046532,3.29215503220928,-10.4231918866121,-4.37813267542421,-7.78190511298587,-4.75937550739194,-6.24093860204386,3.60384002349984,-10.3648318812037,-3.69650768131635,-7.51315406240762,-4.17899196246394,3
2178,"ssp534-over",-4.5200951186315,3.6371469520126,-8.08090814011277,-0.811140988548379,-6.37457218367306,-2.73968860789086,-5.75155586048401,3.29921042645006,-8.7395325485462,-2.21091514692493,-7.52187621726355,-4.25756751645291,-5.27315111547014,3.42816358859628,-8.48045315492093,-1.66021768379306,-7.07961783130868,-3.66950009574475,3
2178,"ssp585",-23.0072392296609,10.0768729780648,-29.6942588564021,-11.4171425223241,-28.8022875833293,-19.6637294162903,-29.9931372280445,5.66899690143983,-35.0297602999524,-23.8537972619097,-33.0628072111119,-27.4748256920906,-27.2645853006551,7.36129049030436,-32.989995405698,-18.9609835362442,-31.4163861828606,-24.4018802481337,3
2179,"ssp126",-5.72431986783454,6.74769684433066,-13.1153060358213,0.10691788756993,-8.63993874553678,-2.02882678384114,-7.18699569261294,6.45861341399838,-14.2736155539685,-1.63158451275302,-9.9647012825429,-3.64368576193515,-6.61709912418295,6.57041821355869,-13.8179778282035,-0.947624992728107,-9.45183618991037,-3.01665977217267,3
2179,"ssp534-over",-3.43241885704024,3.84341242509665,-7.6315801027868,-0.0890124048996662,-5.10412208311052,-1.33283823416695,-4.12929338181044,3.12695902584879,-7.23702822950532,-0.983458358840965,-5.70221089329518,-2.575425957963,-3.86101808917857,3.39041894037382,-7.39223088943499,-0.631566509147641,-5.47574387919403,-2.09541168905035,3
2179,"ssp585",-25.1157431082433,12.0593800374834,-32.2909216679172,-11.1929587956046,-32.0771352645627,-21.5281538284063,-32.2001509226557,7.65364160621672,-36.8291335622611,-23.3658728250445,-36.6172899714612,-29.8856596028529,-29.4314900209882,9.40069514800687,-34.9307115652288,-18.5768196518458,-34.8588252055593,-26.6818792488678,3
2180,"ssp126",-7.63662696107037,8.36465910004019,-17.2356440256913,-1.90885370104377,-10.5005135910837,-2.83711842875989,-9.08320934372362,8.89595943500744,-19.3024218330318,-3.07145768780077,-12.089085171685,-3.97360309906952,-8.51824924304442,8.68401259025514,-18.4894250260086,-2.61406742787726,-11.470340150628,-3.53266135156233,3
2180,"ssp534-over",-4.59123510035231,3.37188732616741,-7.66025131728249,-0.981762236636398,-6.39597153221026,-3.05672699188722,-5.80842675680941,2.9023883951813,-8.04391642058859,-2.52832259566036,-7.44847883738394,-4.69068192491983,-5.3359471265614,3.0778202559628,-7.89299622837138,-1.91987668229775,-7.04398234869323,-4.05742257565641,3
2180,"ssp585",-24.4496823254937,12.1383306481794,-31.9963878395705,-10.447717842645,-31.4506645669181,-20.6763295684553,-31.5786130469863,7.60989332841721,-36.1068670915825,-22.7928556341656,-35.9714917533966,-29.3144860246882,-28.7923076570379,9.40566018274266,-34.4899508970347,-17.9360463959607,-34.2204382875765,-25.9434860370395,3
2181,"ssp126",-7.10820187764585,7.2578142463683,-15.3958321629951,-1.88630704180956,-9.71914929556399,-2.9643867349712,-8.39107074534617,7.0663790879511,-16.4455866679402,-3.23363874694607,-10.9697867445462,-4.36381278404915,-7.89176453085806,7.13826877603212,-16.0326506195428,-2.7035731305924,-10.4858602309909,-3.82132148651567,3
2181,"ssp534-over",-5.1752745009605,5.25865654238375,-10.6080419387905,-0.11000868504784,-7.70790740891684,-2.45889078204552,-6.39057859960678,5.4792525942115,-11.7955747210945,-0.839972098827578,-9.16588184999639,-3.68808053886294,-5.91888233576812,5.38795692193301,-11.3284416036304,-0.552790771938526,-8.60192811768291,-3.21410270183698,3
2181,"ssp585",-24.3814181630233,11.1087791146845,-31.4463193487396,-11.5769477338027,-30.7836533776336,-20.8489675701652,-31.5953315787564,6.50395239122867,-35.5859005946569,-24.0902452681666,-35.3478747340513,-29.6000470708061,-28.7758067184986,8.32978612001803,-33.9575367118095,-19.1672788265082,-33.5800706644939,-26.1849417218432,3
2182,"ssp126",-7.0330752269262,5.83510123932476,-13.2164025978962,-1.62338362083079,-9.7379210299739,-3.94141154144121,-8.13342512397502,5.46710200034128,-13.6274784307909,-2.69367903131334,-10.8532981703059,-5.3863984705671,-7.7072781515693,5.60360746335523,-13.465775833443,-2.27260470026697,-10.4246148772205,-4.82802931063243,3
2182,"ssp534-over",-3.82958064048045,4.03530467370048,-6.42436150686143,0.819528456498262,-6.15413518896981,-2.53219020728996,-4.57259156022406,4.11918743869386,-7.73949552136609,0.0842534363425518,-6.90101405850736,-2.98913957965304,-4.28714752230186,4.0572962586744,-7.03010380860032,0.373524449013331,-6.61748350795946,-2.91566937915263,3
2182,"ssp585",-25.3710103856907,12.1011414308558,-33.2883053050039,-11.4411566399301,-32.3359372585709,-21.412362926034,-32.4232265030963,7.41742756335915,-37.2107058977682,-23.8790183323939,-36.6953305884475,-30.0294868057603,-29.6665991286214,9.27347314608102,-35.6677731517046,-18.9857297687811,-35.0070338085416,-26.6660121170798,3
2183,"ssp126",-9.20757230393819,9.80686179071299,-20.146792147659,-1.203275006837,-13.2097209524888,-3.73796238207779,-10.7918245315748,10.0059212483358,-21.9259068816901,-2.55221573463429,-14.911628930045,-5.22478335651713,-10.1746034888149,9.92492415654793,-21.2260664861923,-2.02151709852375,-14.2511466839604,-4.64887199012616,3
2183,"ssp534-over",-4.90309059291288,4.27722751587182,-9.39990964121784,-0.885885134337128,-6.91169332220075,-2.6546810687604,-6.00330500250985,3.67062616490513,-9.77781374862037,-2.44622751408055,-7.7818437467245,-4.11605062945459,-5.57551600160809,3.90766237033149,-9.62915972708598,-1.83235949472918,-7.44709425504754,-3.54869413886914,3
2183,"ssp585",-25.3586824469019,11.3017118040429,-33.1622210301393,-12.3983658718284,-31.8388407344386,-21.4569131552832,-32.4579324810761,6.69172153248339,-38.1459350642196,-25.0846810276214,-36.1445582078034,-29.6139311895043,-29.6834899920166,8.48995534023902,-36.2406586741235,-20.0936462017684,-34.4784118871407,-26.4049056509631,3
2184,"ssp126",-8.36294633981403,9.44422347035549,-19.2260710630554,-2.10207830867825,-11.4933803553819,-2.93138397819334,-9.73200785779865,9.54272838360199,-20.6670143865793,-3.08854151369574,-13.0537410298501,-4.26450459340834,-9.19964487284471,9.49825172775025,-20.1001985842392,-2.70044834793384,-12.4492431353001,-3.74936801714746,3
2184,"ssp534-over",-4.32684046921138,2.73803381436283,-6.86036910903646,-1.42216478356996,-5.77917831203209,-3.06007614929884,-5.14397237479593,2.04438454561495,-6.66928292455693,-2.82100336048989,-6.30545688194895,-4.38131709991543,-4.82710292265733,2.30434079127984,-6.74444942639199,-2.27067397268764,-6.10531739764217,-3.86842967078999,3
2184,"ssp585",-25.630605986044,12.2463813751508,-33.1439400691141,-11.4991514766726,-32.6963332407296,-21.8739389445089,-32.946394950272,7.66087933639102,-38.0619512417698,-24.1386259982794,-37.3502794262683,-30.3886168045231,-30.0865322949837,9.47873597810697,-36.1817930887511,-19.1660191583007,-35.5467888633253,-27.0389018981,3
2185,"ssp126",-7.26720405254131,6.71881073010436,-14.3970249228064,-1.05339603626019,-10.3741080606819,-3.70229361740877,-8.51600300405528,6.80023522664668,-15.5572253590408,-1.98555961388602,-11.7812246991399,-4.9953918265625,-8.03085306837819,6.76504776783413,-15.1008438134216,-1.61882894211977,-11.2368651315074,-4.49585769585648,3
2185,"ssp534-over",-4.79942756306752,4.96289535660709,-10.4666973018435,-1.22967408802033,-6.58430430059111,-1.96579269367952,-5.91327101637424,4.78456281241903,-11.4056480403599,-2.6499874688423,-7.54491279014022,-3.16708250438143,-5.47872146627499,4.85134405846908,-11.0362982487883,-2.09120948955881,-7.17247745463307,-2.69993307501831,3
2185,"ssp585",-25.6648466217666,11.9720942021593,-32.8336985234243,-11.8438826138381,-32.5753286257309,-22.0804206709378,-33.0333698560434,7.06964916305994,-37.2313234172518,-24.8711572469226,-37.1144761606038,-30.9343930754392,-30.1518810794391,9.01296519948493,-35.5014543503064,-19.7459825542549,-35.3548303420313,-27.4770944440055,3
2186,"ssp126",-9.72692194477951,9.29333887426882,-20.2358868987147,-2.59164465451685,-13.2945605899108,-4.47243946781191,-11.3247663826003,9.86031369605565,-22.5077234564369,-3.8807518816134,-15.0467736330937,-5.73328784568194,-10.7007536392814,9.63452365601895,-21.6140638376105,-3.37359286926932,-14.3643340242874,-5.24409854011683,3
2186,"ssp534-over",-5.02462436159411,3.04814950138819,-8.42769699023252,-2.54492489216402,-6.26447409630916,-3.32308804727491,-6.18708010012657,2.25895877303437,-8.71248048984857,-4.35899561828639,-7.10112234104666,-4.92437990526558,-5.73489929140279,2.56709370365238,-8.6004568000942,-3.64530609855985,-6.77969588782426,-4.30212053705709,3
2186,"ssp585",-26.2198711217072,12.6714208740554,-33.5766127955074,-11.5882509529341,-33.5356812060937,-22.541500284807,-33.4349944236955,7.90811020689691,-38.5445892042981,-24.3260198975551,-37.9894816867657,-30.8801970333941,-30.6149125436605,9.79362240118913,-36.6453293162917,-19.3147421840858,-36.2649977234479,-27.5997041573449,3
2187,"ssp126",-5.50132695420805,6.38291025147097,-11.9498692775856,0.813861499489658,-8.65892118105691,-2.2770557925193,-6.26378002775921,6.5289173872197,-12.3639972091342,0.622638639575189,-9.70698936142641,-3.2136714370717,-5.97005785351452,6.4605703354792,-12.2010940248382,0.697869306763572,-9.30402143365356,-2.85453976785269,3
2187,"ssp534-over",-5.08162245310612,6.34332947358545,-12.3450242657403,-0.631340828946017,-7.30676326518617,-1.44992154678901,-6.30513080821583,6.56591166994695,-13.8101814174331,-1.62155364019611,-8.64691939222569,-2.5526055036072,-5.82830967473952,6.47532743053877,-13.2338407571634,-1.23198530886719,-8.12647185767568,-2.12554413352759,3
2187,"ssp585",-25.9532671457265,12.9530743969948,-35.2050516317512,-11.1496787389354,-33.3550613491221,-21.3273749027141,-33.1327509477216,8.27624529079203,-39.4122321844119,-23.754234595156,-37.8220091240044,-29.9930103293764,-30.3258010301549,10.123716009857,-37.7572771409935,-18.7953654144483,-36.0910188380083,-26.6100629747356,3
2188,"ssp126",-6.99822900525175,7.84071814403083,-15.6949740423932,-0.469987148085152,-10.2623499338351,-2.649856486681,-8.11483207326795,7.64404974305786,-16.5707549662992,-1.69494852624879,-11.3247738467775,-3.88687062675234,-7.68018448254694,7.71949853680487,-16.2262539307943,-1.21302569651775,-10.9137638755615,-3.40714975842329,3
2188,"ssp534-over",-6.57169101680181,6.49411126835307,-13.5258404195639,-0.66493820324253,-9.52506742358145,-3.09461631542076,-8.04258385850456,6.29343767120516,-14.6155660999956,-2.07201262324557,-11.0278694761341,-4.75609273775903,-7.471027159316,6.36863080610938,-14.1869068142342,-1.51844309997898,-10.4473191889845,-4.11308733185691,3
2188,"ssp585",-24.533293017183,11.2145751822039,-32.5483988304716,-11.7174908169137,-30.9411941173177,-20.5257401105388,-31.7417787711472,6.53038845620872,-37.5149287496661,-24.6541291713709,-35.2856035710354,-28.8552037818878,-28.9242989255703,8.35172211854819,-35.6162218553623,-19.5646124942545,-33.6041421412282,-25.5783374606743,3
2189,"ssp126",-7.52976003457989,10.0536331247604,-19.0493686028082,-0.525165473599594,-11.03205731507,-1.76995575046576,-9.00491521955938,9.58557975469898,-20.0263891625848,-2.61175356225004,-12.201496048214,-3.49417824804666,-8.42962633334203,9.76500094831625,-19.642064058709,-1.79085059004939,-11.7490142049883,-2.82340747065856,3
2189,"ssp534-over",-3.99743260548461,2.75999237397023,-6.37720252293417,-0.971770084151708,-5.51026386615106,-2.80754764675983,-4.61438428516291,2.58627853008589,-6.20045394946381,-1.62997456491788,-6.10658914528543,-3.82134945301246,-4.37673581953761,2.63213389007818,-6.26998054558215,-1.37102455100967,-5.87959145380158,-3.43011345651534,3
2189,"ssp585",-24.2620229656181,10.9749692353749,-32.4829645709686,-11.7991848902179,-30.4934420033183,-20.1515521629429,-31.0545967041608,6.46259138861939,-37.2575847464976,-24.3604307015519,-34.4016797054652,-27.9531026829923,-28.4000208885162,8.18283125149043,-35.432245044038,-19.4186005065294,-32.8907310795095,-24.8839088107552,3
2190,"ssp126",-7.20524047952239,8.40141192793109,-16.8522989613633,-1.49603671105917,-10.059842363754,-2.38171123860191,-8.47447173358592,8.04279172513607,-17.6803169158892,-2.81050739324853,-11.3064539037546,-3.8715491424343,-7.9813187282917,8.17902643119414,-17.354604132059,-2.29336992095627,-10.8252931319594,-3.29467602640807,3
2190,"ssp534-over",-3.78285805478187,2.26717185199136,-5.92326856416073,-1.40726000672819,-4.97065707880871,-2.71265280009244,-4.67139364112988,1.4418412875824,-5.80187515669464,-3.04765632888827,-5.48326229725068,-4.10615288334749,-4.3260742649175,1.75817056291523,-5.84962700128726,-2.4022935839494,-5.28796460540155,-3.56429789673261,3
2190,"ssp585",-25.5137873047288,11.6838424086975,-33.2350862887412,-12.0719933126696,-32.2346843007583,-21.6531378127225,-33.2509081878047,6.37755996608264,-37.3983491930614,-25.9072426236111,-36.9227409699015,-31.1771876851764,-30.2263742302617,8.47949163636922,-35.7606697889237,-20.4641955065184,-35.1074635921334,-27.4592264509307,3
2191,"ssp126",-6.56110864029715,7.70543199888135,-14.333220609559,1.075865757513,-10.3795958392022,-2.67505265566621,-7.66571259123496,7.92274943163486,-15.2669673437102,0.543503357034512,-11.7703205653697,-3.86508521499733,-7.23800533211748,7.83149852859206,-14.8996646221806,0.752944731313285,-11.2334803638329,-3.40717568708595,3
2191,"ssp534-over",-3.7892225358609,4.95984429700591,-8.68798869013588,1.22952292810323,-6.29859526784296,-1.3398394587234,-4.51780942884905,4.94127824642816,-8.86680786977797,0.855266057584773,-7.20434717206596,-2.34331020838459,-4.23722378102048,4.93480111399518,-8.79646677091036,1.0025057447306,-6.85708854389603,-1.95760228607555,3
2191,"ssp585",-24.3263371765645,12.1122254866737,-33.4347280075604,-10.5806283605215,-31.199191584586,-19.7721417610665,-31.413471679605,7.34329792506244,-38.0541932511888,-23.5269706010984,-35.3567222188583,-28.0931108938131,-28.6424469576457,9.1990844433858,-36.2881693574886,-18.4336362327947,-33.7468523200712,-24.8195857577243,3
2192,"ssp126",-6.52563635379149,6.63776408091873,-13.9601297217885,-1.19403429849418,-9.19143738144015,-2.80838966979299,-7.92007677619929,6.80419710457292,-15.6460026212359,-2.8203234043224,-10.4699534621377,-4.05711385368097,-7.37473687495255,6.73387056291556,-14.9828402438242,-2.18051070343837,-9.97184996070964,-3.57068519051672,3
2192,"ssp534-over",-6.18040032777242,6.86376724547225,-12.9824997768126,0.743415797467906,-9.64230839039258,-2.77935060325234,-7.1416930938236,6.93607160762236,-13.5179534896849,0.243646518610079,-10.8343629000404,-3.95356289589293,-6.77036345671857,6.89850922694808,-13.307325062513,0.440265146244587,-10.3756777582001,-3.50188265382134,3
2192,"ssp585",-26.5879800172329,12.6776106545526,-34.7996200195523,-11.9869926394824,-33.8884737061082,-22.4821600160733,-34.0026595896245,7.44570552004129,-39.5609334248091,-25.5430539703316,-38.2324623992709,-31.2235226720322,-31.1033023739587,9.5088491678473,-37.7406809073394,-20.2098446520393,-36.5500312349184,-27.7846131072683,3
2193,"ssp126",-5.88368254415722,6.73508889253012,-13.5736464165348,-1.03383040668471,-8.30860861289347,-2.03870060796841,-7.45820390336158,6.67252380127454,-15.1173593988071,-2.90365946604883,-9.73547612201795,-3.62862615563881,-6.84364066713746,6.69258822088037,-14.5101176715686,-2.16803357002836,-9.18144421569201,-3.01040216492189,3
2193,"ssp534-over",-4.53757316749237,4.86602383759798,-9.39536290615032,0.336643179539256,-6.97468134100819,-2.1086782981634,-5.43336978430769,4.57425159959669,-9.80021376814484,-0.676665275440801,-7.81172203874113,-3.24994779238911,-5.08565779080629,4.68657260707797,-9.64095985272485,-0.278010683778118,-7.48948134432038,-2.80800675984702,3
2193,"ssp585",-24.6022888243025,10.9762569765394,-35.1259578018885,-13.2234689135329,-30.2916987796873,-19.3404543355095,-31.8156886256755,6.80511491205291,-39.6072741561868,-27.037861191719,-34.2046023426537,-27.9198958604198,-28.9944704025308,8.24957026655804,-37.8940646525898,-21.6030196233272,-32.6901957921325,-24.5446732775012,3
2194,"ssp126",-8.40314078923845,10.5537659680149,-20.2103420019171,0.112829574642587,-12.661125971179,-2.49954018289911,-9.60885447177873,10.6638488100042,-21.5088652659171,-0.918415027487811,-13.9540741939242,-3.65884907470956,-9.13929872264193,10.6182774398402,-20.9980724444885,-0.512704018420256,-13.4525960747528,-3.20991186171863,3
2194,"ssp534-over",-4.43242441304241,3.88917818780213,-8.81242397754792,-1.38369892506369,-5.95678715703177,-2.24242463078966,-5.66764665816332,3.38031448547697,-9.53597902557103,-3.28233798901303,-6.86030099273847,-3.73348047445946,-5.18571558498734,3.57469079754948,-9.251358230022,-2.53537769569499,-6.51088452963351,-3.15289426247001,3
2194,"ssp585",-26.6679311764454,12.77819107653,-35.9890497290738,-12.1018315875487,-33.9509809708937,-22.0073719001312,-34.1685583135462,7.34402194657122,-39.9854131275036,-25.9161802699387,-38.29474733535,-31.2601309065675,-31.2351290136035,9.48565566537536,-38.4133860469493,-20.4813558529525,-36.612015593929,-27.6460004969306,3
2195,"ssp126",-8.29213837783355,9.02523053481532,-18.0061954677172,-0.166684011884907,-12.3548655608079,-3.43510983289174,-9.85703258987778,9.02867025362516,-19.4173555783184,-1.47589139337977,-14.0476031881268,-5.07687109565747,-9.24871638539647,9.02404077628782,-18.8622554315863,-0.960824602506218,-13.3926622768416,-4.44194686230153,3
2195,"ssp534-over",-6.32490259732603,7.75085091413994,-14.8098794569787,0.383263358372753,-9.67898557517542,-2.08241416749967,-7.52678270169185,7.31058451187044,-15.3410786798866,-0.854272226576175,-10.8630379392497,-3.6196347125945,-7.06075786072704,7.47819724073354,-15.1321238175964,-0.367402467559341,-10.4074355573109,-3.02507488229238,3
2195,"ssp585",-25.1496266997556,11.988748948777,-33.1690363760491,-11.3676701922325,-32.0406049535172,-21.1399218616089,-32.4022070819843,6.83846358690784,-37.8105076716908,-24.715356938856,-36.2456321535484,-29.698056787131,-29.5661757215483,8.86294239661256,-36.0360708532014,-19.4641260984685,-34.6172005330881,-26.3312281557217,3
2196,"ssp126",-6.33909176834278,6.46737658678137,-13.6853625513286,-1.5035497773612,-8.75686276383357,-2.66595637684988,-7.57088309918139,6.1195939053637,-14.5060353047154,-2.92977494268832,-9.89143717742793,-4.10330699641441,-7.09165631132426,6.25327412692209,-14.183211861506,-2.36867115626653,-9.45314888885312,-3.5458785362334,3
2196,"ssp534-over",-6.11410912731309,8.43469835311368,-15.6343042652352,0.426030494502801,-9.38417893822104,-1.35401155835204,-7.41671018568508,8.80020427147414,-17.242035257423,-0.258867112380225,-10.9956317223375,-2.50404764981614,-6.91025759233978,8.65146345571503,-16.6096111242827,0.010584479048644,-10.370678628034,-2.06058082636833,3
2196,"ssp585",-25.5858109288109,11.6092568641579,-32.4796964300553,-12.1824329747739,-32.2874999058294,-22.1388681781887,-32.9999980760051,6.55184590547065,-37.3415014824394,-25.4635967478151,-36.7681987401002,-30.829246372788,-30.1012101570956,8.55318613113842,-35.4828309575632,-20.2385372955566,-35.0325465878652,-27.4103997568619,3
2197,"ssp126",-7.42465801731353,7.62303884301569,-15.682141118213,-0.655613296601862,-10.8091803776694,-3.29591646686377,-8.79751197254787,7.49486878939226,-16.8689096176173,-2.0576564956046,-12.1674397110195,-4.76181315001316,-8.26309634486834,7.54354859441205,-16.4020771418356,-1.50606634924301,-11.641611342681,-4.1936059463847,3
2197,"ssp534-over",-3.87126586683097,3.49155906011053,-7.55727951202196,-0.613705324562976,-5.50004613796496,-2.02825904423547,-5.09207132446945,2.95030270539619,-8.00339171025411,-2.10427332382154,-6.58597032479341,-3.63641113157713,-4.61818734666043,3.15644750689794,-7.8279070541635,-1.51785585718588,-6.1683530913977,-3.0133274929089,3
2197,"ssp585",-25.0047681827509,11.7455109878608,-32.2584760840458,-11.4534585982675,-31.7804229749926,-21.3779142321035,-32.0654624917221,6.57244923268486,-36.5540224324485,-24.5214927983563,-35.837447338405,-29.8211825213589,-29.3036415928584,8.61816505100674,-34.9118328958482,-19.3802825259393,-34.2653211263179,-26.4995459413635,3
2198,"ssp126",-6.50567847918646,8.35354412951642,-16.1335866579904,-1.18257058279772,-9.16723242738083,-1.69172438978452,-7.91118326789836,8.718238931244,-17.930692052357,-2.05598647616691,-10.8387816637641,-2.90142887566905,-7.36399345344306,8.56926872535661,-17.223774771595,-1.71236824756972,-10.1898060563797,-2.43410279436707,3
2198,"ssp534-over",-5.29261904705268,5.8843474466687,-10.8375476445379,0.880708378854785,-8.37928276000641,-2.52015474831008,-6.32411418340604,5.84307972473578,-11.5009027537978,0.0115758924519881,-9.49195922133505,-3.73571989821015,-5.92410555308373,5.85626827627019,-11.239962470892,0.353508948240521,-9.06291280374586,-3.2661770941796,3
2198,"ssp585",-26.0346877538691,12.2088787176009,-34.1557875942809,-11.994532501906,-33.0547653798507,-21.9741378336632,-33.5518508604192,7.03808160109776,-38.4961648832085,-25.4940057305608,-37.5807734253485,-31.0796938490246,-30.6119980990078,9.08285125893368,-36.7888149858749,-20.1830592352642,-35.8264675308797,-27.5235896555743,3
2199,"ssp126",-8.54167947907488,9.77999229982177,-19.563039579235,-0.898989686633743,-12.3630243752954,-3.03099942899483,-10.1058681663058,9.93847457824117,-21.3583242501289,-2.52773054565596,-13.8949369766307,-4.47964012439422,-9.49522082461661,9.87306978965765,-20.6521231771589,-1.88695327898388,-13.299354597433,-3.91676964834548,3
2199,"ssp534-over",-4.30695367750532,4.96191233996382,-9.3701014863923,0.547113449427186,-6.73398724097158,-1.77537977306183,-5.13141005053695,4.61903725477168,-9.54446997241964,-0.330813445237127,-7.53170835318686,-2.92488008959561,-4.81232321619117,4.74733768143568,-9.4758796179644,0.014579496055355,-7.22577457231443,-2.48054501530456,3
2199,"ssp585",-25.7697113570004,12.436175705638,-33.0733491369668,-11.4103660222314,-32.9493840243849,-22.1178924670172,-32.931760676776,7.37079986496734,-37.7912004822933,-24.4507537843087,-37.1722641230097,-30.5020407740174,-30.1316282722067,9.37360465024267,-35.9875635322667,-19.3204201402295,-35.5372323381953,-27.2036606421767,3
2200,"ssp126",-5.38395110313255,6.11596712206739,-11.8724059649784,0.274819549095531,-8.21333642924659,-2.1397236722096,-6.56529689266748,6.08130482803534,-13.1199810449086,-1.10636017964598,-9.29476524917823,-3.2879548165469,-6.10394800291717,6.09304989882391,-12.6292294252122,-0.562978114621097,-8.87443294706521,-2.84130729176965,3
2200,"ssp534-over",-5.01126842503742,4.54427814632272,-8.81549909081661,0.0207567551648922,-7.52728101513858,-3.10915309214782,-6.23489497433543,4.58648975064562,-9.67886403337871,-1.02863202984151,-8.83802644658238,-4.51291044481378,-5.7600287314549,4.56746000394896,-9.33924700289493,-0.615782758204502,-8.3321517180801,-3.97041959573489,3
2200,"ssp585",-27.1270137502918,12.5358943766069,-34.8818454809219,-12.6644391028114,-34.3583010740321,-23.2495978849768,-34.6107190926983,7.22564945005765,-39.1209157805671,-26.2766731134679,-38.7777420823135,-32.3556207487639,-31.6836129655775,9.32848149735181,-37.4534164460387,-20.9213644071549,-37.0647372447887,-28.7987112253469,3
2201,"ssp126",-6.14469246916646,7.56926050200028,-13.9618306636294,1.14957705539801,-9.7918272314487,-2.23612337193498,-7.36425983172555,7.83837592063945,-15.3788605384064,0.285123539286725,-11.1889515172317,-3.35695947838514,-6.88958890950412,7.73177438164933,-14.8214514354256,0.625215800219755,-10.6469912643661,-2.92365764654336,3
2201,"ssp534-over",-5.98965653336827,4.19577513679426,-9.822580162781,-1.5068643936924,-8.2310526032062,-4.0731947186619,-7.25327208935634,4.13524644710117,-10.794004058902,-2.70843750354638,-9.52568938226132,-5.48290610458353,-6.76215550161986,4.15799078428857,-10.4118804832532,-2.23571605815872,-9.02537522335042,-4.93729301080317,3
2201,"ssp585",-27.3885385886266,13.6222161662394,-36.263575482822,-11.7042400078748,-35.2306878790025,-22.9510201415289,-34.8710427894748,8.41851818335866,-40.462159675768,-25.1888300515058,-39.7121491584593,-32.0754843463282,-31.9450182316055,10.4786902724494,-38.8105861342098,-19.883738880932,-37.9756579069423,-28.5122342803034,3
2202,"ssp126",-6.44894105370013,7.40534833511713,-14.4456407373537,0.172151549343062,-9.75948735522173,-2.45059121187334,-7.72960856603557,7.61371535908275,-15.8984734942408,-0.830767477072876,-11.1790291105169,-3.64517610193297,-7.2309338193718,7.5301991163223,-15.3269808121088,-0.43620028188012,-10.6283005881176,-3.1829103230033,3
2202,"ssp534-over",-5.54274343022492,2.996772429488,-8.97068921841487,-3.41945922543539,-6.60438553261968,-3.82877053612994,-6.6314205837145,2.36194609153168,-9.35643443544473,-5.17137407506079,-7.36144383804136,-5.26891365784939,-6.20730337777406,2.60567845471094,-9.20469600054577,-4.48213784538879,-7.06988614396669,-4.7086070663882,3
2202,"ssp585",-24.1802199670973,10.6029660526319,-33.3136083278017,-12.5524492468203,-29.9941053272358,-19.6135257867451,-31.6294097888132,5.93947718267023,-38.1638900346574,-26.5586134175406,-34.1648079744496,-28.3621696658912,-28.7167974200988,7.63093105691559,-36.3096248905916,-21.0483251822086,-32.5510335390439,-24.9203836848524,3
2203,"ssp126",-7.23738624210032,8.46000439851717,-16.519021102901,0.0416342047502281,-10.8768964655256,-2.59656881169997,-8.70293739815584,8.46543408655976,-18.0151882135854,-1.4728922487267,-12.3179599728704,-4.04681199044107,-8.13152565894962,8.46141227298588,-17.4266493394793,-0.877049075894339,-11.7587639504773,-3.48396381868477,3
2203,"ssp534-over",-3.39423765683733,4.61252179510766,-8.3507629804054,0.772219261531092,-5.47746611602155,-0.915974995053303,-4.36302716527217,4.45964377197074,-9.00544271756888,-0.111947384890739,-6.48856705546288,-2.04181938912381,-3.98696720455415,4.51601401302475,-8.74791501718119,0.235900392021377,-6.09840100284191,-1.60649329824062,3
2203,"ssp585",-28.1853854097305,14.6572051583627,-36.8023788811069,-11.2616506386335,-36.6472527952791,-23.8768886740424,-35.9833168713833,9.37077433034268,-41.4200543151607,-25.162922104993,-41.3935142545784,-33.2649481494945,-32.9336144572685,11.4660382023062,-39.6036252000319,-19.6939006310502,-39.5534713703776,-29.5986090858868,3
2204,"ssp126",-4.55071866379302,4.92311164048251,-10.0608732029774,-0.58499035431218,-6.53358281853345,-1.79564139420082,-5.42029030543075,4.74427732209088,-10.6410388904133,-1.37255542206203,-7.44415774711511,-2.80991601293946,-5.08279420522386,4.81072846286101,-10.4128223643046,-1.06271252185866,-7.09283504690646,-2.41778012568347,3
2204,"ssp534-over",-2.99618587332622,3.83254772690624,-7.39154648974489,-0.352382412006765,-4.31808760398595,-0.798505565116886,-3.6989915186568,3.33261965824435,-7.45522896054822,-1.09674297743269,-5.00011578926886,-1.82087279771109,-3.42731503473109,3.52193887858802,-7.43017854378713,-0.803897540486717,-4.73902378185327,-1.42588328020307,3
2204,"ssp585",-24.5158455391836,11.098036655756,-32.6303269783019,-11.8689126922454,-30.8393119626527,-20.4586048196244,-31.878701934132,5.58755093787581,-36.9846666834875,-25.9099372966174,-34.8630842528893,-29.3257195594542,-28.9982204133148,7.72602072544533,-35.3200004169209,-20.3859343114732,-33.3043634642356,-25.8373304115117,3
2205,"ssp126",-8.36072517546342,9.8972832232518,-19.732718837547,-1.69262075692954,-11.6947773847304,-2.67472834442163,-9.54580942368617,10.1165829429518,-21.1642535741721,-2.68584138335322,-12.9757934438527,-3.73658734844321,-9.08379069667435,10.0273593511499,-20.6011387749491,-2.29508972100211,-12.4781411845105,-3.32511665753695,3
2205,"ssp534-over",-4.69190263563946,2.69708225548067,-6.58936658484789,-1.60448517365767,-6.23561136663035,-3.74317066103524,-5.67494286592089,2.16059447836887,-7.62571040450652,-3.35269310189866,-6.836067747932,-4.69955909662807,-5.29464941067883,2.30408091316597,-6.95903404242327,-2.66491524477212,-6.60951649363218,-4.46245709480661,3
2205,"ssp585",-25.9444241690115,11.1618449607177,-33.2815409729204,-13.0991658873919,-32.3670533098213,-22.275865767057,-33.1465663713773,5.53092498052757,-37.6446875576307,-26.9711448058542,-36.2342771541389,-30.8975057782507,-30.3293396367959,7.7345719161368,-35.9766544165777,-21.5136475708175,-34.7371856697851,-27.505682246905,3
2206,"ssp126",-6.36314625084831,5.77566403345376,-11.9459807946966,-0.412256891796011,-9.33859093037446,-3.57172897892416,-7.17965671506149,5.75851924567999,-12.4962047183241,-1.06287408981509,-10.2380480276847,-4.52138271343017,-6.86306389599213,5.76309704073563,-12.2797662160971,-0.806909055545125,-9.89114131621563,-4.15471273593967,3
2206,"ssp534-over",-5.44598528682556,4.48595206163736,-10.3572096334494,-1.56430422942874,-7.38682581552397,-2.99037311351362,-6.50542428287662,4.33262159391758,-11.146461968135,-2.56713327486396,-8.47456978688295,-4.18490544024743,-6.09377290401351,4.38967057674454,-10.8359981989983,-2.17260147988024,-8.05435861608015,-3.7226602565211,3
2206,"ssp585",-27.9797317514095,13.0969436959344,-35.8801888802081,-12.8618258527797,-35.5386847007244,-24.0295031870102,-35.6057978093864,7.57314551593565,-40.4773441105932,-26.8808625141142,-39.9682654570225,-33.170024658783,-32.622674871735,9.76024585892258,-38.719849346214,-21.3655099990317,-38.2512573080867,-29.5740876344956,3
2207,"ssp126",-6.96408675389288,9.04315004638533,-16.8627966306574,0.864542371358763,-10.8784013165187,-2.01473181551062,-8.27012623516843,9.60963987090989,-18.7939856641518,0.0383532471473744,-12.4243659763263,-3.00819652067673,-7.7606425892459,9.38534656732565,-18.0343246534651,0.363391577114854,-11.8226596724263,-2.62380155713631,3
2207,"ssp534-over",-2.67553995570172,3.11102559335678,-5.94172756561608,0.252734962132091,-4.13967741461862,-1.04244615074453,-3.47742654337703,2.9946881745172,-6.39141762723271,-0.408088223067255,-5.01209570353192,-2.0204310014492,-3.16675738060468,3.03331362834414,-6.2145255670674,-0.148107961615606,-4.67608209009921,-1.64287328737331,3
2207,"ssp585",-25.6548824133631,12.7662303163709,-35.4918475972111,-11.2283914353759,-32.8681279023567,-20.7363998214391,-32.9040948521414,7.97656560832831,-40.1643633772821,-24.3656029608826,-37.1733407977708,-29.273960589571,-30.0695066281652,9.84409818991395,-38.3780582367297,-19.1971770284351,-35.5056714280303,-25.915230823883,3
2208,"ssp126",-6.19315556367843,7.16748900741044,-14.4694310688571,-2.0364034850376,-8.27153160299884,-2.0550178110891,-7.47279425767253,7.10103126911549,-15.6565886818422,-2.94069629348377,-9.7388432397669,-3.38089704558768,-6.97273326724997,7.12111246538533,-15.1896031426312,-2.59498469649321,-9.16160755262835,-2.86429832955934,3
2208,"ssp534-over",-4.27569878792774,3.48929994530893,-6.79301481076045,-0.292604295470734,-6.26724603415625,-3.01704077651139,-5.52345097888252,3.19657524629308,-7.53738434005276,-1.83765104148804,-7.36635094757976,-4.5164842982974,-5.03922491551626,3.30037242408327,-7.03706597845029,-1.22980061193111,-6.94393706730883,-4.04030438404924,3
2208,"ssp585",-25.7647672480759,12.1862347590734,-33.7436551808563,-11.7375282987053,-32.7783867227613,-21.7753232816858,-33.0122962546717,6.71295165351595,-38.2200688361082,-25.4361822481834,-36.8003532579158,-30.4084099639534,-30.177636834934,8.86432726034048,-36.5087336368307,-20.0468743136462,-35.2430180955778,-27.0120884339856,3
2209,"ssp126",-7.73073930268622,8.17496129340547,-16.4573820966158,-0.250645326747319,-11.4707862906557,-3.36741790572141,-9.25485282254475,8.66308749709473,-18.5113129855653,-1.34218307495298,-13.2111876963406,-4.62662274103449,-8.66056328633176,8.46988621429127,-17.7033696988551,-0.912751608989435,-12.5344691250029,-4.13916008007007,3
2209,"ssp534-over",-5.30488410895064,3.57030498980606,-8.23668036199284,-1.32890515340833,-7.29287358672179,-3.83898598242954,-6.1492103721083,3.13906946119715,-8.06186392483047,-2.52641132462475,-7.96060989585007,-5.19288359574721,-5.82337750099477,3.27705350376156,-8.007781889569,-2.05528988933658,-7.70742130682387,-4.73117530670766,3
2209,"ssp585",-26.8082117157051,11.2192317879299,-34.4336643258224,-13.9257270743159,-33.2494540363998,-22.9954854106465,-34.1944592144515,5.30973554546796,-39.0075770944553,-28.4987189526468,-37.0423293453539,-31.7879002744496,-31.3055765978516,7.58512604173525,-37.2589679349325,-22.7654300434232,-35.5756498750658,-28.3288809293112,3
2210,"ssp126",-9.11552861094091,10.4511864086366,-21.0311123255551,-1.50200552451328,-12.9222901541547,-3.1577367536338,-10.9115015138846,10.8876260767705,-23.3525064146504,-3.12369265379312,-14.8054059439303,-4.69099906350162,-10.2103288186168,10.7123421666022,-22.4393526273521,-2.4856904569789,-14.0726479994357,-4.09581691424906,3
2210,"ssp534-over",-4.66627346262595,6.1537370187993,-11.2227958244532,0.984220882562523,-7.49152063522019,-1.38801228171234,-5.6507195896778,5.77338768060112,-11.6450160156285,-0.127049443511945,-8.41255466276072,-2.65357137670244,-5.26868973002546,5.91984589530362,-11.4789296244997,0.31014518946563,-8.05810718977101,-2.16356978278834,3
2210,"ssp585",-26.3907472102824,12.5517345243471,-35.2253322837459,-12.023147165514,-33.5745472326666,-21.9734546735507,-34.1011628270514,7.19218185054679,-40.1966222365583,-26.1686085899708,-38.0674399455917,-31.0534331222979,-31.0862372791157,9.28926998644492,-38.2960955790004,-20.6035181968801,-36.3275968202335,-27.4813081291733,3
2211,"ssp126",-6.69765552843011,7.3084964045918,-14.7618137904004,-0.511247420627927,-9.7908595823312,-2.66557639744496,-8.38560812873493,7.27732510715666,-16.5413127503498,-2.55480906774364,-11.3010076592306,-4.30775581792751,-7.72616663172321,7.28488763544328,-15.8413212140551,-1.75083350633921,-10.7138331944152,-3.66858934055726,3
2211,"ssp534-over",-4.78494936912076,5.67527247607359,-10.7326206338155,0.571662495486373,-7.46325530142432,-1.81111373677341,-5.73316367157088,5.3141667020706,-10.997237077717,-0.370281656433337,-8.41460467913965,-3.1011269684978,-5.36619403295164,5.44849405418663,-10.8931463896839,0.000296877089314862,-8.04943948797212,-2.60271785458554,3
2211,"ssp585",-25.3558160493114,12.2915020324178,-36.5166921127729,-12.1821470626464,-31.9426505426439,-19.7753780175807,-32.7610308170298,7.70283082740229,-41.2106944150213,-26.1307902032664,-36.0761511239115,-28.536199018034,-29.8651413590776,9.39084553433751,-39.416174966198,-20.643131822303,-34.4761461274649,-25.0896245555174,3
2212,"ssp126",-5.19473113396573,6.58990225373994,-12.4878644396292,0.331853245700901,-7.95802332379904,-1.54816448113399,-6.22049310331336,6.04452750950333,-12.8768279226675,-1.07402486796603,-8.79372722098702,-2.89232569363631,-5.82169898084497,6.25706978089733,-12.723823536499,-0.520925994097033,-8.47208547421895,-2.37063670301796,3
2212,"ssp534-over",-3.38237954776051,3.16100318925058,-6.56917201045857,-0.247812815713899,-4.94966291378382,-1.78898331641149,-4.16819201109527,2.43881565916686,-6.23043099291924,-1.47628969097842,-5.5141431711537,-3.13707252018329,-3.86447192026251,2.70463269187984,-6.363679649204,-0.992983798612926,-5.3002159810873,-2.61486805579176,3
2212,"ssp585",-28.0230996189877,13.4837193900361,-36.7707259448511,-12.4949167366799,-35.7871910601415,-23.6492864560559,-35.6579412243722,8.01858899548728,-41.3344434114906,-26.4848056276607,-40.244509022728,-32.819690130813,-32.6704587149013,10.1750960345701,-39.539239439706,-20.9809203932776,-38.5152278757131,-29.2360683524989,3
2213,"ssp126",-8.26272530839522,8.75595933699952,-18.3440633614612,-2.55738252275744,-11.1153967012141,-3.22205628186225,-9.98251013904128,9.29393191647421,-20.6900631704224,-4.00551493927731,-12.9710077389233,-4.62873362335071,-9.31101664782614,9.07843956373829,-19.7672303689532,-3.43579242848213,-12.2486287574981,-4.08290978726263,3
2213,"ssp534-over",-6.67421061114775,6.52767203235444,-13.2994132680411,-0.248649360327771,-9.88699123655773,-3.36160928270108,-8.09426729001135,6.16562346796807,-14.0899170056501,-1.77167911516033,-11.2555613774369,-5.09644243219197,-7.54281905966598,6.30430634419788,-13.7789609791564,-1.17249058375224,-10.7279832976228,-4.42474809992079,3
2213,"ssp585",-27.1009842430398,12.8657206232035,-36.4480579600973,-12.4274010421062,-34.4377758435065,-22.427447384511,-34.7279548876715,7.15483316146228,-40.9419804680476,-26.9059604291008,-38.6389521169568,-31.6209420974835,-31.7440870668981,9.38745036208278,-39.2239516255482,-21.2098230368594,-37.0112190819174,-28.004154787573,3
2214,"ssp126",-6.7724854793988,6.29565258274032,-13.939986054896,-2.13733466485265,-9.09006088667187,-3.18873519165019,-8.08308942836266,6.00458951400965,-14.942230297701,-3.77645848683908,-10.2364048991245,-4.65351899369347,-7.57227388460124,6.115820528939,-14.5479830949471,-3.13159636738559,-9.79261264320907,-4.0844192794283,3
2214,"ssp534-over",-6.51632482120928,4.75549534087349,-11.2561472224947,-1.74530999092579,-8.90183223635102,-4.14641362056656,-7.74136128024762,4.45395055725207,-11.8866160700766,-3.03238743389773,-10.0958482034226,-5.66873388533315,-7.26593404344719,4.56737831288024,-11.6386120716829,-2.52602697677873,-9.63588757678142,-5.07959502932931,3
2214,"ssp585",-26.9195796894858,12.0077152899492,-35.0159211467085,-13.123477501302,-33.8176307835777,-22.8714089608744,-34.7155177286079,6.12878535623942,-39.4475383089551,-27.7923157743463,-38.1771187057386,-32.3495074384343,-31.6649509203556,8.44712409185899,-37.7533288315586,-22.0213190919772,-36.4867668345449,-28.6207619647542,3
2215,"ssp126",-5.80749280954735,7.19403603915994,-13.3885362505432,0.924115409514022,-9.17329691907803,-2.01697108904941,-6.83200220091125,7.24987125663468,-14.3241209618105,0.148520132211301,-10.3222633674725,-3.08594282046162,-6.43400690932961,7.22579347016879,-13.9560952455199,0.453653891876531,-9.87783730993267,-2.67296274123446,3
2215,"ssp534-over",-5.60237658155118,6.20173163270416,-12.233561886936,0.0545856123114417,-8.43085767848249,-2.28678392885877,-7.00919760059556,6.20630434606642,-13.5034261557015,-1.13778146511204,-9.94490566833732,-3.76208332304257,-6.46226697307527,6.20154277339247,-13.0039067626673,-0.668681845913031,-9.35905953665639,-3.19144707827923,3
2215,"ssp585",-26.710678406497,12.2145395467028,-34.1788904456614,-12.6148962174177,-33.7585695010367,-22.9765723869149,-34.2961274400812,6.22761301777735,-37.9532566183363,-27.1054533286335,-37.8914644958051,-32.4675628509537,-31.3285833101887,8.5962679258564,-36.4685553427455,-21.4045958061822,-36.290577062192,-28.7585972939103,3
2216,"ssp126",-6.94315878038079,6.15213623545941,-13.2745947034339,-0.987553791776382,-9.92096127468299,-3.77744081885425,-8.03510425313967,5.71846574824785,-13.8057755674243,-2.37031452176746,-10.8674991188258,-5.14976859599736,-7.61056932655933,5.88785812265495,-13.5968279268786,-1.82631046113555,-10.5026987592712,-4.6174400263997,3
2216,"ssp534-over",-8.28005101160902,8.76394872709552,-17.5805391450528,-0.175463642475967,-12.3323446961756,-3.62980694488714,-9.6208632064964,9.06889291728541,-19.0577261454999,-0.97127005779139,-13.9456597808489,-4.90243173699466,-9.09987287916934,8.94596297190938,-18.4766533710225,-0.658184856556834,-13.3207168904756,-4.41148263324278,3
2216,"ssp585",-25.9284437343818,11.7248547633105,-35.3209741465937,-12.7878017861781,-32.4987647084837,-21.2321785282759,-33.4816305220761,6.17926748826906,-39.7034735817679,-27.3458373590856,-36.5495271035713,-30.3707089922302,-30.5263742783095,8.29469858408055,-38.0280418362168,-21.6184325415243,-34.9803451467021,-26.7755404993558,3
2217,"ssp126",-7.15562220079006,7.64275335333097,-15.789459247168,-1.25619863422983,-10.1053339840702,-2.83870367760109,-8.12237905354901,7.58940807922079,-16.7216284641491,-2.36029163978007,-11.0034227604335,-3.82275434824895,-7.74525773842551,7.60846508509704,-16.3549462817107,-1.92592069959688,-10.6549262578398,-3.44041346678293,3
2217,"ssp534-over",-4.612148503655,3.81240300582911,-7.29029991506636,-0.247342234594191,-6.7945516381854,-3.27307279794932,-5.56310800888156,3.51552021245158,-8.32514092146593,-1.60580294171789,-7.5417605424634,-4.18209155258938,-5.1964828241963,3.58432900492634,-7.55047104969166,-1.07135896680913,-7.25904475288989,-4.01948871144863,3
2217,"ssp585",-27.709777872041,13.0546789031894,-38.010654304413,-13.0281487644118,-35.0505924258556,-22.559339655855,-35.2442344560251,7.67808198278295,-42.6739256108225,-27.3397934396156,-39.1964549642299,-31.5293888786265,-32.2973859519037,9.74518178474431,-40.8911546372159,-21.7093234322109,-37.5914172117501,-28.0005016092476,3
2218,"ssp126",-5.63680957074127,6.75642693777056,-13.2963307958903,-0.523263182988592,-8.19358276461761,-1.80704895816674,-6.24494795233577,6.32388645366272,-13.3843577805733,-1.34740255187543,-8.69372065256594,-2.675243038217,-6.00907736143213,6.49189096742989,-13.3497310987767,-1.02317063417848,-8.50203072505896,-2.33875049275987,3
2218,"ssp534-over",-4.30748542086086,3.28432823856302,-7.29114719078481,-0.788308040934793,-6.0670741108239,-2.81565453589889,-5.40316168970904,2.54624570567533,-7.3175305832194,-2.51342426868899,-6.84803040021906,-4.44597724295386,-4.9777933503068,2.8254969750776,-7.30715229594944,-1.83473112055025,-6.54932446518507,-3.81311387748547,3
2218,"ssp585",-28.3123009938812,13.826708553042,-36.9823386300552,-12.3669115981055,-36.2849956917691,-23.9772821757942,-36.0455550374384,8.41219848051261,-41.6852506162001,-26.3765862380512,-40.880039437132,-33.2257072480575,-33.0206583593144,10.5566915497875,-39.8873249907272,-20.8649169181454,-39.0985290798989,-29.587325043608,3
2219,"ssp126",-7.05062993039431,6.56489967182155,-14.6150448223021,-2.84107226694254,-9.15540876212019,-3.26842248444042,-8.3711405033021,6.61600949385534,-16.0001171606751,-4.20935116147727,-10.4520351742145,-4.55665217461558,-7.85612957340386,6.59233815767081,-15.4552790147486,-3.67104452710487,-9.94867209655336,-4.05655485273148,3
2219,"ssp534-over",-4.43798984290361,3.16006559704881,-7.57319987475356,-1.25364176767948,-6.03016388051568,-2.87038482697864,-5.34977617594219,2.21534518681283,-7.37543717273527,-2.98406821033429,-6.53263015874615,-4.33694567754566,-4.9955160144186,2.5829690866376,-7.45322997886959,-2.30328592384636,-6.34163105970473,-3.76665903219311,3
2219,"ssp585",-26.8816600539778,12.1984723881847,-35.5106392229023,-12.9256836815765,-33.8596482401785,-22.5671704695156,-34.5591820367746,6.59250459029946,-40.1651934511244,-27.2962891348654,-38.1906284877292,-31.7561763295997,-31.5560234808556,8.78719978320938,-38.3857550209076,-21.6426228491743,-36.5127237966963,-28.1411577108296,3
2220,"ssp126",-7.10017188674509,8.76973705458232,-16.4654380608438,0.918196519949105,-11.1093560900922,-2.41753879969573,-8.10866932586463,8.86432793724957,-17.4359348228557,0.205702873835727,-12.2658554257148,-3.44503657736911,-7.71690051806906,8.82494348665579,-17.0541759487572,0.486011265774659,-11.8183564099909,-3.04826280272499,3
2220,"ssp534-over",-3.69817989704293,5.92421063556676,-9.91295084276572,1.88483443001132,-6.48968706057006,-0.59079442418154,-4.83921620802548,6.01246798555704,-10.8665046420457,1.15832091543967,-7.83798476975806,-1.82557199101536,-4.39678824868597,5.9718204888354,-10.4914105262747,1.44414498713824,-7.31725486659808,-1.34947710989159,3
2220,"ssp585",-27.6401727077034,13.2633063043523,-36.0825409904681,-12.3528190638827,-35.2838495296137,-23.418988566321,-35.5677908845675,7.30588490786086,-40.600572780954,-27.1880149008797,-39.7576788764115,-33.0513999363743,-32.4654154417652,9.65814546332941,-38.8233399276455,-21.3515700261051,-38.0223381495952,-29.286453198825,3
2221,"ssp126",-5.09626156047294,5.70210165149384,-11.2716038720158,-0.0305045255192667,-7.62914007794978,-2.00859040470152,-6.19741684188605,5.77399072437503,-12.4286157055825,-1.02801863070969,-8.78211594747423,-3.08181741003781,-5.76848071985682,5.74448525393309,-11.9734884427307,-0.635577833114363,-8.33493216322804,-2.66597685841989,3
2221,"ssp534-over",-4.40633896303181,4.35504024809045,-8.90624510133837,-0.212289928574616,-6.50336348026041,-2.15638589387853,-5.65643527888774,3.53594919539055,-9.30360946059073,-2.24334289436075,-7.36298147115124,-3.83284818803625,-5.1695300818292,3.857710007763,-9.14730046881155,-1.44428848329626,-7.03215088109568,-3.18064488833803,3
2221,"ssp585",-26.6811305690901,12.2393610909152,-34.5165292164287,-12.5773203123035,-33.7330356974833,-22.7634312454208,-34.3740133790259,6.48968846946562,-38.9039552251208,-26.939344535987,-38.0913478005454,-32.1090424559785,-31.363827416855,8.76396706324724,-37.2266400480277,-21.2890542673098,-36.4012139916276,-28.4324211012687,3
2222,"ssp126",-7.86329889299061,11.2938587677462,-20.8150521073541,-0.0682132911965053,-11.7608416938877,-1.38742228580886,-9.24842696249696,11.489619538026,-22.4294464225727,-1.35143278042139,-13.1969240535347,-2.65791723245907,-8.70818223817571,11.4094364920129,-21.7944011753828,-0.846590114818043,-12.6389782998545,-2.16507276957215,3
2222,"ssp534-over",-6.49011184149448,5.84131505220424,-12.9018223605399,-1.47085157919948,-8.99974197264197,-3.28425658197177,-7.89363903509006,5.51341072674896,-13.8773576353975,-3.01921987504297,-10.3308486151136,-4.90177973493635,-7.3477337385104,5.63969193044664,-13.493616789729,-2.41006268535478,-9.81656926508822,-4.27479221290112,3
2222,"ssp585",-27.6742276277012,13.0950147554612,-35.9544183805743,-12.5770230399912,-35.2228299215562,-23.5341322512647,-35.5326217292472,7.26331395413841,-40.3643087192743,-27.1798741404164,-39.7089955236626,-33.1167782342336,-32.4579705992942,9.56910608778378,-38.6296148629961,-21.4348380520067,-37.969536872938,-29.3721484674433,3
2223,"ssp126",-6.25540295728894,6.66501404988197,-13.8191362125975,-1.2427371108224,-8.76173588052221,-2.47353632963467,-7.31525247139224,6.52962497167067,-14.6752502974079,-2.21792287310013,-9.86391727053829,-3.63525355838439,-6.90330001620891,6.57935252186877,-14.3384854962152,-1.83426646527539,-9.43781679167567,-3.18570727620574,3
2223,"ssp534-over",-4.7500551742164,5.18574449375448,-9.93713976340278,0.434348184381149,-7.34225685351517,-2.15651287962321,-5.62620396544728,5.03599170950217,-10.2081570707218,-0.234341764487334,-8.32213506592726,-3.33522741281004,-5.28777410853346,5.08381829958297,-10.1015485109067,0.0287334296502249,-7.9460278776253,-2.88088690734685,3
2223,"ssp585",-26.4636569545935,12.6115197940177,-34.0571673811342,-11.9056573399347,-33.7426567619229,-22.6669017413231,-34.233103368945,6.76713436816978,-39.1253049433112,-26.510272498302,-38.0945188042665,-31.7870025817619,-31.1953060517574,9.06666717394351,-37.1877533958222,-20.7645423963419,-36.4106878794652,-28.199082379725,3
2224,"ssp126",-7.42121284939971,7.7296977943698,-15.9267247436417,-0.825290549889996,-10.7191739991546,-3.16845690227873,-8.6355112509384,7.44886258533108,-16.7485227955533,-2.10517513423497,-11.9006793092901,-4.57900547863095,-8.16351022109353,7.55659087750161,-16.4252566999676,-1.60164448289203,-11.4444430901943,-4.03263698165648,3
2224,"ssp534-over",-2.98753200020005,3.72109618557619,-6.25280639943622,1.06379164986573,-5.01319382523294,-1.35489480058197,-4.06356191202462,3.69805490256904,-7.86220157009413,-0.475052151833192,-5.85781679212033,-2.16424208298986,-3.64619754273375,3.69178494672639,-7.24692898422334,0.130357922842449,-5.53447527552185,-1.84583182198896,3
2224,"ssp585",-28.1273941612753,14.357435307216,-37.0911800826664,-11.5676762694302,-36.4072531071978,-23.6455012005797,-35.7125068418762,8.77451099483128,-41.7487754850588,-25.6470582198643,-40.7452311528822,-32.6943725202849,-32.7457153118234,10.9818495007939,-39.9681744124221,-20.1079647338401,-39.0645906008151,-29.1344857615241,3
2225,"ssp126",-7.42781686261276,8.41263998422164,-16.6035349945578,-0.0782266228208873,-11.1026119825087,-2.83995779664022,-8.67788735016943,8.78965025713318,-18.1783143695448,-0.835042844086813,-12.5993096032107,-3.92767384048173,-8.19137220758843,8.63916384549827,-17.5588522294525,-0.537297118025148,-12.0184097523701,-3.50763219665638,3
2225,"ssp534-over",-6.06081352438432,4.69217643895891,-11.3131074763412,-2.28289577433701,-7.94977239940798,-3.4346665484059,-7.40150583117169,4.29371120600953,-12.095401084092,-3.67200027226488,-9.2662586106251,-5.05455820471156,-6.88092525896586,4.44437583449523,-11.7876746303836,-3.12550045409338,-8.7586376614021,-4.427550573257,3
2225,"ssp585",-27.1171542980059,13.5081671796192,-36.0142808448627,-11.5734824194554,-34.8889902372811,-22.6685910245775,-34.8897475481444,7.75565623494443,-40.8424159863493,-26.1190619862917,-39.2750903290707,-31.9134133290419,-31.8498283279013,10.0199747824578,-38.9966174853996,-20.3965575956337,-37.5764636940351,-28.2764337491521,3
2226,"ssp126",-7.84150419817087,7.7216365219068,-16.6395061626462,-2.18949018676661,-10.667511203873,-3.44250321593321,-9.63846277193467,8.21791880970189,-18.9935468287003,-3.58397075136286,-12.6657087822206,-4.96092074355186,-8.93763490435091,8.01903696260714,-18.067551040325,-3.03535588751904,-11.8887744127668,-4.37267683636385,3
2226,"ssp534-over",-3.62913617084902,3.11823387967307,-5.75838469078547,-0.0499328042304818,-5.41873785415829,-2.56451191088079,-4.37689975560716,2.85900154982761,-6.62442863787365,-1.15901251376471,-5.98584337652838,-3.25313531447391,-4.08843522307531,2.92661081573808,-6.03364528581294,-0.722679710507431,-5.77131297935925,-3.1158301917065,3
2226,"ssp585",-27.9274496013964,13.6844545039103,-36.3742040439333,-12.1388854118941,-35.8217316961475,-23.7040723801279,-35.5643059395146,7.91652257239532,-41.1238712207344,-26.5004358510619,-40.096240983741,-32.7845232989047,-32.5774947377653,10.1929603171779,-39.3080710622803,-20.8503319781181,-38.441076117589,-29.2122065755079,3
2227,"ssp126",-5.74846403813875,5.485057882255,-11.8790314264184,-1.3055128968226,-7.96993960879683,-2.68318034399893,-6.51428234445524,4.82598355997111,-11.9150307603442,-2.62476780319589,-8.45903961508492,-3.81390813651077,-6.21648756871947,5.08363714516866,-11.9008699040428,-2.10574812718855,-8.27185728948492,-3.3742964010578,3
2227,"ssp534-over",-5.63542142236589,5.84119110383645,-11.7713634911848,-0.142130881662075,-8.3820666927178,-2.56745038795644,-6.7515972648928,5.82775736234146,-12.750876675007,-1.11202559217826,-9.57138310125007,-3.75195755983568,-6.31767574360791,5.83122361558454,-12.3655710615752,-0.730450783563601,-9.11128822363006,-3.29372808462426,3
2227,"ssp585",-27.5691996437712,13.4068957991975,-35.6682518080557,-12.0938750993468,-35.3068619159834,-23.5196735616289,-35.3439406748503,7.3489719956475,-40.5756471924145,-26.9419553247339,-39.5449333499085,-32.7280874160682,-32.3034634178744,9.73458379307983,-38.6995474606186,-21.1004414894003,-37.9049743821115,-29.1054213965023,3
2228,"ssp126",-6.4377112021813,6.20240553795101,-13.4210877815522,-1.56973329173074,-8.87170015740659,-2.94602291249585,-7.74980273011099,6.12316606230469,-14.6596412940617,-2.99728532403675,-10.1260614331481,-4.29488344813565,-7.23833108956368,6.15185002187994,-14.1724384377985,-2.43565952320655,-9.63966687274225,-3.77127741544626,3
2228,"ssp534-over",-4.54666830709038,5.90060991822308,-10.4442806914548,1.35693458366113,-7.49846975246614,-1.59786211490817,-5.38725142616561,5.6285862834966,-10.7749381121803,0.454703681180978,-8.30822897983891,-2.69340808315827,-5.06133286764877,5.73267153406222,-10.6448692550861,0.809658275950207,-7.99682843944825,-2.26956467393008,3
2228,"ssp585",-28.3027187477457,13.5291758096315,-36.9816803777618,-12.7140016539297,-36.0970772946537,-23.9632379327376,-36.2012581353801,7.58282536851306,-41.7028818313454,-27.5514342429649,-40.5261700815876,-33.4504462873974,-33.1113965289607,9.93011552476019,-39.8979641332416,-21.714109387898,-38.810040099492,-29.7181127268202,3
2229,"ssp126",-7.78101210826709,7.54686678537041,-16.2352090853606,-1.72358212501658,-10.8097270998923,-3.55391361972034,-9.44422455887511,8.16065793345017,-18.5662844621967,-2.83689178335319,-12.7478909466361,-4.8831946072143,-8.79565464345719,7.91651329337696,-17.6493224009789,-2.39889483873376,-11.9940345458189,-4.36882076469633,3
2229,"ssp534-over",-2.74042658887892,2.02624653484674,-3.99666075312205,-0.402899721650319,-3.90919002249322,-2.11230950675735,-3.65288323531666,1.52577115200772,-5.31805212226459,-2.32191436014922,-4.31836767290039,-2.8202987918427,-3.29879372379161,1.63389327361315,-4.81288353504475,-1.56693793283761,-4.16472161926862,-2.54174881816505,3
2229,"ssp585",-27.8118589020697,13.4901448539888,-36.0869862029609,-12.2451347707692,-35.59522096772,-23.6742952516242,-35.9177245033417,7.49702015833824,-41.0838895242733,-27.3189653487313,-40.2171040806469,-33.3346419928759,-32.7473206379385,9.8652238356344,-39.1735708630128,-21.3886370816408,-38.4266624160873,-29.5341955254013,3
2230,"ssp126",-8.37764723908605,9.31061854481704,-19.0424100255624,-1.8685145049809,-11.6322136061386,-3.04526584584786,-9.84587759302151,9.51236944030832,-20.7604045692348,-3.32090720082283,-13.1083627891208,-4.38861410491486,-9.27285377718584,9.42969972744591,-20.0846066805947,-2.74950861606896,-12.5345263577443,-3.86697732548141,3
2230,"ssp534-over",-5.76386302218311,4.32930893295583,-9.78012139219995,-1.17791162338193,-8.0568387215837,-3.75573383717469,-7.22118551311852,4.243724092082,-11.0715418062725,-2.67107660906537,-9.4962399651451,-5.29600736654153,-6.65375386291863,4.27834356404549,-10.5635429931265,-2.08363743915894,-8.93881207479848,-4.69885929781472,3
2230,"ssp585",-27.7129866823197,13.6305087190529,-36.2733085970667,-11.9946687721368,-35.5721456374112,-23.4328257249462,-35.6664424922993,7.23020532958764,-40.9805440717304,-27.4330028701391,-39.7831623033794,-33.0093917025838,-32.5549163185505,9.75008147052137,-39.1809655744151,-21.3592720672984,-38.1527384441766,-29.2418916906182,3
2231,"ssp126",-6.56110580181154,8.57990195834335,-16.0779230815372,0.582121334922675,-10.1327193701786,-1.80269716194869,-7.81050107844214,8.54340117178464,-17.367238227394,-0.91286732909205,-11.2593179531172,-3.03213250396623,-7.32256111262001,8.55522624770354,-16.8600675518113,-0.324710689853451,-10.8214863240033,-2.55380789302437,3
2231,"ssp534-over",-5.71824899817948,5.55473761909859,-12.0604039895632,-1.71776655556561,-7.71849021948642,-2.54717150248761,-7.00126840086063,5.36435307008585,-13.1182869661535,-3.09845658686897,-8.95267430785645,-3.94275911821418,-6.50175103007068,5.43598538222684,-12.7021534664045,-2.55526717802029,-8.47499295609587,-3.40154981190375,3
2231,"ssp585",-28.2611796178833,14.0115713651681,-37.3889548322229,-12.1285011556342,-36.3275188490078,-23.6972920107134,-36.3849772036113,8.1804989410553,-42.3655388818991,-27.0626173667169,-41.0461571220586,-33.3946963644675,-33.2074471305822,10.484030313744,-40.4629882884386,-21.1872553575353,-39.2175430171057,-29.579676551654,3
2232,"ssp126",-8.50682432052145,8.34556734130101,-18.0434682620555,-2.53941478102083,-11.4905290902718,-3.73850234975443,-10.1428067714289,8.38453781458983,-19.7380141811811,-4.22740593059128,-13.1005071918477,-5.34520306655277,-9.50486457126006,8.36547000849912,-19.0714401466089,-3.56331848598836,-12.4756376138959,-4.72157678358566,3
2232,"ssp534-over",-3.73578248931916,3.76702017464314,-8.05742601432462,-1.14718867507364,-5.03007939644191,-1.57496072681642,-4.61114781042437,3.03599232737378,-8.09074831819962,-2.50184161397276,-5.66580090865018,-2.87134755653675,-4.27178371960198,3.31836647567975,-8.07764051021135,-1.98395711185062,-5.41569702347766,-2.36885532429729,3
2232,"ssp585",-27.6547343918581,13.4594486167188,-36.3966537515295,-12.1553924622142,-35.40440535668,-23.2837747120223,-35.6090893713939,7.42453999933099,-41.367996294514,-27.2296325016717,-39.798817806255,-32.7296359098338,-32.4981901157674,9.79490512019724,-39.4674495317068,-21.2991431447329,-38.0977136012846,-29.0135604077977,3
2233,"ssp126",-8.4985773372634,8.93606510648718,-18.4778829047652,-1.23662288335543,-12.1295545642174,-3.50892455351251,-9.96840844387539,8.73322511597918,-19.7477613614023,-2.94743817331298,-13.4788935791566,-5.07873198511192,-9.39546755644101,8.81047957643241,-19.2482363873646,-2.27437128289437,-12.9560156932143,-4.46908314097922,3
2233,"ssp534-over",-3.77498397463822,3.56047844403941,-6.37922563240987,0.282214129282623,-5.80358302659864,-2.47286314575239,-4.61748120430317,3.93602529141017,-6.92991659224567,-0.0727864147823634,-6.88982859906357,-3.46126351033192,-4.29234317941801,3.78011085292281,-6.66465676681062,0.0668774716075314,-6.47195350493078,-3.1061863857217,3
2233,"ssp585",-26.1647464289976,13.0091905085894,-34.6163755684195,-11.1840952098517,-33.6550720385705,-21.9389318592866,-33.9657839650595,7.08325687334924,-39.2253628844026,-25.911499125424,-37.9929263848772,-31.3359945053879,-30.9138642691143,9.42057197000424,-37.4633447077286,-20.1174616185234,-36.3120655944098,-27.6391240498072,3
2234,"ssp126",-6.80527332904284,6.51767809251294,-14.2422765286877,-2.08758942654614,-9.16411528029119,-3.08677172922042,-8.12576633814061,6.69457536122424,-15.7585740031401,-3.24986987756172,-10.5637145684301,-4.30936250564084,-7.61104161947217,6.62206042265362,-15.1621165606183,-2.79260690267984,-10.0202589778683,-3.83550414889911,3
2234,"ssp534-over",-5.22199567423795,4.66998141602546,-10.3378600557945,-1.1876911902477,-7.23914791623307,-2.66406348345968,-6.14970426104149,4.38623524606941,-10.7278094166761,-1.98454547039252,-8.23228365636597,-3.86065168322419,-5.79064946166224,4.48868950350264,-10.5744172212637,-1.6710480194391,-7.85045018277381,-3.39876558186149,3
2234,"ssp585",-27.0920624366558,12.7964471319211,-35.8995230779317,-12.413579710761,-34.4313037996033,-22.6883321160179,-35.0850492605131,6.49714154322101,-40.6511599695324,-27.9457734210126,-38.6546871802633,-32.3019939060034,-31.9581350422283,8.95269329991397,-38.8346067881164,-21.8351164825901,-37.0196443220474,-28.5198991692843,3
2235,"ssp126",-8.23736681114905,8.94467064199713,-18.242919551936,-1.01562251460077,-11.8482389594232,-3.23459044075559,-9.53274142322137,8.76135482843205,-19.1778817324158,-2.06635021914788,-13.2659370252581,-4.71017126862415,-9.03017684951352,8.82731849211358,-18.8101008975734,-1.65297419139813,-12.7187781785712,-4.14021482548359,3
2235,"ssp534-over",-5.74990539600823,4.7878971613453,-8.86722515553332,-0.237045550984171,-8.50633531852027,-4.19124551624569,-6.99198204634199,4.69200399722042,-10.0841749139905,-1.59313867534678,-9.69140373183959,-5.44588561251774,-6.51051868854217,4.72182465644408,-9.34299767363616,-1.05962615199573,-9.23596495681539,-5.09427919599518,3
2235,"ssp585",-27.0934815013531,12.6915244211153,-36.1743290170907,-12.5917100219806,-34.3443672410394,-22.5530577434843,-34.9023828167631,6.66008374078513,-40.782025885043,-27.6696527724763,-38.5187478389066,-31.9625612826232,-31.8473586746854,9.00783334673856,-39.0205010473024,-21.7377066994214,-36.9021846623174,-28.2607874883769,3
2236,"ssp126",-7.29493986842351,6.16633877172651,-13.8172400368537,-1.56024289110749,-10.1622883570815,-4.03378978420842,-8.64804576152566,5.92983023171293,-14.8218425894634,-2.99676416198454,-11.4736865612962,-5.56114734755676,-8.12172387039851,6.02111832206318,-14.426667711594,-2.43160969412064,-10.9667809585374,-4.96925194980076,3
2236,"ssp534-over",-3.76628073909495,4.90129333884727,-8.64019499764642,1.16194037531867,-6.23039129630177,-1.32932360981922,-5.08631661524049,4.64971321748403,-9.65749176313368,-0.361856078159392,-7.44854688378104,-2.8007290412939,-4.57226714219531,4.74870974835346,-9.25732343386348,0.237634086906187,-6.97721775674606,-2.22973899636123,3
2236,"ssp585",-27.0951442249512,12.9929457318723,-36.7923454839998,-12.3324195999592,-34.4765065374471,-22.2465435954268,-34.9280241469298,7.08651513821897,-41.4488027901091,-27.3864806329291,-38.6987959039301,-31.6676348253401,-31.8637479345186,9.37566419750442,-39.6686368122557,-21.4639300764138,-37.063656863571,-27.96130349565,3
2237,"ssp126",-6.64335604321452,7.51503042708482,-15.320674711879,-2.2431511010339,-8.84345851430483,-2.30469670888226,-8.23900481727227,8.00063370186361,-17.4760853634951,-3.48856735564224,-10.6142235480873,-3.62046454416084,-7.61590131533098,7.80550642768857,-16.6282235510816,-3.01244409304716,-9.91762992647288,-3.10974019745564,3
2237,"ssp534-over",-4.48219782616654,4.409144368079,-9.37056834126651,-0.805766919856258,-6.32041327932168,-2.03801256861655,-5.56520412507444,3.99018469087404,-9.97046661704268,-2.19346182793697,-7.25107527364317,-3.36257287909032,-5.14381493526416,4.15307340153874,-9.73448799320969,-1.64751656890507,-6.89196411844371,-2.8484784062914,3
2237,"ssp585",-28.4076312767558,13.6995938786033,-36.4314965143273,-12.5892570930602,-36.3168183686037,-24.3956986579701,-36.5446637495484,7.59328932296244,-41.1442895556204,-27.7802839951833,-40.926853626731,-34.2448508465124,-33.3609500328607,10.010803703394,-39.3425863977782,-21.8038484914235,-39.1395008035792,-30.3701318504019,3
2238,"ssp126",-9.08606863438109,8.45859095482774,-18.7144695481956,-2.85124056151136,-12.2034826708159,-4.27186817747381,-10.6395264704708,8.68892107953828,-20.5342417814842,-4.25400811047314,-13.8322856504696,-5.69216881496406,-10.0337287083172,8.59513943827366,-19.8184081732857,-3.70213299122327,-13.1995265668641,-5.14138897583293,3
2238,"ssp534-over",-3.61233587553832,3.76903628101206,-7.64317166207655,-0.175683788317607,-5.33066191914867,-1.5969179822692,-4.54229965921302,3.59341915243337,-8.15327869506628,-0.966701668043522,-6.33009865479777,-2.73681014128639,-4.18196118999163,3.6546841500639,-7.95262074935591,-0.655500366712008,-5.94519160163144,-2.29663141030949,3
2238,"ssp585",-27.7785686016888,13.3504897979702,-37.0136923331606,-12.4712946213068,-35.4322055918798,-23.1610067359529,-35.7601797741982,7.34927944512725,-41.7776121409846,-27.569302926957,-39.8556181978187,-32.7514635908049,-32.6377935040195,9.70461608853033,-39.9563631944983,-21.6294626873655,-38.1419589123465,-28.9785086587802,3
2239,"ssp126",-9.49478953725235,8.61079938466592,-19.3223488993633,-3.27327372795765,-12.6055474418997,-4.58100985619688,-11.2344563608423,9.39704434694818,-21.9575873166103,-4.43577942673856,-14.6337948278941,-5.87289088295827,-10.5553538323236,9.08450228494085,-20.9209783442488,-3.97842783515218,-13.8438168309094,-5.37254157636106,3
2239,"ssp534-over",-4.43664966730969,5.22872824607279,-9.83755227638743,0.600955317824954,-6.95545215987701,-1.73619836277082,-5.23129913827736,5.17698150014539,-10.343121163598,0.00846994420195151,-7.85118367951701,-2.67538812561702,-4.92344391631214,5.19313140308694,-10.144248362868,0.241564826147298,-7.50594828754186,-2.31304169303422,3
2239,"ssp585",-26.9966876413902,13.3592421553597,-37.827077626671,-12.0685361923906,-34.46076336589,-21.5814926487498,-34.7678184225,7.70167432604539,-42.490780429241,-27.0876097767998,-38.60792274535,-30.9063374191294,-31.7278594792307,9.85860540909744,-40.7078444944345,-21.1788239401492,-37.0023772487715,-27.2378669716288,3
2240,"ssp126",-8.99086531395572,7.69297439809918,-17.8287581388793,-3.79693961068485,-11.5878281655912,-4.57191890149394,-10.3267653780652,7.51343747110147,-18.9613668152003,-5.27837906360683,-12.8509585352943,-6.00946465949756,-9.80638273089355,7.580412896818,-18.5158388855964,-4.69555293867409,-12.3617976270033,-5.45165465354213,3
2240,"ssp534-over",-2.63498830279994,1.79137605672614,-4.66929083595221,-1.29343284494481,-3.3057660317275,-1.6178370362238,-3.42988328793058,2.22101983941025,-5.9085966379015,-1.62051413627389,-4.33456786375892,-2.19052661294512,-3.12174381411136,2.01501607209643,-5.43480940444143,-1.74707011968584,-3.80908066132412,-1.96521101894632,3
2240,"ssp585",-28.5319724640406,14.4911146075598,-36.9179573698155,-11.7990898425943,-36.8984137747638,-24.3389800111531,-36.5240747408015,8.49039404089856,-41.452250827327,-26.7202590925881,-41.4259825649082,-34.0599866975388,-33.3968621486497,10.8659612324983,-39.7038450979379,-20.8499906612414,-39.6702978923538,-30.2433706740056,3
2241,"ssp126",-5.73876951191297,4.79318008830215,-11.2536131912348,-2.5758236244088,-7.32024245566506,-2.98134767225205,-6.56806857755982,4.22191184982044,-11.405682459787,-3.6270944098639,-8.03855566140778,-4.14926163644625,-6.24657018884422,4.44249820132595,-11.3458638235794,-3.21350472387754,-7.76310292132755,-3.69692337147664,3
2241,"ssp534-over",-5.62792365263825,5.13694645887765,-11.5263573754088,-2.135955803287,-7.37390757731387,-2.67870679125298,-6.71277882437382,4.49583125274454,-11.8821636906118,-3.71505645083095,-8.21164001114525,-4.1280863912548,-6.29087364376761,4.74446578858866,-11.7422021537928,-3.09380857635889,-7.88940617747197,-3.56520938875499,3
2241,"ssp585",-26.3876572839954,12.527005622388,-36.1477185042358,-12.2619912929935,-33.4504902794963,-21.5076266738751,-34.1065041083119,6.85712845161935,-40.736119229169,-27.0425148886429,-37.6384987181464,-30.7916965478833,-31.0868384263645,9.03869211911372,-38.9819713166417,-21.2275791011977,-36.0164680889479,-27.1392719812259,3
2242,"ssp126",-7.50305183304149,6.76071222164945,-15.1907632947815,-2.4838029318947,-10.0126762836149,-3.65919610217147,-8.69034175080628,6.42188869151305,-16.0226047131859,-4.06551623392536,-11.0027545092467,-5.02421026961644,-8.22751043188306,6.55210586002928,-15.6953879147906,-3.44324049207251,-10.6196454017883,-4.49357169042927,3
2242,"ssp534-over",-5.21442240120798,2.63733188430461,-7.4838910375516,-2.32109388611092,-6.6610866587565,-4.07968808303616,-6.31654405850134,2.24973409783636,-7.65517112042356,-3.71918444334393,-7.61522386608005,-5.64723052754023,-5.88938925884752,2.37996147216035,-7.58779563381488,-3.16914934054577,-7.24950921799839,-5.04018607136384,3
2242,"ssp585",-27.1685622148755,12.8933169655007,-35.4868512164087,-12.3163277286043,-34.594679458011,-23.0094177141089,-34.9983451039926,6.77938038129088,-40.0638000139384,-27.2968776409799,-38.849078835499,-32.4656176490197,-31.9349952624532,9.18843877658419,-38.3140301790363,-21.4032477409727,-37.2008690231935,-28.7454778041617,3
2243,"ssp126",-7.63198260703352,6.58889952739139,-15.0878778205139,-2.59223588981235,-10.1518559656441,-3.90403500029333,-9.03773571206747,6.51824292585892,-16.3586274430971,-3.86371823033601,-11.6247444529332,-5.37728984655267,-8.49091687462714,6.5419821587054,-15.8587597833918,-3.36349317963537,-11.054628722123,-4.80699542024481,3
2243,"ssp534-over",-4.47706747992586,4.32782501127629,-8.77752540394558,-0.122384943664409,-6.65440874805659,-2.32683851791601,-5.60030225111475,4.03343102552281,-9.37739919621971,-1.35194026090689,-7.72448324621868,-3.71175377856227,-5.16411986699417,4.14580172792627,-9.14143020332476,-0.868210089197588,-7.31207475589246,-3.17546469882887,3
2243,"ssp585",-27.2567915645353,13.2034155912888,-36.9428091421071,-12.2174118090027,-34.7764814423016,-22.4137827757493,-35.2137175150021,7.27387375583641,-41.6371393853339,-27.3154323488384,-39.162860098084,-32.0020065798362,-32.1007848882681,9.58814716843288,-39.8424945645092,-21.3755872960884,-37.463383684358,-28.2299300501476,3
2244,"ssp126",-8.03365066231239,6.93335351299403,-15.6719960626973,-2.13766535755961,-10.9816433146888,-4.21447796211993,-9.50059209906747,6.91632886543597,-17.0846304047571,-3.54122959358161,-12.4802733518104,-5.70857294622267,-8.92936815744817,6.92077535776667,-16.5289503478555,-2.98904104266825,-11.8995317148381,-5.12957706224452,3
2244,"ssp534-over",-4.59538816575904,4.66941703046161,-8.1170421491841,0.701244295734706,-7.24370439650591,-2.83456117404651,-5.62702837942303,4.46700557586373,-8.35440914198301,-0.471875952070192,-8.20460459309945,-4.26333799814304,-5.22740870683779,4.53806098315743,-8.26103741786596,-0.0103483973937659,-7.83593886155981,-3.71059435132371,3
2244,"ssp585",-25.3643931152058,11.6637675643911,-33.5025600988268,-12.0017014755246,-32.0457389350463,-21.2953096233952,-33.2078048757294,5.42506688538717,-38.1248279583078,-27.3879671504812,-36.1177237383534,-30.7492933344402,-30.1392536998011,7.83826987658621,-36.357732623153,-21.3347210439103,-34.5415200277465,-27.0300142381252,3
2245,"ssp126",-7.90300988747497,7.14727980331027,-15.8916117169867,-2.11419254929239,-10.7974185565663,-3.9087089727191,-9.04864630154805,6.89641712922536,-16.7844322373522,-3.54405507592283,-11.8009419143607,-5.18075333364597,-8.60207702304277,6.99300790904394,-16.4332284312517,-2.98152028319887,-11.4123553929647,-4.68650131893828,3
2245,"ssp534-over",-3.99831542511929,5.18912891605757,-9.29168272596397,1.07988130797936,-6.53741379166861,-1.35163177469695,-5.25286750204415,5.05972083711819,-10.3448756470432,-0.226064215981528,-7.76626914507546,-2.7068634295446,-4.76452751140069,5.11010382993815,-9.93058704815476,0.287719298830452,-7.29065091651626,-2.18149774302365,3
2245,"ssp585",-27.3982074060213,13.2562350486354,-35.5211204078186,-12.1010274776528,-35.0467973702055,-23.3367509051226,-35.2395937157104,7.22294600119805,-40.2217024433594,-26.9558807735097,-39.3814501868108,-32.7485393518859,-32.1721377358037,9.60581381449276,-38.4246675591782,-21.1117022849511,-37.70235546123,-29.0458728241165,3
2246,"ssp126",-7.72153805394673,9.1154600475183,-18.2471283936226,-2.43480799549333,-10.3649030831734,-2.45874288410877,-9.17549184885605,9.34234942245354,-19.962716083749,-3.70226999065867,-11.9121027779547,-3.7818797314096,-8.60879762626125,9.24846203899891,-19.287864965604,-3.22245948947695,-11.3019666946534,-3.2692639565899,3
2246,"ssp534-over",-3.72712755246163,4.44337314989157,-8.19872277280198,0.68747525511591,-5.9344289562504,-1.49132994229145,-4.53864617177968,3.33417336227266,-7.53682543666568,-0.947929700869949,-6.33400440723455,-3.03955653933669,-4.22478227860984,3.7584225309768,-7.79719228352496,-0.304530653198409,-6.18490809131556,-2.43857727615228,3
2246,"ssp585",-27.9446805192985,13.9901474913595,-37.0825117025337,-11.8388997650809,-35.9975708964074,-23.375764927681,-35.7197254300932,8.14387594564632,-41.8153537035465,-26.470685416011,-40.3442454371343,-32.6719112933666,-32.678488812992,10.4483029332126,-40.0059858182864,-20.7142659315981,-38.6606002536889,-29.0147403103447,3
2247,"ssp126",-8.66285767155784,8.79995544617355,-18.5556944120988,-1.70694887498721,-12.1408120698432,-3.71643930128737,-10.183870836118,9.08989419391228,-20.4109574971199,-3.02552915913218,-13.7630416746109,-5.07032750561703,-9.59065780542961,8.97327897424992,-19.6811630514117,-2.50677489218923,-13.1325992620498,-4.54540518243859,3
2247,"ssp534-over",-4.70661016762118,5.12864171508142,-9.34893845883993,0.798821063062221,-7.45932578296288,-2.38544602201181,-6.11660476271566,4.80413219124813,-10.4233310497751,-0.935244322745589,-8.70728498270069,-3.96324161918595,-5.56717418161567,4.93314232258883,-10.0007032555258,-0.253030407626117,-8.22424606861044,-3.3504096446606,3
2247,"ssp585",-29.2521741824761,14.7542154412135,-37.8602841328313,-12.2157900567586,-37.7703662453349,-24.9481192072986,-37.0005219707834,8.7698392599659,-42.2792420134897,-26.8770844058256,-42.0622407532622,-34.3611619494302,-33.9692921506029,11.137956530526,-40.5211208783045,-21.1090556449397,-40.3994104034345,-30.6933777867521,3
2248,"ssp126",-8.50183174289281,7.39560646777408,-16.1605562751441,-1.40093330388125,-12.0522809623986,-4.67246947676717,-9.80536315421907,7.74744083675068,-17.7798899580032,-2.30697013199851,-13.5545596653293,-5.81809975232699,-9.29769253277711,7.60842679891109,-17.1429017394372,-1.95051821454999,-12.9712796918907,-5.37508792944706,3
2248,"ssp534-over",-4.97369985401844,4.26790660913864,-9.12726277944455,-0.599971919851684,-7.16056382110181,-2.89691839130538,-6.30351530406712,3.67602520868717,-9.81989421062398,-2.48632830973988,-8.21210880123074,-4.54532585078869,-5.78558076688938,3.9091212085749,-9.54743766498428,-1.74420025125448,-7.80627102470682,-3.90465231784192,3
2248,"ssp585",-27.2509516226035,13.8162330039036,-37.5291485733872,-11.5450515971289,-35.1039016353407,-22.1118531472116,-34.9716055305739,7.97675608763782,-42.1045845225701,-26.3584244741104,-39.2781960588057,-31.4051160345759,-31.9511805969806,10.2508519358955,-40.3553930503544,-20.5305651619759,-37.661488314483,-27.7490743702937,3
2249,"ssp126",-7.86286845683351,10.1967352070478,-19.6366542010698,-1.89299474799623,-10.8478053112521,-1.97597558471538,-9.41537261855186,10.981406656297,-22.094920609355,-2.96119052617143,-12.6424636647421,-3.07559862315027,-8.80882465826944,10.6692048185864,-21.1279261246794,-2.54094222993805,-11.9427658724351,-2.64927392506447,3
2249,"ssp534-over",-4.33709258474885,5.55506799240451,-10.382340243946,0.542953101743259,-6.7771154279949,-1.31446875515028,-5.84811276977119,5.64310383853776,-11.9913392298122,-0.894958302358242,-8.32469000347766,-2.77649953975066,-5.25918602071574,5.60678501012905,-11.3584163131025,-0.329256929955806,-7.7241505660957,-2.20957087452235,3
2249,"ssp585",-28.7985652933838,15.0217363131358,-38.6208366406315,-11.5062018515957,-37.4447470142779,-23.88742961976,-36.8849189877258,9.06368832493185,-42.9264351562094,-26.4631131505662,-42.0958219063056,-33.864160903484,-33.7221912335292,11.4211803557798,-41.2327659901015,-20.5787831253683,-40.2938952876097,-29.966903855243,3
2250,"ssp126",-8.11126760188352,8.21711959615943,-17.5892959649698,-2.98977699101848,-10.672012907316,-3.3722534203404,-9.48453010827905,8.23644571869964,-18.9784184950942,-4.24911836107874,-12.1022359818792,-4.73758591487148,-8.94895525689173,8.22431249985778,-18.4319871479295,-3.76767151981956,-11.5395971254278,-4.20743931137286,3
2250,"ssp534-over",-5.24191438299541,5.22620538550119,-10.9699984897969,-0.733180236679566,-7.49628145615333,-2.37787232959464,-6.602534161404,5.0019924763534,-12.1253740166751,-2.37700744692946,-8.71529751864127,-3.84111423376846,-6.07201536688454,5.08814189790762,-11.670890418618,-1.73029492613135,-8.24287558726113,-3.27257784101782,3
2250,"ssp585",-29.9540150011034,15.3036371556492,-39.150100148297,-12.2878691349112,-38.7870879341994,-25.3559724275065,-38.0825740613365,9.30843260665611,-43.8920647655473,-27.3462081291132,-43.4507570274481,-35.177828709231,-34.9017259709873,11.6801587782678,-42.0267447107504,-21.4219745422435,-41.6416016853592,-31.3392166011057,3
2251,"ssp126",-8.39885316960017,7.4204583196465,-16.963867302639,-3.9075367420731,-10.6445113833637,-4.11634610308074,-9.73155826114188,7.29850757386621,-18.1533146005226,-5.24915122400257,-11.9727617797115,-5.52068009145153,-9.21270563968009,7.34202307127131,-17.685428380791,-4.72133487071569,-11.4583910241623,-4.97634426912464,3
2251,"ssp534-over",-2.53322867167206,1.75496464366512,-4.41860507206338,-0.947176055184798,-3.32625497991569,-1.5905404714764,-3.3336829384187,0.362310244497951,-3.63873489962773,-2.93321303473871,-3.5339178902587,-3.18115695781419,-3.02318455617165,0.897906913600733,-3.9455080601634,-2.1518687587486,-3.45884245488317,-2.56202280417577,3
2251,"ssp585",-29.2520187699436,15.5662268002736,-40.0292300680476,-11.4056362616535,-38.1752100240887,-23.8634131208916,-37.1364100790252,9.83949977012064,-44.7834137193493,-26.0356658402091,-42.6867821984332,-33.3129082588631,-34.0522392209258,12.0982630771759,-42.9658869104144,-20.2799372276743,-40.9383902175516,-29.5954153761815,3
2252,"ssp126",-8.40321732745354,5.99511439802721,-15.1508295974635,-3.69012289800198,-10.7597645421793,-5.02941119244858,-9.72605354077372,5.66744763842054,-16.0981612896914,-5.24882002684717,-11.964670297737,-6.53999966631487,-9.21106218082141,5.79364451862808,-15.7255147293124,-4.63559928012222,-11.498793631171,-5.95383590657593,3
2252,"ssp534-over",-4.92177273925383,4.17932348959939,-9.57473493634171,-1.48659784841621,-6.63936018467264,-2.59529164070989,-6.00246709596155,3.81489948272795,-10.18194097546,-2.7075510694122,-7.64992510923622,-3.9127301562123,-5.58255277290138,3.95493518051018,-9.94308773770264,-2.22720512404557,-7.26022659732929,-3.40228529050076,3
2252,"ssp585",-27.9953007251925,14.0039175178502,-36.3439344723471,-11.8278632500513,-36.0790194627631,-23.8209838516153,-35.8163666753212,8.16451254510275,-41.0786809905368,-26.4109714694125,-40.5190642782756,-33.1852095177134,-32.7570349262482,10.4750169904432,-39.268585007399,-20.6737026014875,-38.7987010886285,-29.5012598856728,3
2253,"ssp126",-7.78540786200773,8.9521547505021,-18.0465507574292,-1.57188464402102,-10.8921694710011,-2.65483641429701,-9.52585257915635,9.38059741961193,-20.2774426934198,-3.01071979334869,-12.7834189720602,-4.15005752202463,-8.84691977320597,9.20821665616177,-19.3998892310531,-2.44465500221219,-12.0480521587029,-3.57043504428239,3
2253,"ssp534-over",-4.18932086623297,3.78601073937756,-8.1657837678022,-0.627976446518609,-5.96999307609015,-2.20108941544835,-4.93154805029259,3.64082050463381,-8.27035659256235,-1.04971477792131,-6.87246468647822,-3.26214377915771,-4.64584555931562,3.67597138987387,-8.22922136635204,-0.883794991633577,-6.52687084315664,-2.85415765579741,3
2253,"ssp585",-27.8320928916571,13.2891011734336,-36.0189445668319,-12.4989248535444,-35.4986769107134,-23.7386670540697,-35.9371430662719,6.84054437488879,-40.5477046849265,-28.0775766579441,-39.8669262704358,-33.6318622569446,-32.7653243115392,9.38954266638089,-38.8163574064893,-21.9486422320882,-38.1736653512648,-29.7398077640642,3
2254,"ssp126",-9.27963962497475,7.11559293136765,-17.2872298111383,-3.68193822260987,-12.0784903261572,-5.27584453189299,-10.6818492313132,6.44735831231233,-17.9829450670347,-5.77077408028744,-13.137386806826,-7.03130131345242,-10.1354765900898,6.70676338612017,-17.7092754545431,-4.94898679350395,-12.7287214883828,-6.34857715786323,3
2254,"ssp534-over",-4.42633293684014,5.48737346113247,-10.5754057108701,-0.0278080616940523,-6.62559537441318,-1.35179654982517,-5.27145299183549,5.38470183531898,-11.3297775156097,-1.03086932153391,-7.39174482698628,-2.24229072994841,-4.9418636298273,5.42350925816127,-11.0330345051209,-0.636246169038861,-7.09467236022152,-1.89627819218051,3
2254,"ssp585",-28.2258244102631,13.8783333332937,-37.0545342202377,-12.2292180648842,-36.2241275829526,-23.8114695052758,-36.3080074298208,7.56007693938491,-41.5860575994355,-27.6472381512859,-40.6383920690883,-33.6689823450135,-33.1451969032396,10.0572327259967,-39.8536539248841,-21.5814992624176,-38.9270457236507,-29.7909683924174,3
2255,"ssp126",-8.81431651284267,8.23600155215015,-18.3173717345915,-3.74549147633396,-11.348729031097,-4.06278890196826,-10.2026418948651,7.99711497513298,-19.4241291600305,-5.17121145563066,-12.7183571144824,-5.59189826228244,-9.66251886246002,8.08613698992664,-18.9887701921553,-4.61030641888838,-12.1886250842458,-4.99939319761239,3
2255,"ssp534-over",-5.35563379155157,5.36266950719655,-11.4362283903954,-1.30143253375928,-7.38273442044772,-2.31533649212966,-6.5641186832457,4.41204777914794,-11.6157133027166,-3.46629912229658,-8.11302846372026,-4.03832137351023,-6.09342916001201,4.78096356303188,-11.5451103283148,-2.6145999169697,-7.83284378153317,-3.36758857586064,3
2255,"ssp585",-27.3036398328707,13.6572705103188,-37.2560668724729,-11.733421649673,-35.0887489244695,-22.3274263130695,-35.3499371293201,7.61927171532928,-41.8591842294694,-26.9693426357153,-39.5402343761225,-32.0953135792455,-32.2015101065544,9.9870883781214,-40.0994101410781,-20.9752449555423,-37.8146426820605,-28.2525600892926,3
2256,"ssp126",-7.06879411355172,6.97586432377385,-14.7449171648935,-1.11636879723471,-10.0450067717102,-3.23073258788083,-8.02450013022107,7.43906484102754,-16.1610687122458,-1.57149898148358,-11.2510007045898,-3.95621583920872,-7.65222376485641,7.25529306713473,-15.6040051120033,-1.39244221267504,-10.7821145409471,-3.67633309128297,3
2256,"ssp534-over",-4.34195833297911,4.0526737426548,-8.44539747326162,-0.342033208769752,-6.3419208950838,-2.29023876283786,-5.54338571885254,3.40455636315726,-8.82326674301762,-2.02653567767544,-7.30181073944109,-3.90344520677001,-5.07644292520414,3.65674610552862,-8.67462642537306,-1.36382074561697,-6.93275401499772,-3.27735117511967,3
2256,"ssp585",-28.3988691620702,14.4811273030068,-37.6025412152295,-11.7068568125699,-36.7448753368203,-23.7970331354905,-36.2953623029772,8.58796731493541,-42.4651880015581,-26.4871228411201,-41.1994820339058,-33.2104494536868,-33.2068282990857,10.9141038439398,-40.6061956813701,-20.6722883854128,-39.4740982559222,-29.5071446079436,3
2257,"ssp126",-7.16816992854412,9.06562362397423,-17.3115132221444,0.144031078181944,-10.8242704319072,-2.09649828174397,-8.20201097382353,8.93783607863876,-18.1134286240295,-0.754763690055759,-11.9256346157074,-3.24630214872054,-7.80048456463064,8.98472297748508,-17.7979836550929,-0.401160935080806,-11.5001463794056,-2.80173501939949,3
2257,"ssp534-over",-4.57293458347372,6.04691840989176,-10.7901563060233,1.28791859914214,-7.50336117478165,-1.46432372219891,-5.90534142257375,5.93914025615847,-11.9490891203023,-0.0766504605058199,-8.81968690360772,-2.88346757370949,-5.38663028760779,5.98093321949619,-11.4932062120299,0.460196655094539,-8.31004375895895,-2.33334232539673,3
2257,"ssp585",-28.8825418112076,14.3777875440892,-39.1659611265449,-12.4532619964291,-37.0971817185969,-23.740832153539,-37.2388537930499,7.67278823031461,-43.5162773403818,-28.6856111594842,-41.5154751098327,-34.1001420193839,-33.967527640911,10.3109770519268,-41.8531492565882,-22.2994999062713,-39.8015415082309,-30.0247168330725,3
2258,"ssp126",-7.37574733449034,9.54522903695727,-18.1550106441358,0.00561955473743281,-11.0664307791042,-1.9861156796676,-8.54618871787963,9.97392392327401,-19.7828594137066,-0.741056126869453,-12.4487550133847,-2.92785336996614,-8.08995768579371,9.80298038640353,-19.1425216631863,-0.447299879704511,-11.9112865888383,-2.56367569709743,3
2258,"ssp534-over",-3.69479397018494,2.50819756588677,-6.32878559794582,-1.33490741026035,-4.87473725014723,-2.3777981563045,-4.99674871374444,1.51152339437489,-6.6020072532128,-3.60077153776931,-5.694737301732,-4.19411944401026,-4.48960561454724,1.90257092902758,-6.49453158139518,-2.70933800232822,-5.37973942065675,-3.48714263112327,3
2258,"ssp585",-26.9684255570839,12.8066604376603,-35.7752956362581,-12.277141805451,-34.3140674329004,-22.5649905174968,-34.9089469639322,6.66625443190813,-40.3737767998184,-27.4817823935006,-38.622529249148,-32.1765320459891,-31.8021118793322,9.0754900106098,-38.6157751305172,-21.4999910098235,-36.9531723140866,-28.3952802537397,3
2259,"ssp126",-7.14777501859391,6.80795157718465,-14.9424956370824,-2.36726549371643,-9.53802978103264,-3.25041470934965,-8.09580487518134,7.01034637914512,-16.1118314550098,-3.11185882159622,-10.5877779019739,-4.08779158526714,-7.72630057882862,6.92842672011398,-15.6518563754747,-2.81892181152604,-10.1799899624799,-3.76352268050559,3
2259,"ssp534-over",-4.49028947708928,2.64657362850582,-7.44221033324689,-2.32951198194896,-5.57067822465945,-3.01432904901048,-5.61490282584746,1.96457559383114,-7.70451685862114,-3.80544415059661,-6.51963216347289,-4.57009580946063,-5.17793350090342,2.22043598838638,-7.60133481029779,-3.24119453774204,-6.14630298248411,-3.96623284620623,3
2259,"ssp585",-27.5038182887536,12.3331590300099,-36.2270777021783,-13.3935799344399,-34.5589374659104,-23.1421885820412,-35.5195445722698,5.94387263632794,-40.5880580298532,-28.9775140955465,-38.7905598106315,-32.9852878434782,-32.3822437944834,8.4459042966017,-38.920853049958,-22.8465014912784,-37.150114946086,-29.1129391667462,3
2260,"ssp126",-8.35826763425868,9.50747242674671,-18.7087384209121,-0.0139869878116714,-12.5304079574822,-3.18303224093196,-9.59938346371024,9.61702637746849,-20.011733686291,-1.05039240225653,-13.8738789944371,-4.39320835241985,-9.11625783689272,9.5721630994214,-19.4991817387343,-0.642651032625265,-13.3530612390264,-3.92479588597193,3
2260,"ssp534-over",-4.38549700162501,2.809197100187,-7.60168742740804,-2.41178216873859,-5.37235441806822,-2.77740178873349,-5.59640139835583,2.52106638208668,-8.40952856808075,-3.5413685789847,-6.6239178080414,-4.18983781349338,-5.12630639045024,2.62567928792432,-8.09175262447604,-3.09696805423702,-6.14097555855685,-3.64358327343734,3
2260,"ssp585",-28.565996264177,13.8670926152604,-37.5777428485757,-12.5976810321403,-36.5501538801953,-24.0601229719776,-36.7575385189581,7.58332086355129,-41.7077322277154,-28.0271685287438,-41.1227235140652,-34.2824416645794,-33.5534933520685,10.0695236014787,-40.0831414437642,-21.9569181451683,-39.3517809555185,-30.2886693062206,3
2261,"ssp126",-7.87501778144573,8.84092254857051,-17.358831412304,0.138718915132819,-11.881886129735,-3.13311096601658,-9.18328083285721,9.40687860690744,-19.0684982911373,-0.341797653702247,-13.6040224224347,-4.24067210371718,-8.67504517673719,9.18048727669838,-18.3959762093595,-0.15275340405185,-12.9361910630799,-3.81457966042604,3
2261,"ssp534-over",-4.42835215362503,3.97437714315287,-7.09158495807633,0.13993954093175,-6.71249800090342,-3.09673575139939,-5.31129293379165,3.73752295742005,-8.00899045005106,-1.04509967418156,-7.44438956359669,-3.96244417566194,-4.97013345494195,3.80833039682307,-7.36841559748875,-0.578882973745005,-7.16575869554041,-3.77099238366854,3
2261,"ssp585",-28.0641702265323,14.1901121787483,-36.3663268139796,-11.6793300157371,-36.2565903319298,-23.9130919328086,-35.8455155616553,7.85941753994746,-40.8378342455042,-26.7859722079269,-40.3752872385195,-33.3493562197308,-32.8016375874435,10.360061718878,-39.0444700731084,-20.8427352350939,-38.7810887636182,-29.680221344611,3
2262,"ssp126",-7.99577084356389,8.60738979144839,-16.8582119545702,0.331603223723478,-12.1594578772076,-3.56455028806072,-9.1957110984789,8.83511751300731,-18.1264143157786,-0.459386942266521,-13.5638731765851,-4.73035948982904,-8.7293647622664,8.74398717896353,-17.6275486580094,-0.148196544039601,-13.0199488713798,-4.28027281439489,3
2262,"ssp534-over",-3.67103490497239,2.17992234188489,-6.06530202689034,-1.80108998239267,-4.60600736626225,-2.47390134401341,-5.06597629313813,1.33531917920632,-6.57089925212595,-4.02285612034613,-5.58753637953413,-4.31351481364422,-4.52259079140036,1.66342277966781,-6.37201530422577,-3.14877156283274,-5.20950040568418,-3.59787853498766,3
2262,"ssp585",-28.8524721229588,14.0122659523364,-37.0929453971036,-12.6734400533988,-36.9419881577389,-24.7322354858865,-36.9565444663703,7.59972546425131,-41.6450704404327,-28.188176851074,-41.3407282740184,-34.6122814793391,-33.7851976835754,10.1367734688748,-39.904790739288,-22.0843877901676,-39.6356026302793,-30.7254011557191,3
2263,"ssp126",-6.38525990973064,6.22675408438731,-13.3044500228728,-1.23271696232508,-8.96153138343342,-2.92566485315956,-7.5916858894439,6.16064334856927,-14.4568774542133,-2.54496958722942,-10.1150440405511,-4.15909010705922,-7.12135518199063,6.18474835242124,-14.0035535319812,-2.02870474036221,-9.66768040280484,-3.68025600699534,3
2263,"ssp534-over",-5.47075929494508,7.20418954996849,-13.7778753233612,-0.937445385853114,-7.73741624949106,-1.31720128073701,-6.86349380271992,7.41437070541207,-15.4165714955469,-2.260551153292,-9.16496512743387,-2.58695495630644,-6.32010368641691,7.32809104333184,-14.7719667630321,-1.74001647616324,-8.61014729154375,-2.0941721481093,3
2263,"ssp585",-28.4190267247523,14.0712413366064,-36.8050698001399,-12.173804396069,-36.541637889094,-24.2260051870585,-36.3497399126943,7.89458217470929,-41.151590252186,-27.2382929524258,-40.9054633928286,-33.9488147429485,-33.2477794063955,10.3372551899133,-39.2884929849902,-21.3116400122213,-39.2158491034827,-30.2274226170982,3
2264,"ssp126",-6.63855194879062,7.92829654538542,-15.7660799964143,-1.46318354594563,-9.22623615021312,-2.07478792497878,-8.04740474289094,8.09181718262684,-17.3697020409714,-2.83982665494243,-10.6511937868652,-3.38625609385068,-7.49778353514697,8.02395380478093,-16.7388942215404,-2.29822938139242,-10.0975606120242,-2.87722819195026,3
2264,"ssp534-over",-3.64745466703866,4.49961808715358,-8.42341123160391,0.512314263226741,-5.72733913217136,-1.25947638475603,-4.30639391094957,4.11421874202348,-8.23695892642941,-0.0303128720668514,-6.44443443039092,-2.34111140320964,-4.05315770618918,4.24677301163456,-8.31030262512339,0.183166841817322,-6.17131998019243,-1.92458524672208,3
2264,"ssp585",-29.0784381527582,13.8861920190147,-37.6699155888509,-13.0581007043595,-37.0886068769576,-24.7826994347119,-37.2193152725958,7.34874575959975,-42.3503020550952,-28.8007205480701,-41.4286126348586,-34.6538218813461,-34.0339596925329,9.92919321252261,-40.5609879472471,-22.6072780137147,-39.747300531942,-30.7704455651758,3
2265,"ssp126",-7.63277116950777,6.58135288130886,-15.0064515379695,-2.35350073056113,-10.2724063889811,-3.94593098527691,-8.54146015736701,6.3527349270154,-15.566898132189,-3.20126832491337,-11.2115560735938,-5.02874116995602,-8.18885908287468,6.43885982791392,-15.3464383953033,-2.86774061921786,-10.8494183147031,-4.61006942666037,3
2265,"ssp534-over",-5.17318425498469,4.00470877085393,-7.60611318080754,-0.551086962366686,-7.4842329012937,-3.95671979207327,-6.5512716080939,3.66159173962721,-9.55498734403896,-2.47249253431526,-8.59066114498323,-5.04941374012137,-6.01723262519951,3.76474946196744,-8.7167419832784,-1.71657546884614,-8.16756120337619,-4.66747794616006,3
2265,"ssp585",-28.4627904027127,13.592105142324,-36.6782482206301,-12.7738261610485,-36.3072725235448,-24.355061493754,-36.609693012458,7.21650180855871,-41.0280931368877,-28.281979764161,-40.7735496366064,-34.4004929502431,-33.4216112408041,9.73872810202182,-39.3170190120333,-22.1807806557289,-39.0420265333417,-30.4739073551895,3
2266,"ssp126",-6.62125966706779,7.4141298169842,-14.8974166840764,-0.586278494888138,-9.63875025315761,-2.48318115856349,-7.89713014364134,8.05852203233693,-16.8801147260145,-1.30343226300969,-11.1939790839572,-3.40563785245474,-7.39939425565151,7.80317224759408,-16.1001919052537,-1.02129049148417,-10.5884461377352,-3.04899543085041,3
2266,"ssp534-over",-3.46656180033687,3.37786029304485,-6.62588649077858,0.0939944806117703,-5.24683994081118,-1.88689945511601,-4.60119514738668,3.41545037444431,-7.45365123285271,-0.816382365735514,-6.49360153821227,-3.17496710465367,-4.16099753461765,3.39522997797174,-7.12803805378601,-0.458223003543194,-6.01238480015488,-2.67747727503347,3
2266,"ssp585",-26.2503685963117,12.200055324102,-34.6886486029722,-12.2619951118917,-33.2445553385216,-22.0312285929814,-34.2752291522004,5.96469531876926,-39.4655438986727,-27.7592217601339,-37.5332328482337,-31.6800717789643,-31.1358707286544,8.39239484657841,-37.6393344166235,-21.6623215211235,-35.8726453324198,-27.8841388846698,3
2267,"ssp126",-7.32829932302884,6.12386793412009,-14.0089998162202,-1.98097643966183,-10.0019607647123,-3.98794907643316,-8.70088318252815,6.24363597580121,-15.4772869111341,-3.18119015509072,-11.4607296962469,-5.31268131822515,-8.16628058167743,6.19473931118682,-14.8997150426349,-2.70900352102017,-10.8949191120061,-4.79956335119869,3
2267,"ssp534-over",-5.36414985415228,5.85062072768173,-12.0456199280075,-1.1584112690747,-7.46701914669107,-2.02341481722467,-6.39597459821611,5.92707189168768,-13.1076293751913,-1.88021237308301,-8.65385571078267,-3.04014720972852,-5.99491576011161,5.89252467517959,-12.6898726688234,-1.59624225227139,-8.19425251403173,-2.64743730575574,3
2267,"ssp585",-26.9738409429826,12.6599288880214,-35.556899442563,-12.4342811729244,-34.2436208280117,-22.6823116931924,-35.0374463542098,6.11562109921253,-40.1880575116414,-28.2783356942505,-38.4170016841895,-32.4621407754941,-31.8823033214049,8.67138963294767,-38.4175634448713,-22.0449868512223,-36.8009615564962,-28.6146732596717,3
2268,"ssp126",-5.19364257315912,6.65615194507804,-12.8115631014277,-0.501605961983133,-7.53966087874711,-1.38468230902484,-5.73402697029605,5.82829539388261,-12.3884861480686,-1.53636244020368,-7.83285923534223,-2.40679738140978,-5.52516312750314,6.15135738006435,-12.5549095589376,-1.12926979307536,-7.72310979471703,-2.01028991178589,3
2268,"ssp534-over",-4.68741729762173,3.50232633678232,-8.42983446313347,-1.4887957840936,-6.2867280543858,-2.81620871486587,-5.77381246312608,2.43896525325928,-8.31375059927915,-3.45023663491911,-6.93560037722957,-4.50384339504955,-5.35164186641704,2.85517378618475,-8.35941385844774,-2.67856893826326,-6.68817833049394,-3.8477558704017,3
2268,"ssp585",-27.8038358822197,12.8900312354712,-36.1567094797512,-12.9585175933834,-35.2264950266378,-23.6273990834539,-36.4155560757525,5.92932087579271,-40.4935719307374,-29.6137563133192,-39.8164559569692,-34.3765481482601,-33.0455709775274,8.67911232293185,-38.7876046455131,-23.0612723600779,-38.0377202862521,-30.1745541435345,3
2269,"ssp126",-9.14489660208668,10.7562414776223,-21.5485952407113,-2.38813667145204,-12.523276567404,-2.94304728277435,-10.2431760948938,10.952932906013,-22.8630816615651,-3.21195577461565,-13.7587862550328,-3.9332233115581,-9.81540235815246,10.8720127024156,-22.346009502558,-2.88784985547371,-13.2791786094918,-3.55009878594969,3
2269,"ssp534-over",-4.88050221889749,2.80663756853675,-8.05927302911988,-2.7445122554624,-5.94849720061504,-3.2911168137863,-6.52585960774621,2.41375139121045,-9.27727448049554,-4.76481734673099,-7.40638073825382,-5.15015217137155,-5.88485925538764,2.56426185631947,-8.79815607337839,-3.96999135151162,-6.84229320732564,-4.42821084639226,3
2269,"ssp585",-27.7095025781908,12.5111512996732,-35.4311835900223,-13.2746070976234,-34.9269503184745,-23.8486620722751,-36.0600211966336,6.00879521161595,-39.7399450895544,-29.1260195956483,-39.5270219971262,-34.2200592501732,-32.7929762855525,8.58168430452559,-38.0450317181689,-22.8897759862912,-37.7445764351831,-30.1669485692442,3
2270,"ssp126",-7.77659217947503,9.42652045066119,-18.5569770140396,-1.08380046818449,-11.1229880351203,-2.38639976219272,-9.52866942199936,9.5224170297037,-20.4603428369796,-3.03798475078432,-12.7740117576069,-4.06283271450922,-8.84458746651348,9.48015450023169,-19.7116264867501,-2.26917192445809,-12.1322952375412,-3.41106795639516,3
2270,"ssp534-over",-5.90429804632532,3.43034207318146,-8.90409631629391,-2.1642751438543,-7.77430949756084,-4.40439891134103,-7.24304606113615,3.58209098993668,-9.91482046321612,-3.17264025191698,-9.27824896574574,-5.90715886009617,-6.72377740613419,3.51578753442134,-9.51723756808798,-2.77593046584346,-8.69770087627956,-5.3270473251573,3
2270,"ssp585",-25.6308011527421,12.3879197565984,-34.9483935213644,-11.5726746606343,-32.659864398796,-20.9720049684309,-33.3348310498221,6.35197100246506,-39.482472757156,-26.7965605003386,-36.6039663245639,-30.2610101961552,-30.320785444507,8.66130729386895,-37.7490919773391,-20.8071976729396,-35.0775793302907,-26.6066321780909,3
2271,"ssp126",-7.35085666332609,7.06264765121543,-14.9670836720297,-1.01770722672718,-10.5174313816255,-3.54274315897428,-8.64405078039725,7.39119632349951,-16.6170467913625,-2.02064472771967,-11.955753806736,-4.65755277491462,-8.13986002821298,7.26074832958743,-15.9680100429712,-1.62607026428127,-11.3967549101788,-4.22578502083387,3
2271,"ssp534-over",-3.67589061448296,3.38897805303273,-6.12970255037308,0.190954269687224,-5.60931305656805,-2.4489846465379,-4.28698489101997,3.24612536776393,-6.77305118286771,-0.614561760420049,-6.12319645631993,-3.04395174509611,-4.05279855554215,3.25812141040759,-6.12920834386215,-0.297656614230897,-5.93036952619778,-3.01459366138216,3
2271,"ssp585",-27.1898870994764,13.4877424534776,-36.6297241758014,-11.7421401011515,-34.9137605986388,-22.4699685613139,-35.0913557085971,7.40137123354997,-41.2420918128549,-26.877249468094,-39.1984088288486,-32.0159876564681,-31.9999350778477,9.78732252819071,-39.47878133773,-20.9228129736631,-37.53849612994,-28.2605119479066,3
2272,"ssp126",-8.50214092375812,9.90920093695231,-19.7459669943476,-1.04323450806019,-12.2315941316071,-2.88022788846335,-9.97754785545718,10.3158377895788,-21.6740184122864,-2.17714924222107,-13.8777471620752,-4.12931257704255,-9.40218605825512,10.153026712065,-20.9155916278524,-1.73104587349302,-13.2377561506362,-3.64548327345646,3
2272,"ssp534-over",-4.03935768813482,3.29407870916818,-7.55328711249289,-1.02136976337481,-5.54835165051483,-2.28239297595579,-4.84967388384637,2.46894918991389,-7.15407990829035,-2.24385649419955,-6.15258257866978,-3.69747087162438,-4.53683120095488,2.77410330359737,-7.31111380966312,-1.76290723724346,-5.92379318281059,-3.14968989660076,3
2272,"ssp585",-27.6679960495472,13.4088246822879,-37.0466582217888,-12.3096865093027,-35.3471508196694,-22.9786649634263,-35.466544669293,7.09809544760383,-41.5319400916521,-27.6598347292736,-39.3698996393028,-32.4338469581135,-32.4151365111716,9.56075146250979,-39.8172145694536,-21.6207979083337,-37.8123058125905,-28.7140974820306,3
2273,"ssp126",-7.48181056078902,10.8981992943957,-20.0391844898964,-0.492477507244627,-10.9764770875612,-1.20312359623532,-9.01304334676532,11.3654581930722,-22.1220625505358,-1.92108460788739,-12.5590227162043,-2.45853374488006,-8.4146761437027,11.178128501776,-21.3027324770735,-1.35904372334314,-11.9424923538825,-1.97064797701729,3
2273,"ssp534-over",-3.73933690742947,2.79526521325874,-5.52093489837113,-0.517671321726823,-5.3501697002808,-2.84853791195864,-4.38399247384831,2.58739095915671,-6.37816875354295,-1.46023941771344,-5.84586900191574,-3.38690433400099,-4.13481183390588,2.65040899040956,-5.91988057533399,-1.08941541286764,-5.657510044425,-3.24227746319182,3
2273,"ssp585",-27.5565808376872,13.8863383207306,-37.6998745612784,-11.7301403337287,-35.4698010896664,-22.4849339758915,-35.5285775680197,7.7676826054228,-42.4614967414947,-27.1338457831244,-39.7259434604674,-32.0621179812822,-32.4099592604428,10.1465109307343,-40.6411261792022,-21.0737385415027,-38.0780696199128,-28.2943758010631,3
2274,"ssp126",-8.352817690168,10.2224193935826,-19.6907598281216,0.159770672961793,-12.6091118717329,-2.68384662119119,-9.28000260457264,10.3252790780591,-20.4579538726267,-0.0991692163241417,-13.8704192986969,-3.69102697054561,-8.92175030334786,10.2760379584084,-20.1561670495175,0.00270260298333398,-13.3839767565135,-3.30454193026303,3
2274,"ssp534-over",-4.80553982746292,2.87186520701963,-7.61483728610186,-1.87495020513563,-6.27083463862656,-3.40089109814345,-5.92916702510759,2.38388123883589,-8.06895883091446,-3.35965182660775,-7.21392462435751,-4.85927112220416,-5.49242654831227,2.57226777674122,-7.89032358303158,-2.77554230325382,-6.8508686708415,-4.29347803095262,3
2274,"ssp585",-27.401527711876,13.2530406014703,-35.5481738859287,-12.1091493049791,-35.0477169153245,-23.3282046248497,-35.5386758020786,6.40015619229811,-40.1268580916099,-28.2272709592934,-39.1943782234713,-33.244584657313,-32.3544052063804,9.09998958329047,-38.3764248092958,-21.8860989549636,-37.5885583320888,-29.3433954049227,3
2275,"ssp126",-7.3596345719973,8.88257804468099,-17.254356819961,-0.0732466318828094,-11.0028285420545,-2.41227344801543,-8.84030531634795,9.20364120356233,-19.0383200162971,-1.15143628307335,-12.6847398329853,-3.74129796637336,-8.26366907568877,9.07454363388641,-18.3365724083458,-0.727256209357539,-12.0318755088544,-3.22721740936028,3
2275,"ssp534-over",-3.1255213873463,3.17524446968578,-5.30002071422772,0.518257554298423,-4.94741085816867,-2.03827172390559,-4.16932273163916,2.93239734078412,-6.04343493392653,-0.789986598606009,-5.85899079815573,-3.23226663049547,-3.7640472330595,3.02140329517618,-5.52722148842685,-0.275298759964146,-5.50842146960718,-2.88246010537583,3
2275,"ssp585",-28.9654297673693,13.9939355641606,-37.1134761101146,-12.8068197941554,-37.0447347539762,-24.8914065959967,-37.0521329820456,7.56525247205444,-41.6067620559326,-28.3192347793595,-41.4185820833887,-34.7748184451022,-33.8874016417204,10.1087832220849,-39.8889765714576,-22.2163591631184,-39.7229228810214,-30.8866141768518,3
2276,"ssp126",-7.15081997666235,6.50371839244574,-14.6554515314553,-3.15615765330077,-9.14815113834315,-3.39850419926587,-8.32151712448895,6.10088616956621,-15.357486186763,-4.49994311717373,-10.2323041281466,-4.80353259335193,-7.86593579175164,6.2546335550431,-15.0813307475292,-3.98621325623801,-9.80579705950845,-4.25823831386285,3
2276,"ssp534-over",-4.0209140166225,5.72143149032386,-10.3275503300977,0.836672929254956,-6.44970748956123,-0.867595859884881,-4.93965459603392,5.15247436465723,-10.5853782421628,-0.491263486212128,-7.16385015094481,-2.11679277296948,-4.58254728773455,5.37453253116679,-10.4839579208656,0.0311716586445811,-6.88940676092411,-1.63184197116901,3
2276,"ssp585",-29.888732796534,14.3163648300932,-38.9582187966077,-13.384586314319,-38.1408060376415,-25.3539897964972,-38.2092259743561,7.96564700467156,-43.8692551601823,-29.1003114447718,-42.7636832391482,-35.3792113814429,-34.9519415067078,10.4670546746881,-41.9374282997523,-22.9174497961072,-40.9691873620081,-31.4591981101856,3
2277,"ssp126",-7.56318950496164,10.460360873845,-19.6399537679635,-1.34322182068236,-10.6731733471013,-1.5248073734607,-8.81627109014368,11.0708378616034,-21.5995192402397,-2.35481859887509,-12.046997335778,-2.42464701509569,-8.32624148459494,10.828088080897,-20.8286959488074,-1.95683741303208,-11.5109435203764,-2.07501425248872,3
2277,"ssp534-over",-2.43376923590739,2.51942498172059,-4.59112149856442,0.335136361980104,-3.81822203485114,-1.35509310457888,-3.03790674279845,2.24163499886528,-4.60586226396224,-0.470375203695507,-4.32167251234992,-2.25392898221656,-2.80600116503769,2.30044835769318,-4.25526452929489,-0.153471813897666,-4.1322658406077,-2.08136948290909,3
2277,"ssp585",-28.3983579582752,14.2613769693053,-38.721790090043,-12.1255242696578,-36.5347748025839,-23.2366418923914,-36.2744002214494,7.93042819841053,-42.6993617883662,-27.4111147998995,-40.7060429322243,-33.061919437991,-33.1920662676261,10.4171870450148,-41.134726693603,-21.3974761874826,-39.0893613076979,-29.2207360546377,3
2278,"ssp126",-5.87839061413999,5.77513325982677,-12.3736537798344,-1.32277146444142,-8.15620018898928,-2.6307590312928,-6.89984130950404,5.76299923876143,-13.2662437217078,-2.03918653612243,-9.33016869619485,-3.71664010340216,-6.50339324969846,5.76237492479922,-12.915130616977,-1.75733538166067,-8.87642218371735,-3.29752456605921,3
2278,"ssp534-over",-4.85837053515518,2.38979669097785,-7.36520688538663,-2.6059744528376,-5.98456857631397,-3.60495236003946,-5.84292849073036,1.00321518003537,-6.86378144892885,-4.85833418716762,-6.33522564251174,-5.33250201163112,-5.4600332631572,1.54751216636625,-7.06102436364979,-3.97221353382275,-6.20394312782443,-4.65953771291091,3
2278,"ssp585",-27.827541435362,13.4874987649634,-36.0062478293538,-12.2602008614108,-35.6112117223377,-23.7381882383661,-36.018069307134,7.30745992298641,-40.7617594075193,-27.602878850655,-40.2256645353735,-33.6462242569414,-32.8134671996664,9.75309827553005,-38.9437249314743,-21.5667809588885,-38.4368103200554,-29.7483383337625,3
2279,"ssp126",-7.50636705920158,9.422825772542,-18.3591424606895,-1.40722747007268,-10.555936853766,-2.07997935845761,-8.7874961056172,9.80329817836376,-20.0579494238712,-2.2372193523955,-12.0626344822281,-3.15226944649018,-8.28837865490244,9.64953229027091,-19.389699246271,-1.91068494591286,-11.4772255093972,-2.73771835921816,3
2279,"ssp534-over",-2.52437115516803,1.42030774366565,-4.09778147330513,-1.33696777448953,-3.11807284550728,-1.73766599609948,-3.02843921741843,2.14902749178358,-5.4048686955617,-1.22155141282641,-3.93188311971444,-1.8402244783468,-2.8349569353108,1.80601974150744,-4.90516859091449,-1.5821929294716,-3.4613389382304,-1.79985110750895,3
2279,"ssp585",-26.8939361939381,13.2236136936774,-35.5141109207729,-11.6690240550724,-34.506392263371,-22.5838488305207,-35.06327053513,6.55180428601455,-40.3011774450899,-27.7168031664546,-38.7365042194678,-32.4443170801501,-31.8671087962488,9.16520385850011,-38.471079497208,-21.4033052406261,-37.0990105740602,-28.5651234457692,3
2280,"ssp126",-7.44829165289037,7.20126303743203,-15.5976614586655,-1.94216755785195,-10.2013537004096,-3.37360675000282,-8.70501050360658,6.90282727889904,-16.4812747425398,-3.30152023933419,-11.4067556357428,-4.81687838413998,-8.21626962579706,7.01689202853986,-16.1336927354746,-2.76672534494782,-10.9410417662217,-4.25755807095826,3
2280,"ssp534-over",-4.84004617503036,3.38911168422172,-6.9862090861592,-0.932962853323389,-6.79358783588384,-3.76696471946594,-5.52799480055498,3.22045873708273,-7.77077728166427,-1.8377906952563,-7.37309685320432,-4.40660356000034,-5.26167811715043,3.27797091938593,-7.32355806225569,-1.481814415696,-7.15160996787765,-4.23073814459781,3
2280,"ssp585",-27.5543852301769,13.7027632118471,-36.1239672729014,-11.7505917628686,-35.456281963831,-23.2695942088146,-35.9157000007093,7.52237963915366,-41.0433254337423,-27.2800845453484,-40.2335077283897,-33.3518872841927,-32.6445172806145,9.96745322775346,-39.1626523264608,-21.1704902026761,-38.3815308195836,-29.3854497576913,3
2281,"ssp126",-5.63379712020665,6.51565925313673,-13.1574257653011,-1.86335082093121,-7.51902026984437,-1.87198279765944,-6.69662090975265,6.05484573316411,-13.6879601575407,-3.15580159959743,-8.46703056483027,-3.20095128585863,-6.2832856226152,6.23194719709857,-13.4792668159658,-2.6616970147206,-8.09407992656249,-2.68529502593992,3
2281,"ssp534-over",-2.81318569912049,1.52360795745243,-3.91799937740396,-1.07506335437857,-3.68224687149145,-2.26077885997875,-3.73592416487111,1.52083240458928,-4.99281407156877,-2.04535773792334,-4.581207378345,-3.10747921152228,-3.3786368821296,1.49443702587255,-4.40165526766954,-1.66362569042725,-4.23614247798077,-2.86712768935963,3
2281,"ssp585",-27.4386387205683,13.7689569721363,-36.463696614165,-11.5905275825694,-35.3626942895677,-22.9261097737699,-35.6063801620371,7.28595274656281,-41.1885925292349,-27.3641927791921,-39.7274738534596,-32.8152739784382,-32.4106207006061,9.83705691623771,-39.3822624366405,-21.1585364194933,-38.0366628411625,-28.9247998325889,3
2282,"ssp126",-8.25552500740769,8.34824314553718,-17.1734564360828,-0.627010761797045,-12.069782130213,-3.79655929307016,-9.40913591812765,8.98421532000195,-18.9773060160035,-1.15320472488208,-13.5371015147504,-4.62505086918973,-8.95950722614473,8.73307408861869,-18.2677358127542,-0.94619012981175,-12.9661657743112,-4.30539293283999,3
2282,"ssp534-over",-2.76992298487954,2.35671462987667,-5.17565935635027,-0.465497615012608,-3.922135669813,-1.56705479914417,-3.68464164043302,2.83304543456906,-6.92637324316885,-1.68360667119314,-4.68515912505296,-2.06377583906511,-3.33125837041683,2.61938099512347,-6.257074440798,-1.20437967372193,-4.39469771876427,-1.86835033522624,3
2282,"ssp585",-27.4640758579428,13.2915109330087,-35.6271626206964,-12.1269883422246,-35.1326196158019,-23.382532476566,-35.9437933415922,6.95577692573499,-40.1218557279978,-27.9141663312963,-39.9586068467402,-33.8547621483894,-32.6269079893288,9.46392594859858,-38.3538034817395,-21.7031937850706,-38.0887650914579,-29.7634602431234,3
2283,"ssp126",-7.21353816580292,7.82107384520419,-15.5344287857762,-0.0131453957493789,-10.8137345508297,-3.05309285581625,-8.42511449687017,8.21434733519665,-17.0761270878868,-0.731301801135383,-12.2720208447376,-4.09960820136188,-7.95358096857989,8.05818995569811,-16.4696778640963,-0.448765573265128,-11.7059886662373,-3.69553252082168,3
2283,"ssp534-over",-3.70657280163959,4.15722151986652,-7.73404732951625,0.569260273868142,-5.84448933939345,-1.69283553770125,-4.62827759202454,4.28236259238075,-8.27656349898314,0.0865636903084273,-6.98569823319102,-2.80413463854524,-4.27211968496887,4.22110593598607,-8.0631569528278,0.276465598725607,-6.54641232681611,-2.37660105103941,3
2283,"ssp585",-28.3792779402614,14.4685335437602,-37.0712187621803,-11.6770910182453,-36.7303714012695,-24.033307529302,-36.5438716421579,8.07615051584211,-41.2734593678952,-27.2186570223987,-41.2064789520375,-34.1790777792892,-33.34944708688,10.6056360892121,-39.6204475237311,-21.1043128473997,-39.4720142066201,-30.2139468684545,3
2284,"ssp126",-7.36324627278169,9.87096544553559,-18.6186012629837,-0.178746096589774,-10.9554963608777,-1.7355687776807,-8.51233590220413,10.0783498707787,-20.0074914113512,-1.19339377765796,-12.1718069644772,-2.76475814763061,-8.06415579710157,9.99440214756607,-19.4611514748963,-0.794212309280991,-11.6991275410119,-2.36565795820421,3
2284,"ssp534-over",-2.55082790598867,2.02553308768673,-4.42614488169494,-0.402725710322301,-3.62487900382185,-1.61316941813553,-3.42466184522376,1.65855754552854,-4.58865957988114,-1.52560372064275,-4.37419090751426,-2.84266297789507,-3.0858338461761,1.78822143713369,-4.52473208353854,-1.08384240651248,-4.08682956600791,-2.36638472749488,3
2284,"ssp585",-28.4306850408849,14.5122788742953,-38.37630243084,-11.777989395479,-36.7570328635878,-23.4578763459073,-36.6303022255068,7.70731903182541,-42.8812941985519,-28.018770222603,-40.9360682269587,-33.5048062389842,-33.4211845129071,10.3768185721205,-41.1590335724599,-21.6293417942694,-39.3171058722259,-29.5522599831306,3
2285,"ssp126",-7.013112958684,8.24387756313453,-16.4911160210451,-1.50787991003767,-9.76572948300717,-2.27411142750344,-8.74108644657555,8.45505672459078,-18.4910781264085,-3.4287910543628,-11.3972341426819,-3.86609060665905,-8.06598643848211,8.36677416654922,-17.7043642377394,-2.67306850601368,-10.7624454047163,-3.24679753885345,3
2285,"ssp534-over",-4.06039005071499,2.4269527592847,-6.32244288746432,-1.49673059537121,-5.34221977838688,-2.92936363234032,-5.08363400533791,2.04077045142703,-6.72417253062989,-2.79836677488027,-6.22626762056673,-4.26336474269192,-4.68614177073625,2.18677997378236,-6.56614639157411,-2.28627863717123,-5.88607333751876,-3.74613946031732,3
2285,"ssp585",-28.7442104287044,15.0132261004907,-39.0626576334988,-11.5208170079625,-37.3559071390753,-23.5849868263071,-36.92669746366,8.5752549502316,-43.2400685138181,-27.1638778990128,-41.8081072459836,-33.770011938581,-33.7251476993789,11.115561143562,-41.5968237996251,-21.0096037278781,-40.0829196851294,-29.7893096492558,3
2286,"ssp126",-7.08844264270766,7.26552274390906,-15.0347418338761,-0.785042499309598,-10.2401427144067,-3.11529304712345,-8.55511286655739,7.11859061149464,-16.2838237532076,-2.26699932536227,-11.699169637155,-4.69075742323228,-7.98430525473043,7.17409886871865,-15.7924793965379,-1.68396965611571,-11.1344730540378,-4.0802181838267,3
2286,"ssp534-over",-3.83883413067014,2.7022848876881,-5.52262702786949,-0.721860821009893,-5.39732078550027,-2.99693768207047,-4.82087992545519,2.45428775670113,-7.1215921243775,-2.23749524079742,-6.11257226778408,-3.67052382599404,-4.4404475168467,2.51515383246566,-6.5103069611174,-1.64121617319386,-5.84006318867313,-3.40551779471136,3
2286,"ssp585",-28.8197101456222,14.0145919891036,-37.0421546511829,-12.6377653218531,-36.9106825575067,-24.7084878928418,-37.202175374941,7.21390780286435,-41.4012546774945,-28.8723656214634,-41.3670802516797,-35.1026357236642,-33.9215635487103,9.9040367175814,-39.6450770750635,-22.4853687288188,-39.639660958656,-31.0598067855336,3
2287,"ssp126",-5.95122752407867,6.177093231051,-12.9467035450757,-1.24768388461778,-8.30299934380912,-2.45348951358014,-6.87118393042693,6.23250034330825,-13.8528931178254,-1.86842221448641,-9.37256478839719,-3.38032933672767,-6.51384162085144,6.20666985895351,-13.4964304024883,-1.6242120885302,-8.95865638701206,-3.02254723003304,3
2287,"ssp534-over",-5.17107728032576,3.10569107350314,-6.97263580466744,-1.5849475370136,-6.96414215198185,-4.27029801815493,-6.21580498881106,3.17309381867254,-8.72771042170134,-2.6498148907939,-7.99880003781964,-4.95985227236592,-5.8112996469022,3.13397701769856,-8.05674450996867,-2.23087605927633,-7.60151144071514,-4.68857721536897,3
2287,"ssp585",-29.067200507121,15.0879865163136,-38.6183477584664,-11.6730284349567,-37.7642865432031,-24.2916268814483,-37.1990591226449,8.34327837148931,-43.1840547050903,-27.6685826764599,-41.9642973457374,-34.2065613314222,-34.0168235807646,11.0028347212198,-41.4385826354623,-21.3756309960258,-40.3374198731341,-30.3059440534158,3
2288,"ssp126",-7.71816628415495,10.8639337002959,-20.1944674324286,-0.347987579796427,-11.4032556363342,-1.48001571001812,-9.12142717183972,11.548669898419,-22.3957614007444,-1.38162026708992,-12.9913306242146,-2.48426005738739,-8.57301078988146,11.2766718138402,-21.5298507251004,-0.97496974043434,-12.372031314605,-2.09459082227199,3
2288,"ssp534-over",-5.17710105384411,4.67461357803731,-9.3387231388323,-0.119263252942439,-7.70601995429494,-3.09629001135001,-6.75643261344888,4.42823588016022,-10.4394620165282,-1.84315232476257,-9.21307275779203,-4.91491791190924,-6.1422049756069,4.52462477567973,-10.00647053106,-1.16494196283309,-8.63083648199381,-4.21007219788037,3
2288,"ssp585",-27.8231240764204,14.0151168263886,-36.1649432906031,-11.6424668114579,-35.9134527089016,-23.652214469329,-35.9008148427563,7.95351671681689,-40.5997524444259,-26.7177220234086,-40.4923612524302,-33.5513460419215,-32.741275921842,10.3528530354827,-38.7249617725382,-20.7868332785305,-38.7184972434977,-29.7494329964939,3
2289,"ssp126",-7.14921760364192,9.35388349397439,-17.8803791443219,-0.722144765635104,-10.3627540226453,-1.78363683330192,-8.55568114202413,9.55939147475798,-19.4820411365846,-1.73494513498693,-11.9660491455427,-3.0925011447439,-8.00832901300161,9.47372540853908,-18.8520043319435,-1.33649043376003,-11.3442483026224,-2.58649135353069,3
2289,"ssp534-over",-4.28305552063161,4.02824669554752,-8.41859889112082,-0.371447559224833,-6.238859501335,-2.21528383538701,-5.16564766291001,3.88159977192594,-9.01941725518523,-1.25680380143915,-7.12006959364544,-3.2387628667724,-4.82273522883443,3.93749669900932,-8.78307670137706,-0.908488015183427,-6.77985883565993,-2.84256449256312,3
2289,"ssp585",-28.3803426554593,13.3335449764168,-36.2835966561051,-12.98592955257,-36.077549206904,-24.4287156551365,-36.4392002537615,6.4585605671652,-40.3731918241865,-28.9853303727992,-40.1661351942426,-34.472204468549,-33.2854445513227,9.17543762014693,-38.6521934401402,-22.6908653759966,-38.5827341389858,-30.602070106914,3
2290,"ssp126",-6.6697661305554,6.61331595685808,-14.2369563946196,-1.99781770403835,-9.00574034381393,-2.88617099852328,-7.95185996306942,6.9771147838177,-15.8994666266853,-2.83490662058753,-10.5103366343104,-3.97805663126148,-7.45248123289458,6.83019898680987,-15.245494290853,-2.50558010744909,-9.92593179561733,-3.55597470391536,3
2290,"ssp534-over",-4.24184886821597,2.69441465907024,-7.10844671900963,-1.76125202609177,-5.48214728927808,-2.80854994281915,-5.40113392431337,2.28062486857313,-7.65206804940744,-3.09193485471429,-6.55573345911291,-4.27566686176633,-4.95100216679511,2.43658958551114,-7.43822677228832,-2.56841921930247,-6.14229364054142,-3.7073898640485,3
2290,"ssp585",-28.4351604157196,14.5062182900245,-37.3305606673053,-11.6958265559226,-36.8048273456181,-23.9874602899267,-36.5805856700647,7.88564618049734,-42.061510102938,-27.5430593595568,-41.0993488253187,-33.840123453628,-33.3936255933326,10.4978734853729,-40.2528657463778,-21.3084601205317,-39.4362083297331,-29.9640055168101,3
2291,"ssp126",-8.41773629057758,9.63832242833239,-19.5021773890738,-2.01027971401022,-11.6214645788613,-2.87551574132948,-10.0819497928011,10.0761920011528,-21.6863028766562,-3.54909728095618,-13.3483760487236,-4.27977325087362,-9.43196214724799,9.90014238323533,-20.8271456700925,-2.94369752752544,-12.6760944571093,-3.73437038582574,3
2291,"ssp534-over",-6.65522715821001,5.99408046223996,-12.8720221008213,-0.911949031362409,-9.52686622163381,-3.54682968690439,-8.26251381265957,5.80085732184689,-14.260545142619,-2.68131674583307,-11.0531123460728,-5.26349814767984,-7.63636904196993,5.87620535487962,-13.7143496128188,-1.98521423109847,-10.4619464474057,-4.59737875654551,3
2291,"ssp585",-30.1133726010548,14.7944383579506,-39.6972331826925,-13.0744990756571,-38.6328093637537,-25.321442310236,-38.262117602196,8.11986325197245,-44.3785472238435,-29.04970538283,-42.8683237118789,-35.2039027913722,-35.07366628121,10.7463279034015,-42.5888785036405,-22.7647589622077,-41.2281199407111,-31.3160601699947,3
2292,"ssp126",-4.69579686110863,5.02930008663547,-10.4207056999059,-0.988994496827363,-6.54919804324926,-1.83334244171001,-5.46554098383004,4.62089016645161,-10.646598669202,-1.77042765997252,-7.3130976457588,-2.87501214114404,-5.1675382650513,4.77594792599117,-10.5577404174275,-1.46299716629185,-7.01980881443102,-2.47243718886321,3
2292,"ssp534-over",-3.40752337901868,4.32205619573677,-8.15038316519434,0.308945749784954,-5.2657579434205,-1.03609348593085,-4.32517280607504,3.73107995194491,-8.27174873807739,-0.85543523600759,-6.06004159110877,-2.35188484007387,-3.9695920663796,3.95767304189215,-8.22400784261875,-0.397345871264186,-5.7557151639373,-1.84238417826002,3
2292,"ssp585",-28.3713810260326,13.8116107622611,-37.4331598774701,-12.4750301101702,-36.3195564839638,-23.8404916003138,-36.8086328373558,7.06804661739011,-41.7870378014011,-28.7186361262906,-40.8536311928884,-34.3194303553332,-33.5068098879225,9.73034559154074,-40.0743772349131,-22.3280962155055,-39.096166724131,-30.2230262144272,3
2293,"ssp126",-5.02199040529816,5.56423352734235,-11.4469071953919,-1.77747070834949,-6.6442502537725,-1.80953201025131,-5.67702695745148,4.66802826627853,-11.0658519648477,-2.87815549281194,-7.07646268977124,-2.98261445375335,-5.42339560115432,5.01680857804589,-11.2157455260383,-2.4573631442876,-6.90641182958769,-2.52722063871234,3
2293,"ssp534-over",-4.41048637665265,1.50980809494899,-5.84896412823724,-2.83824878912592,-5.19660517041601,-3.69124750086035,-5.42528361862318,1.1437592138475,-6.16512708475776,-4.10791327297865,-6.08396879144544,-5.05536188555589,-5.03205324139713,1.24878041490283,-5.94229281352608,-3.60840340125959,-5.7438781614659,-4.57693345533265,3
2293,"ssp585",-27.7520604868608,13.2792565482102,-35.6687499446202,-12.4212412913035,-35.4174700846395,-23.7937157579811,-36.2096175943798,6.56993905556729,-40.4421726904627,-28.6409820965303,-39.9939353433046,-34.0933400463383,-32.9000258447857,9.22323416877698,-38.6172907659766,-22.2598312082654,-38.2201231630459,-30.0413933841903,3
2294,"ssp126",-5.68855848509886,4.51493344697307,-10.7678321174273,-2.13139596579679,-7.46713974474989,-3.14892166893465,-6.58360765014349,4.50716478529271,-11.6458312201447,-3.00609546506834,-8.37236374268107,-4.05249586514291,-6.23495015222995,4.50850206234519,-11.3004576320679,-2.66197224178336,-8.02143910745324,-3.70219641231095,3
2294,"ssp534-over",-2.77887595606134,2.26265045717612,-4.81296530004403,-0.34181455991449,-3.99740665413477,-1.76183128407,-3.40116035087446,1.87365934071185,-4.79202848036249,-1.27055601406598,-4.4664625192787,-2.70572628613045,-3.15989592113556,2.01891344087093,-4.80026427982282,-0.905171669994504,-4.28725804670608,-2.33971174179192,3
2294,"ssp585",-28.9447156905235,14.0524286009059,-37.878042512355,-12.7470035837614,-37.0435717439046,-24.4780522796078,-37.0403728730747,7.33993443563882,-41.8811760924154,-28.5950558562644,-41.2630313814798,-34.6199712634043,-33.8719012157217,9.99255821736736,-40.3064858634428,-22.3601342227842,-39.6277847121905,-30.6546088918611,3
2295,"ssp126",-5.85797375213526,7.25782022502162,-13.7165745648028,0.592784440696043,-9.08335284855091,-1.9286733458015,-6.77345043297051,7.31254693057735,-14.6137292871184,-0.138377631244955,-10.0909868338333,-2.85331100589656,-6.4174448038362,7.28938287922647,-14.260820560279,0.14927527029392,-9.70080484090126,-2.49575692561479,3
2295,"ssp534-over",-2.66848728118259,2.69298947417533,-4.85069015693605,0.341125367192823,-4.1732936053703,-1.57738584330586,-3.58806271573929,2.34415427206578,-4.96912927572009,-0.881456366904081,-4.9413658901569,-2.89752943574889,-3.23154075744959,2.46720537666567,-4.92253954311503,-0.400469733875099,-4.64707626923683,-2.38604136461687,3
2295,"ssp585",-27.9295278669456,13.5765843797418,-36.8252784409858,-12.3025265088233,-35.7430285460068,-23.4816525799255,-36.203627904404,6.65221802488417,-41.5164392687899,-28.7427939309955,-39.9340448911083,-33.5472222222111,-32.9658942569094,9.36567738053457,-39.7230061170806,-22.2748837267522,-38.3113995219879,-29.5873383268238,3
2296,"ssp126",-5.57900338261998,6.42182954091926,-12.9509872069567,-1.19998511964567,-7.76851251410713,-1.89301147045161,-6.85370944645156,6.25400772644398,-14.02710912091,-2.54633945215999,-9.00739444359735,-3.26700960922232,-6.35743025617595,6.31643474475498,-13.6038010725536,-2.01665835256594,-8.52781620798096,-2.73424484798714,3
2296,"ssp534-over",-3.84903324753924,2.80614548377869,-6.82698434691831,-1.25402518774352,-5.1465372774371,-2.3600576978497,-4.86110235687727,1.81305789838419,-6.63505138112532,-3.01131551235385,-5.78599577913898,-3.97412784475324,-4.46838297936107,2.19679407164923,-6.71055097658158,-2.31996446978891,-5.54259223414714,-3.34729898075081,3
2296,"ssp585",-27.9019581809222,13.9069434197956,-36.5188634592609,-11.8583113444035,-35.9237815991815,-23.5935055417528,-36.387542357187,6.8812260289107,-41.1994027034713,-28.5056856262055,-40.3284707226778,-33.9816121840449,-33.0665754514354,9.65402390633272,-39.4100301885297,-21.9562956907408,-38.6217153317827,-29.8948480828883,3
2297,"ssp126",-8.39018367625172,9.92386582821188,-19.6302744097577,-0.839236136092105,-12.1656574463315,-2.77013830949874,-9.71320682622116,9.54895533852043,-20.5269132147638,-2.44078035173489,-13.3494200634643,-4.30635363194985,-9.19817215839631,9.69344777403784,-20.1742074314261,-1.81070275573833,-12.8919068597253,-3.71015452188143,3
2297,"ssp534-over",-2.45398572519502,2.41461738715876,-4.13335190146918,0.313176042683841,-3.83756660913446,-1.61430263705795,-3.30174981595421,1.8713819694997,-4.61243921300889,-1.15857432929775,-4.37333755928244,-2.64640511742686,-2.97219146658444,2.0723687464925,-4.20312615901587,-0.579560070916501,-4.16850716441841,-2.35672412036873,3
2297,"ssp585",-27.1238638690181,12.4708876563514,-35.5410041507203,-12.7966549340431,-34.2874683365055,-22.915293728167,-35.417148528484,5.58545270363873,-39.925839692583,-29.1689251447652,-38.5412602203434,-33.1628029464345,-32.1707398499571,8.28972515558355,-38.249514852266,-22.7277663215369,-36.8922266141672,-29.1313523488027,3
2298,"ssp126",-9.09937369978206,8.81198601286301,-19.0865759959002,-2.41967047497827,-12.4392253121839,-4.10577255172299,-10.5778939653254,9.24437866001038,-21.0331297360362,-3.48625608442487,-14.1237129057756,-5.35027607996997,-10.0015232313806,9.07130129726563,-20.2674247967781,-3.06664125883299,-13.4689642176544,-4.86857244868185,3
2298,"ssp534-over",-3.09287589847652,2.33836006590373,-5.08088660709195,-0.516534339490389,-4.38104667796958,-2.0988705441688,-4.19584423404782,2.33625662465381,-5.70692524108699,-1.50495604629604,-5.54128832792371,-3.44030373052823,-3.76820688801599,2.32584014226549,-5.4606639309919,-1.11609236911998,-5.094264147464,-2.92197836652804,3
2298,"ssp585",-28.1845294408696,13.3901730474783,-35.9361188606008,-12.7229080301445,-35.9153401462321,-24.308734731004,-36.2165338169556,6.84509305265842,-40.4896433217634,-28.3214462419055,-40.1640776044807,-34.0799790645518,-33.0735396481747,9.43284757477124,-38.7488286224747,-22.1846881296219,-38.5179654074511,-30.2358951610247,3
2299,"ssp126",-8.14824251698185,6.52509740971883,-15.2319859935813,-2.3832356108121,-11.0307459700667,-4.60637077868213,-9.35391568421177,6.26859397516061,-16.089789335534,-3.69114225423933,-12.185302399198,-5.98597885855066,-8.88497544710461,6.36749323063016,-15.7523600407233,-3.1765871981694,-11.7391695715722,-5.4512831502953,3
2299,"ssp534-over",-6.15780069882745,6.32911875415737,-12.7399614075374,-0.11642681327206,-9.17848764160514,-2.86672034447248,-7.23083197207803,6.58427304216895,-14.0680008437374,-0.932578656126561,-10.3799586300538,-3.81224753624834,-6.81268907498674,6.48342689672952,-13.5455974110139,-0.611489181298963,-9.91328902183063,-3.44623490697318,3
2299,"ssp585",-28.0608913554751,13.9031413985088,-36.2874194953865,-12.0085939570056,-36.0870400547098,-23.9476272855194,-36.4591769122735,7.29863089352379,-40.9010648335907,-28.0356337633115,-40.6709484867545,-34.2382329516149,-33.1737927057633,9.91075493304519,-38.9840555700999,-21.7302950699022,-38.8955415236938,-30.268661273595,3
2300,"ssp126",-2.36734552392805,1.95511173641489,-3.74981829072442,-0.984872757131676,-3.05858190732623,-1.67610914052986,-3.58987548958874,2.43404907667755,-5.31100809744829,-1.86874288172919,-4.45044179351852,-2.72930918565897,-3.11758810430535,2.2578999165448,-4.71416444653472,-1.52101176207599,-3.91587627542004,-2.31929993319067,2
2300,"ssp534-over",-2.47914080415687,1.21449425192695,-3.3379179254065,-1.62036368290724,-2.90852936478168,-2.04975224353205,-3.83432628877186,1.47480855504585,-4.87717341899672,-2.79147915854701,-4.35574985388429,-3.31290272365944,-3.30972779299164,1.3844973632245,-4.28871526706258,-2.33074031892071,-3.79922153002711,-2.82023405595617,2
2300,"ssp585",-25.0237470369049,17.9191901651127,-37.6945279160274,-12.3529661577824,-31.3591374764662,-18.6883565973437,-35.1527063349065,10.1548405449588,-42.333262946115,-27.972149723698,-38.7429846405107,-31.5624280293023,-31.1935707721906,13.2459505131885,-40.5598722033277,-21.8272693410536,-35.8767214877591,-26.5104200566221,2
